{
    "Actor": {
        "precision": 0.8193333333333334,
        "recall": 0.822623828647925,
        "f1": 0.8209752839011357,
        "number": 1494
    },
    "InstrumentType": {
        "precision": 0.4521880064829822,
        "recall": 0.31885714285714284,
        "f1": 0.3739946380697051,
        "number": 875
    },
    "Objective": {
        "precision": 0.09090909090909091,
        "recall": 0.13777777777777778,
        "f1": 0.10954063604240283,
        "number": 225
    },
    "Resource": {
        "precision": 0.15625,
        "recall": 0.18867924528301888,
        "f1": 0.17094017094017094,
        "number": 106
    },
    "Time": {
        "precision": 0.38934426229508196,
        "recall": 0.5654761904761905,
        "f1": 0.4611650485436893,
        "number": 168
    },
    "overall_precision": 0.5844522968197879,
    "overall_recall": 0.5767085076708508,
    "overall_f1": 0.5805545805545805,
    "overall_accuracy": 0.9016742640480552
}