{
    "Actor": {
        "precision": 0.7284417549167927,
        "recall": 0.7991701244813278,
        "f1": 0.7621685793430946,
        "number": 1205
    },
    "InstrumentType": {
        "precision": 0.3341404358353511,
        "recall": 0.46621621621621623,
        "f1": 0.38928067700987307,
        "number": 592
    },
    "Objective": {
        "precision": 0.1393643031784841,
        "recall": 0.20284697508896798,
        "f1": 0.16521739130434782,
        "number": 281
    },
    "Resource": {
        "precision": 0.2777777777777778,
        "recall": 0.046296296296296294,
        "f1": 0.07936507936507937,
        "number": 108
    },
    "Time": {
        "precision": 0.5140845070422535,
        "recall": 0.6576576576576577,
        "f1": 0.5770750988142292,
        "number": 222
    },
    "overall_precision": 0.5061210213361315,
    "overall_recall": 0.6009136212624585,
    "overall_f1": 0.5494588950066451,
    "overall_accuracy": 0.8933417789363413
}