{
    "Actor": {
        "precision": 0.7742435996896819,
        "recall": 0.8282157676348548,
        "f1": 0.8003207698476345,
        "number": 1205
    },
    "InstrumentType": {
        "precision": 0.41035120147874304,
        "recall": 0.375,
        "f1": 0.3918799646954987,
        "number": 592
    },
    "Objective": {
        "precision": 0.1404109589041096,
        "recall": 0.14590747330960854,
        "f1": 0.14310645724258292,
        "number": 281
    },
    "Resource": {
        "precision": 0.125,
        "recall": 0.018518518518518517,
        "f1": 0.03225806451612903,
        "number": 108
    },
    "Time": {
        "precision": 0.508833922261484,
        "recall": 0.6486486486486487,
        "f1": 0.5702970297029702,
        "number": 222
    },
    "overall_precision": 0.5811648079306072,
    "overall_recall": 0.5843023255813954,
    "overall_f1": 0.5827293435493891,
    "overall_accuracy": 0.8938290252637221
}