{
    "Actor": {
        "precision": 0.7782839787395596,
        "recall": 0.8723404255319149,
        "f1": 0.8226324237560192,
        "number": 1175
    },
    "InstrumentType": {
        "precision": 0.46570972886762363,
        "recall": 0.4965986394557823,
        "f1": 0.4806584362139918,
        "number": 588
    },
    "Objective": {
        "precision": 0.13432835820895522,
        "recall": 0.2076923076923077,
        "f1": 0.16314199395770396,
        "number": 260
    },
    "Resource": {
        "precision": 0.0,
        "recall": 0.0,
        "f1": 0.0,
        "number": 110
    },
    "Time": {
        "precision": 0.4090909090909091,
        "recall": 0.5346534653465347,
        "f1": 0.463519313304721,
        "number": 202
    },
    "overall_precision": 0.5634285714285714,
    "overall_recall": 0.6334047109207709,
    "overall_f1": 0.5963709677419354,
    "overall_accuracy": 0.8930239604110385
}