{
    "Actor": {
        "precision": 0.8186813186813187,
        "recall": 0.8957915831663327,
        "f1": 0.8555023923444975,
        "number": 998
    },
    "InstrumentType": {
        "precision": 0.4940652818991098,
        "recall": 0.5178849144634525,
        "f1": 0.5056947608200456,
        "number": 643
    },
    "Objective": {
        "precision": 0.20388349514563106,
        "recall": 0.2727272727272727,
        "f1": 0.2333333333333333,
        "number": 231
    },
    "Resource": {
        "precision": 0.2,
        "recall": 0.10975609756097561,
        "f1": 0.14173228346456695,
        "number": 82
    },
    "Time": {
        "precision": 0.46153846153846156,
        "recall": 0.5421686746987951,
        "f1": 0.4986149584487534,
        "number": 166
    },
    "overall_precision": 0.6,
    "overall_recall": 0.655188679245283,
    "overall_f1": 0.6263810597519729,
    "overall_accuracy": 0.9020123251263179
}