{
    "Actor": {
        "precision": 0.7908961593172119,
        "recall": 0.880443388756928,
        "f1": 0.8332708879730236,
        "number": 1263
    },
    "InstrumentType": {
        "precision": 0.4946107784431138,
        "recall": 0.5720221606648199,
        "f1": 0.5305073859987155,
        "number": 722
    },
    "Objective": {
        "precision": 0.1939655172413793,
        "recall": 0.23316062176165803,
        "f1": 0.21176470588235294,
        "number": 193
    },
    "Resource": {
        "precision": 0.6666666666666666,
        "recall": 0.027777777777777776,
        "f1": 0.05333333333333333,
        "number": 72
    },
    "Time": {
        "precision": 0.49489795918367346,
        "recall": 0.5574712643678161,
        "f1": 0.5243243243243243,
        "number": 174
    },
    "overall_precision": 0.624625748502994,
    "overall_recall": 0.6885313531353136,
    "overall_f1": 0.6550235478806907,
    "overall_accuracy": 0.9094383692536363
}