{
    "Actor": {
        "precision": 0.752549286199864,
        "recall": 0.889871382636656,
        "f1": 0.8154696132596686,
        "number": 1244
    },
    "InstrumentType": {
        "precision": 0.49658002735978113,
        "recall": 0.515625,
        "f1": 0.5059233449477352,
        "number": 704
    },
    "Objective": {
        "precision": 0.16113744075829384,
        "recall": 0.18888888888888888,
        "f1": 0.17391304347826086,
        "number": 180
    },
    "Resource": {
        "precision": 0.0,
        "recall": 0.0,
        "f1": 0.0,
        "number": 75
    },
    "Time": {
        "precision": 0.42016806722689076,
        "recall": 0.5681818181818182,
        "f1": 0.48309178743961356,
        "number": 176
    },
    "overall_precision": 0.6050546963410034,
    "overall_recall": 0.6742328709541824,
    "overall_f1": 0.6377733598409543,
    "overall_accuracy": 0.9067085667440907
}