{
    "Actor": {
        "precision": 0.7995154451847365,
        "recall": 0.8973487423521413,
        "f1": 0.8456117873158232,
        "number": 1471
    },
    "InstrumentType": {
        "precision": 0.5014164305949008,
        "recall": 0.399098083427283,
        "f1": 0.4444444444444445,
        "number": 887
    },
    "Objective": {
        "precision": 0.18699186991869918,
        "recall": 0.2081447963800905,
        "f1": 0.19700214132762311,
        "number": 221
    },
    "Resource": {
        "precision": 0.15492957746478872,
        "recall": 0.10091743119266056,
        "f1": 0.12222222222222223,
        "number": 109
    },
    "Time": {
        "precision": 0.31666666666666665,
        "recall": 0.4634146341463415,
        "f1": 0.3762376237623763,
        "number": 164
    },
    "overall_precision": 0.6201098146877145,
    "overall_recall": 0.6335904628330996,
    "overall_f1": 0.6267776621574749,
    "overall_accuracy": 0.9074936541220616
}