{
    "Actor": {
        "precision": 0.8369845360824743,
        "recall": 0.8806779661016949,
        "f1": 0.8582755203171456,
        "number": 1475
    },
    "InstrumentType": {
        "precision": 0.461038961038961,
        "recall": 0.48354143019296253,
        "f1": 0.47202216066481995,
        "number": 881
    },
    "Objective": {
        "precision": 0.14553990610328638,
        "recall": 0.13716814159292035,
        "f1": 0.14123006833712984,
        "number": 226
    },
    "Resource": {
        "precision": 0.0,
        "recall": 0.0,
        "f1": 0.0,
        "number": 110
    },
    "Time": {
        "precision": 0.3611111111111111,
        "recall": 0.4727272727272727,
        "f1": 0.4094488188976378,
        "number": 165
    },
    "overall_precision": 0.6313253012048192,
    "overall_recall": 0.6419320966048302,
    "overall_f1": 0.6365845192641444,
    "overall_accuracy": 0.9065701165665843
}