{
    "Actor": {
        "precision": 0.7893939393939394,
        "recall": 0.8513071895424836,
        "f1": 0.8191823899371069,
        "number": 1224
    },
    "InstrumentType": {
        "precision": 0.41854636591478694,
        "recall": 0.526813880126183,
        "f1": 0.46648044692737434,
        "number": 634
    },
    "Objective": {
        "precision": 0.25,
        "recall": 0.35428571428571426,
        "f1": 0.29314420803782504,
        "number": 175
    },
    "Resource": {
        "precision": 0.391304347826087,
        "recall": 0.11688311688311688,
        "f1": 0.18,
        "number": 154
    },
    "Time": {
        "precision": 0.3936651583710407,
        "recall": 0.5878378378378378,
        "f1": 0.47154471544715443,
        "number": 148
    },
    "overall_precision": 0.5860235472844664,
    "overall_recall": 0.660813704496788,
    "overall_f1": 0.6211755233494364,
    "overall_accuracy": 0.9086792452830189
}