{
    "Actor": {
        "precision": 0.7724189902034665,
        "recall": 0.8686440677966102,
        "f1": 0.817710410849621,
        "number": 1180
    },
    "InstrumentType": {
        "precision": 0.44552845528455287,
        "recall": 0.45896147403685095,
        "f1": 0.4521452145214522,
        "number": 597
    },
    "Objective": {
        "precision": 0.1586021505376344,
        "recall": 0.2209737827715356,
        "f1": 0.18466353677621283,
        "number": 267
    },
    "Resource": {
        "precision": 0.0,
        "recall": 0.0,
        "f1": 0.0,
        "number": 110
    },
    "Time": {
        "precision": 0.37438423645320196,
        "recall": 0.36363636363636365,
        "f1": 0.36893203883495146,
        "number": 209
    },
    "overall_precision": 0.5697258641239571,
    "overall_recall": 0.6068556919170546,
    "overall_f1": 0.587704918032787,
    "overall_accuracy": 0.8900012672665062
}