{
    "Actor": {
        "precision": 0.8128031037827352,
        "recall": 0.854230377166157,
        "f1": 0.8330019880715707,
        "number": 981
    },
    "InstrumentType": {
        "precision": 0.5216178521617852,
        "recall": 0.5816485225505443,
        "f1": 0.5499999999999999,
        "number": 643
    },
    "Objective": {
        "precision": 0.16507936507936508,
        "recall": 0.22413793103448276,
        "f1": 0.19012797074954296,
        "number": 232
    },
    "Resource": {
        "precision": 0.1744186046511628,
        "recall": 0.18292682926829268,
        "f1": 0.17857142857142858,
        "number": 82
    },
    "Time": {
        "precision": 0.5508982035928144,
        "recall": 0.5575757575757576,
        "f1": 0.5542168674698796,
        "number": 165
    },
    "overall_precision": 0.5919689119170984,
    "overall_recall": 0.651925820256776,
    "overall_f1": 0.6205023761031908,
    "overall_accuracy": 0.9056690120702477
}