{
    "Actor": {
        "precision": 0.8110831234256927,
        "recall": 0.8732203389830508,
        "f1": 0.841005550114267,
        "number": 1475
    },
    "InstrumentType": {
        "precision": 0.4402390438247012,
        "recall": 0.5017026106696936,
        "f1": 0.4689655172413793,
        "number": 881
    },
    "Objective": {
        "precision": 0.11904761904761904,
        "recall": 0.17699115044247787,
        "f1": 0.1423487544483986,
        "number": 226
    },
    "Resource": {
        "precision": 0.0,
        "recall": 0.0,
        "f1": 0.0,
        "number": 110
    },
    "Time": {
        "precision": 0.3108108108108108,
        "recall": 0.41818181818181815,
        "f1": 0.3565891472868217,
        "number": 165
    },
    "overall_precision": 0.5838095238095238,
    "overall_recall": 0.6436821841092054,
    "overall_f1": 0.6122856667221576,
    "overall_accuracy": 0.8949576121511833
}