{
    "Actor": {
        "precision": 0.8291614518147684,
        "recall": 0.9007477906186268,
        "f1": 0.8634734441186053,
        "number": 1471
    },
    "InstrumentType": {
        "precision": 0.5311143270622286,
        "recall": 0.4137542277339346,
        "f1": 0.4651457541191381,
        "number": 887
    },
    "Objective": {
        "precision": 0.21052631578947367,
        "recall": 0.19909502262443438,
        "f1": 0.2046511627906977,
        "number": 221
    },
    "Resource": {
        "precision": 0.15384615384615385,
        "recall": 0.01834862385321101,
        "f1": 0.03278688524590164,
        "number": 109
    },
    "Time": {
        "precision": 0.34782608695652173,
        "recall": 0.5365853658536586,
        "f1": 0.42206235011990406,
        "number": 164
    },
    "overall_precision": 0.6606367583212736,
    "overall_recall": 0.6402524544179523,
    "overall_f1": 0.6502849002849002,
    "overall_accuracy": 0.9105396755325019
}