{
    "Actor": {
        "precision": 0.7593390804597702,
        "recall": 0.8462770216172938,
        "f1": 0.8004543733434305,
        "number": 1249
    },
    "InstrumentType": {
        "precision": 0.49375,
        "recall": 0.33146853146853145,
        "f1": 0.396652719665272,
        "number": 715
    },
    "Objective": {
        "precision": 0.14915254237288136,
        "recall": 0.23036649214659685,
        "f1": 0.18106995884773663,
        "number": 191
    },
    "Resource": {
        "precision": 0.1951219512195122,
        "recall": 0.11267605633802817,
        "f1": 0.14285714285714285,
        "number": 71
    },
    "Time": {
        "precision": 0.5346534653465347,
        "recall": 0.6171428571428571,
        "f1": 0.5729442970822282,
        "number": 175
    },
    "overall_precision": 0.6033195020746888,
    "overall_recall": 0.6055810079133694,
    "overall_f1": 0.6044481396799002,
    "overall_accuracy": 0.9086906684728807
}