{
    "Actor": {
        "precision": 0.7998808814770697,
        "recall": 0.8905835543766578,
        "f1": 0.8427988704110448,
        "number": 1508
    },
    "InstrumentType": {
        "precision": 0.4963805584281282,
        "recall": 0.5460750853242321,
        "f1": 0.5200433369447454,
        "number": 879
    },
    "Objective": {
        "precision": 0.16905444126074498,
        "recall": 0.2669683257918552,
        "f1": 0.20701754385964913,
        "number": 221
    },
    "Resource": {
        "precision": 0.15492957746478872,
        "recall": 0.102803738317757,
        "f1": 0.12359550561797752,
        "number": 107
    },
    "Time": {
        "precision": 0.3236363636363636,
        "recall": 0.5329341317365269,
        "f1": 0.4027149321266968,
        "number": 167
    },
    "overall_precision": 0.593235558216103,
    "overall_recall": 0.6877168632893824,
    "overall_f1": 0.6369918045958541,
    "overall_accuracy": 0.9063366898931872
}