{
    "Actor": {
        "precision": 0.7976653696498055,
        "recall": 0.8686440677966102,
        "f1": 0.8316430020283977,
        "number": 1180
    },
    "InstrumentType": {
        "precision": 0.39438339438339437,
        "recall": 0.541038525963149,
        "f1": 0.45621468926553665,
        "number": 597
    },
    "Objective": {
        "precision": 0.16546762589928057,
        "recall": 0.17228464419475656,
        "f1": 0.16880733944954127,
        "number": 267
    },
    "Resource": {
        "precision": 0.0,
        "recall": 0.0,
        "f1": 0.0,
        "number": 110
    },
    "Time": {
        "precision": 0.37566137566137564,
        "recall": 0.3397129186602871,
        "f1": 0.35678391959798994,
        "number": 209
    },
    "overall_precision": 0.5698171917541812,
    "overall_recall": 0.6199746085484553,
    "overall_f1": 0.5938386704499391,
    "overall_accuracy": 0.8959067291851477
}