{
    "Actor": {
        "precision": 0.7765440666204025,
        "recall": 0.8859857482185273,
        "f1": 0.8276627218934911,
        "number": 1263
    },
    "InstrumentType": {
        "precision": 0.5282199710564399,
        "recall": 0.5055401662049861,
        "f1": 0.5166312809624911,
        "number": 722
    },
    "Objective": {
        "precision": 0.20152091254752852,
        "recall": 0.27461139896373055,
        "f1": 0.2324561403508772,
        "number": 193
    },
    "Resource": {
        "precision": 0.12222222222222222,
        "recall": 0.1527777777777778,
        "f1": 0.13580246913580246,
        "number": 72
    },
    "Time": {
        "precision": 0.5,
        "recall": 0.6494252873563219,
        "f1": 0.5650000000000001,
        "number": 174
    },
    "overall_precision": 0.6126890446329768,
    "overall_recall": 0.6852310231023102,
    "overall_f1": 0.6469328140214216,
    "overall_accuracy": 0.910845100329122
}