{
    "Actor": {
        "precision": 0.7569692637598284,
        "recall": 0.8802992518703242,
        "f1": 0.8139892390468871,
        "number": 1203
    },
    "InstrumentType": {
        "precision": 0.3627684964200477,
        "recall": 0.5109243697478991,
        "f1": 0.424284717376134,
        "number": 595
    },
    "Objective": {
        "precision": 0.11549295774647887,
        "recall": 0.14855072463768115,
        "f1": 0.1299524564183835,
        "number": 276
    },
    "Resource": {
        "precision": 0.0,
        "recall": 0.0,
        "f1": 0.0,
        "number": 109
    },
    "Time": {
        "precision": 0.48056537102473496,
        "recall": 0.6017699115044248,
        "f1": 0.5343811394891945,
        "number": 226
    },
    "overall_precision": 0.5343511450381679,
    "overall_recall": 0.639269406392694,
    "overall_f1": 0.582120582120582,
    "overall_accuracy": 0.891519768947316
}