{
    "Actor": {
        "precision": 0.7794004611837049,
        "recall": 0.8629787234042553,
        "f1": 0.8190630048465267,
        "number": 1175
    },
    "InstrumentType": {
        "precision": 0.4322033898305085,
        "recall": 0.4336734693877551,
        "f1": 0.43293718166383705,
        "number": 588
    },
    "Objective": {
        "precision": 0.11016949152542373,
        "recall": 0.1,
        "f1": 0.10483870967741934,
        "number": 260
    },
    "Resource": {
        "precision": 0.0,
        "recall": 0.0,
        "f1": 0.0,
        "number": 110
    },
    "Time": {
        "precision": 0.388646288209607,
        "recall": 0.4405940594059406,
        "f1": 0.41299303944315546,
        "number": 202
    },
    "overall_precision": 0.5874363327674024,
    "overall_recall": 0.5927194860813705,
    "overall_f1": 0.5900660839906204,
    "overall_accuracy": 0.8957507511298508
}