{
    "Actor": {
        "precision": 0.7978260869565217,
        "recall": 0.885048231511254,
        "f1": 0.8391768292682926,
        "number": 1244
    },
    "InstrumentType": {
        "precision": 0.5084967320261438,
        "recall": 0.5525568181818182,
        "f1": 0.5296119809394145,
        "number": 704
    },
    "Objective": {
        "precision": 0.22695035460992907,
        "recall": 0.35555555555555557,
        "f1": 0.2770562770562771,
        "number": 180
    },
    "Resource": {
        "precision": 0.0,
        "recall": 0.0,
        "f1": 0.0,
        "number": 75
    },
    "Time": {
        "precision": 0.4577114427860697,
        "recall": 0.5227272727272727,
        "f1": 0.4880636604774536,
        "number": 176
    },
    "overall_precision": 0.6258555133079848,
    "overall_recall": 0.6918873476250526,
    "overall_f1": 0.6572170093831105,
    "overall_accuracy": 0.9066812406066402
}