{
    "Actor": {
        "precision": 0.782608695652174,
        "recall": 0.8502802241793435,
        "f1": 0.8150422102839601,
        "number": 1249
    },
    "InstrumentType": {
        "precision": 0.5217391304347826,
        "recall": 0.386013986013986,
        "f1": 0.44372990353697744,
        "number": 715
    },
    "Objective": {
        "precision": 0.20238095238095238,
        "recall": 0.17801047120418848,
        "f1": 0.1894150417827298,
        "number": 191
    },
    "Resource": {
        "precision": 0.1348314606741573,
        "recall": 0.16901408450704225,
        "f1": 0.15,
        "number": 71
    },
    "Time": {
        "precision": 0.4689265536723164,
        "recall": 0.4742857142857143,
        "f1": 0.4715909090909091,
        "number": 175
    },
    "overall_precision": 0.6323275862068966,
    "overall_recall": 0.6109954185755935,
    "overall_f1": 0.6214785003177292,
    "overall_accuracy": 0.9102537383421039
}