{
    "Actor": {
        "precision": 0.7968526466380543,
        "recall": 0.8954983922829582,
        "f1": 0.8433005299015897,
        "number": 1244
    },
    "InstrumentType": {
        "precision": 0.4870801033591731,
        "recall": 0.5355113636363636,
        "f1": 0.510148849797023,
        "number": 704
    },
    "Objective": {
        "precision": 0.1942675159235669,
        "recall": 0.3388888888888889,
        "f1": 0.24696356275303646,
        "number": 180
    },
    "Resource": {
        "precision": 0.0,
        "recall": 0.0,
        "f1": 0.0,
        "number": 75
    },
    "Time": {
        "precision": 0.46017699115044247,
        "recall": 0.5909090909090909,
        "f1": 0.5174129353233832,
        "number": 176
    },
    "overall_precision": 0.6101694915254238,
    "overall_recall": 0.6960907944514502,
    "overall_f1": 0.6503043392892205,
    "overall_accuracy": 0.9066812406066402
}