{
    "Actor": {
        "precision": 0.7867479055597868,
        "recall": 0.8425774877650897,
        "f1": 0.8137061835368257,
        "number": 1226
    },
    "InstrumentType": {
        "precision": 0.47730398899587345,
        "recall": 0.5447409733124019,
        "f1": 0.5087976539589442,
        "number": 637
    },
    "Objective": {
        "precision": 0.25196850393700787,
        "recall": 0.367816091954023,
        "f1": 0.29906542056074764,
        "number": 174
    },
    "Resource": {
        "precision": 0.4716981132075472,
        "recall": 0.16556291390728478,
        "f1": 0.2450980392156863,
        "number": 151
    },
    "Time": {
        "precision": 0.5125,
        "recall": 0.5540540540540541,
        "f1": 0.5324675324675324,
        "number": 148
    },
    "overall_precision": 0.618667730355006,
    "overall_recall": 0.6639554794520548,
    "overall_f1": 0.6405120792896966,
    "overall_accuracy": 0.914656592075947
}