{
    "Actor": {
        "precision": 0.8159076330981399,
        "recall": 0.8623728813559322,
        "f1": 0.8384970336189849,
        "number": 1475
    },
    "InstrumentType": {
        "precision": 0.49251497005988026,
        "recall": 0.37343927355278095,
        "f1": 0.42479018721755973,
        "number": 881
    },
    "Objective": {
        "precision": 0.1446280991735537,
        "recall": 0.15486725663716813,
        "f1": 0.14957264957264957,
        "number": 226
    },
    "Resource": {
        "precision": 0.0,
        "recall": 0.0,
        "f1": 0.0,
        "number": 110
    },
    "Time": {
        "precision": 0.29,
        "recall": 0.3515151515151515,
        "f1": 0.31780821917808216,
        "number": 165
    },
    "overall_precision": 0.6346946421880855,
    "overall_recall": 0.5929296464823242,
    "overall_f1": 0.6131017010495838,
    "overall_accuracy": 0.9021547156481808
}