{
    "Actor": {
        "precision": 0.790007806401249,
        "recall": 0.8412302576891105,
        "f1": 0.8148148148148149,
        "number": 1203
    },
    "InstrumentType": {
        "precision": 0.4268707482993197,
        "recall": 0.4218487394957983,
        "f1": 0.42434488588334734,
        "number": 595
    },
    "Objective": {
        "precision": 0.2262295081967213,
        "recall": 0.25,
        "f1": 0.23752151462994836,
        "number": 276
    },
    "Resource": {
        "precision": 0.14285714285714285,
        "recall": 0.009174311926605505,
        "f1": 0.017241379310344827,
        "number": 109
    },
    "Time": {
        "precision": 0.46534653465346537,
        "recall": 0.6238938053097345,
        "f1": 0.5330812854442344,
        "number": 226
    },
    "overall_precision": 0.5933977455716586,
    "overall_recall": 0.6118721461187214,
    "overall_f1": 0.6024933578581646,
    "overall_accuracy": 0.8975948610696146
}