{
    "Actor": {
        "precision": 0.7641311933007676,
        "recall": 0.8649289099526066,
        "f1": 0.8114116339384957,
        "number": 1266
    },
    "InstrumentType": {
        "precision": 0.4110738255033557,
        "recall": 0.34458509142053445,
        "f1": 0.3749043611323642,
        "number": 711
    },
    "Objective": {
        "precision": 0.20454545454545456,
        "recall": 0.38095238095238093,
        "f1": 0.266173752310536,
        "number": 189
    },
    "Resource": {
        "precision": 0.32142857142857145,
        "recall": 0.19148936170212766,
        "f1": 0.24,
        "number": 141
    },
    "Time": {
        "precision": 0.4192139737991266,
        "recall": 0.6114649681528662,
        "f1": 0.4974093264248704,
        "number": 157
    },
    "overall_precision": 0.5697847067557535,
    "overall_recall": 0.6229707792207793,
    "overall_f1": 0.5951919348584723,
    "overall_accuracy": 0.899612799011806
}