{
    "Actor": {
        "precision": 0.8145695364238411,
        "recall": 0.8785714285714286,
        "f1": 0.8453608247422681,
        "number": 980
    },
    "InstrumentType": {
        "precision": 0.42083333333333334,
        "recall": 0.5109612141652614,
        "f1": 0.46153846153846156,
        "number": 593
    },
    "Objective": {
        "precision": 0.09433962264150944,
        "recall": 0.13100436681222707,
        "f1": 0.1096892138939671,
        "number": 229
    },
    "Resource": {
        "precision": 0.0,
        "recall": 0.0,
        "f1": 0.0,
        "number": 79
    },
    "Time": {
        "precision": 0.35,
        "recall": 0.33532934131736525,
        "f1": 0.3425076452599388,
        "number": 167
    },
    "overall_precision": 0.5543237250554324,
    "overall_recall": 0.6103515625,
    "overall_f1": 0.5809900069718801,
    "overall_accuracy": 0.889144668002033
}