{
    "Actor": {
        "precision": 0.8162631905648665,
        "recall": 0.8720159151193634,
        "f1": 0.8432189804424495,
        "number": 1508
    },
    "InstrumentType": {
        "precision": 0.47821681864235055,
        "recall": 0.5369738339021616,
        "f1": 0.5058949624866024,
        "number": 879
    },
    "Objective": {
        "precision": 0.12779552715654952,
        "recall": 0.18099547511312217,
        "f1": 0.14981273408239698,
        "number": 221
    },
    "Resource": {
        "precision": 0.0,
        "recall": 0.0,
        "f1": 0.0,
        "number": 107
    },
    "Time": {
        "precision": 0.3901345291479821,
        "recall": 0.5209580838323353,
        "f1": 0.4461538461538462,
        "number": 167
    },
    "overall_precision": 0.6107211231652839,
    "overall_recall": 0.6641221374045801,
    "overall_f1": 0.6363031914893617,
    "overall_accuracy": 0.9003953605207401
}