{
    "Actor": {
        "precision": 0.7978339350180506,
        "recall": 0.8854166666666666,
        "f1": 0.8393467527535131,
        "number": 1248
    },
    "InstrumentType": {
        "precision": 0.5433911882510013,
        "recall": 0.5805991440798859,
        "f1": 0.5613793103448275,
        "number": 701
    },
    "Objective": {
        "precision": 0.20982142857142858,
        "recall": 0.2554347826086957,
        "f1": 0.23039215686274508,
        "number": 184
    },
    "Resource": {
        "precision": 0.15853658536585366,
        "recall": 0.16455696202531644,
        "f1": 0.16149068322981364,
        "number": 79
    },
    "Time": {
        "precision": 0.4772727272727273,
        "recall": 0.603448275862069,
        "f1": 0.5329949238578681,
        "number": 174
    },
    "overall_precision": 0.6304511278195488,
    "overall_recall": 0.7028499580888516,
    "overall_f1": 0.6646848989298454,
    "overall_accuracy": 0.9118323813648791
}