{
    "Actor": {
        "precision": 0.8262050237610319,
        "recall": 0.8145917001338688,
        "f1": 0.8203572632288507,
        "number": 1494
    },
    "InstrumentType": {
        "precision": 0.3956989247311828,
        "recall": 0.4205714285714286,
        "f1": 0.4077562326869806,
        "number": 875
    },
    "Objective": {
        "precision": 0.11299435028248588,
        "recall": 0.17777777777777778,
        "f1": 0.1381692573402418,
        "number": 225
    },
    "Resource": {
        "precision": 0.12280701754385964,
        "recall": 0.0660377358490566,
        "f1": 0.08588957055214724,
        "number": 106
    },
    "Time": {
        "precision": 0.3869346733668342,
        "recall": 0.4583333333333333,
        "f1": 0.41961852861035426,
        "number": 168
    },
    "overall_precision": 0.5672087620311982,
    "overall_recall": 0.5958856345885635,
    "overall_f1": 0.5811936745451455,
    "overall_accuracy": 0.9023771993354066
}