{
    "Actor": {
        "precision": 0.7430503380916604,
        "recall": 0.838135593220339,
        "f1": 0.7877339705296694,
        "number": 1180
    },
    "InstrumentType": {
        "precision": 0.3848396501457726,
        "recall": 0.44221105527638194,
        "f1": 0.41153546375681993,
        "number": 597
    },
    "Objective": {
        "precision": 0.13333333333333333,
        "recall": 0.1647940074906367,
        "f1": 0.1474036850921273,
        "number": 267
    },
    "Resource": {
        "precision": 0.0,
        "recall": 0.0,
        "f1": 0.0,
        "number": 110
    },
    "Time": {
        "precision": 0.3626943005181347,
        "recall": 0.3349282296650718,
        "f1": 0.3482587064676617,
        "number": 209
    },
    "overall_precision": 0.5381889763779527,
    "overall_recall": 0.5785019043588658,
    "overall_f1": 0.5576177850295737,
    "overall_accuracy": 0.8881764034976556
}