{
    "metrics": {
        "Actor": {
            "precision": [
                0.8291614518147684,
                0.7767669699090273,
                0.7794004611837049,
                0.7867479055597868,
                0.8130755064456722
            ],
            "recall": [
                0.9007477906186268,
                0.8894230769230769,
                0.8629787234042553,
                0.8425774877650897,
                0.9121900826446281
            ],
            "f1": [
                0.8634734441186053,
                0.8292865147553231,
                0.8190630048465267,
                0.8137061835368257,
                0.8597857838364167
            ],
            "number": [
                1471,
                1248,
                1175,
                1226,
                968
            ]
        },
        "InstrumentType": {
            "precision": [
                0.5311143270622286,
                0.5604229607250756,
                0.4322033898305085,
                0.47730398899587345,
                0.4520367936925099
            ],
            "recall": [
                0.4137542277339346,
                0.5292439372325249,
                0.4336734693877551,
                0.5447409733124019,
                0.5771812080536913
            ],
            "f1": [
                0.4651457541191381,
                0.5443873807776963,
                0.43293718166383705,
                0.5087976539589442,
                0.5070007369196757
            ],
            "number": [
                887,
                701,
                588,
                637,
                596
            ]
        },
        "Objective": {
            "precision": [
                0.21052631578947367,
                0.155,
                0.11016949152542373,
                0.25196850393700787,
                0.17886178861788618
            ],
            "recall": [
                0.19909502262443438,
                0.16847826086956522,
                0.1,
                0.367816091954023,
                0.2894736842105263
            ],
            "f1": [
                0.2046511627906977,
                0.16145833333333334,
                0.10483870967741934,
                0.29906542056074764,
                0.22110552763819097
            ],
            "number": [
                221,
                184,
                260,
                174,
                228
            ]
        },
        "Resource": {
            "precision": [
                0.15384615384615385,
                0.0,
                0.0,
                0.4716981132075472,
                0.1774193548387097
            ],
            "recall": [
                0.01834862385321101,
                0.0,
                0.0,
                0.16556291390728478,
                0.14285714285714285
            ],
            "f1": [
                0.03278688524590164,
                0.0,
                0.0,
                0.2450980392156863,
                0.15827338129496404
            ],
            "number": [
                109,
                79,
                110,
                151,
                77
            ]
        },
        "Time": {
            "precision": [
                0.34782608695652173,
                0.4517766497461929,
                0.388646288209607,
                0.5125,
                0.46568627450980393
            ],
            "recall": [
                0.5365853658536586,
                0.5114942528735632,
                0.4405940594059406,
                0.5540540540540541,
                0.5864197530864198
            ],
            "f1": [
                0.42206235011990406,
                0.4797843665768194,
                0.41299303944315546,
                0.5324675324675324,
                0.5191256830601093
            ],
            "number": [
                164,
                174,
                202,
                148,
                162
            ]
        }
    },
    "counts": {
        "reals": {
            "O": [
                37860,
                30560,
                32984,
                34843,
                27704
            ],
            "B-Actor": [
                1469,
                1243,
                1173,
                1225,
                966
            ],
            "I-Actor": [
                1440,
                1569,
                1321,
                1293,
                939
            ],
            "B-InstrumentType": [
                872,
                692,
                575,
                633,
                583
            ],
            "I-InstrumentType": [
                1085,
                781,
                839,
                956,
                740
            ],
            "B-Objective": [
                190,
                161,
                201,
                156,
                207
            ],
            "I-Objective": [
                1470,
                1140,
                1439,
                1161,
                1510
            ],
            "B-Resource": [
                105,
                76,
                109,
                151,
                77
            ],
            "I-Resource": [
                117,
                107,
                255,
                228,
                188
            ],
            "B-Time": [
                163,
                174,
                201,
                148,
                160
            ],
            "I-Time": [
                534,
                438,
                510,
                498,
                406
            ]
        },
        "preds": {
            "O": [
                39676,
                31419,
                34537,
                35394,
                27551
            ],
            "B-Actor": [
                1598,
                1429,
                1301,
                1313,
                1086
            ],
            "I-Actor": [
                1351,
                1493,
                1181,
                1327,
                1058
            ],
            "B-InstrumentType": [
                691,
                662,
                590,
                727,
                761
            ],
            "I-InstrumentType": [
                451,
                519,
                452,
                741,
                752
            ],
            "B-Objective": [
                209,
                200,
                236,
                254,
                369
            ],
            "I-Objective": [
                514,
                633,
                619,
                973,
                1106
            ],
            "B-Resource": [
                13,
                0,
                0,
                53,
                62
            ],
            "I-Resource": [
                0,
                0,
                0,
                29,
                46
            ],
            "B-Time": [
                253,
                197,
                229,
                160,
                204
            ],
            "I-Time": [
                549,
                389,
                462,
                321,
                485
            ]
        }
    }
}