{
    "metrics": {
        "Actor": {
            "precision": [
                0.8159076330981399,
                0.752549286199864,
                0.7724189902034665,
                0.7893939393939394,
                0.8145695364238411
            ],
            "recall": [
                0.8623728813559322,
                0.889871382636656,
                0.8686440677966102,
                0.8513071895424836,
                0.8785714285714286
            ],
            "f1": [
                0.8384970336189849,
                0.8154696132596686,
                0.817710410849621,
                0.8191823899371069,
                0.8453608247422681
            ],
            "number": [
                1475,
                1244,
                1180,
                1224,
                980
            ]
        },
        "InstrumentType": {
            "precision": [
                0.49251497005988026,
                0.49658002735978113,
                0.44552845528455287,
                0.41854636591478694,
                0.42083333333333334
            ],
            "recall": [
                0.37343927355278095,
                0.515625,
                0.45896147403685095,
                0.526813880126183,
                0.5109612141652614
            ],
            "f1": [
                0.42479018721755973,
                0.5059233449477352,
                0.4521452145214522,
                0.46648044692737434,
                0.46153846153846156
            ],
            "number": [
                881,
                704,
                597,
                634,
                593
            ]
        },
        "Objective": {
            "precision": [
                0.1446280991735537,
                0.16113744075829384,
                0.1586021505376344,
                0.25,
                0.09433962264150944
            ],
            "recall": [
                0.15486725663716813,
                0.18888888888888888,
                0.2209737827715356,
                0.35428571428571426,
                0.13100436681222707
            ],
            "f1": [
                0.14957264957264957,
                0.17391304347826086,
                0.18466353677621283,
                0.29314420803782504,
                0.1096892138939671
            ],
            "number": [
                226,
                180,
                267,
                175,
                229
            ]
        },
        "Resource": {
            "precision": [
                0.0,
                0.0,
                0.0,
                0.391304347826087,
                0.0
            ],
            "recall": [
                0.0,
                0.0,
                0.0,
                0.11688311688311688,
                0.0
            ],
            "f1": [
                0.0,
                0.0,
                0.0,
                0.18,
                0.0
            ],
            "number": [
                110,
                75,
                110,
                154,
                79
            ]
        },
        "Time": {
            "precision": [
                0.29,
                0.42016806722689076,
                0.37438423645320196,
                0.3936651583710407,
                0.35
            ],
            "recall": [
                0.3515151515151515,
                0.5681818181818182,
                0.36363636363636365,
                0.5878378378378378,
                0.33532934131736525
            ],
            "f1": [
                0.31780821917808216,
                0.48309178743961356,
                0.36893203883495146,
                0.47154471544715443,
                0.3425076452599388
            ],
            "number": [
                165,
                176,
                209,
                148,
                167
            ]
        }
    },
    "counts": {
        "reals": {
            "O": [
                37822,
                30290,
                32765,
                34587,
                27585
            ],
            "B-Actor": [
                1473,
                1243,
                1178,
                1221,
                980
            ],
            "I-Actor": [
                1456,
                1548,
                1324,
                1312,
                945
            ],
            "B-InstrumentType": [
                864,
                696,
                584,
                626,
                580
            ],
            "I-InstrumentType": [
                1083,
                775,
                837,
                949,
                744
            ],
            "B-Objective": [
                192,
                158,
                207,
                158,
                209
            ],
            "I-Objective": [
                1482,
                1102,
                1487,
                1166,
                1548
            ],
            "B-Resource": [
                107,
                72,
                110,
                154,
                79
            ],
            "I-Resource": [
                114,
                95,
                241,
                256,
                191
            ],
            "B-Time": [
                163,
                175,
                206,
                148,
                165
            ],
            "I-Time": [
                540,
                441,
                516,
                498,
                423
            ]
        },
        "preds": {
            "O": [
                38506,
                30705,
                32818,
                34341,
                27675
            ],
            "B-Actor": [
                1559,
                1471,
                1327,
                1320,
                1057
            ],
            "I-Actor": [
                1546,
                1466,
                1373,
                1446,
                1037
            ],
            "B-InstrumentType": [
                668,
                731,
                615,
                798,
                720
            ],
            "I-InstrumentType": [
                487,
                528,
                389,
                823,
                645
            ],
            "B-Objective": [
                242,
                211,
                372,
                248,
                318
            ],
            "I-Objective": [
                1352,
                728,
                1777,
                1219,
                1465
            ],
            "B-Resource": [
                0,
                0,
                0,
                46,
                0
            ],
            "I-Resource": [
                0,
                0,
                0,
                38,
                0
            ],
            "B-Time": [
                200,
                238,
                203,
                221,
                160
            ],
            "I-Time": [
                736,
                517,
                581,
                575,
                372
            ]
        }
    }
}