{
    "metrics": {
        "Actor": {
            "precision": [
                0.8262050237610319,
                0.7593390804597702,
                0.7284417549167927
            ],
            "recall": [
                0.8145917001338688,
                0.8462770216172938,
                0.7991701244813278
            ],
            "f1": [
                0.8203572632288507,
                0.8004543733434305,
                0.7621685793430946
            ],
            "number": [
                1494,
                1249,
                1205
            ]
        },
        "InstrumentType": {
            "precision": [
                0.3956989247311828,
                0.49375,
                0.3341404358353511
            ],
            "recall": [
                0.4205714285714286,
                0.33146853146853145,
                0.46621621621621623
            ],
            "f1": [
                0.4077562326869806,
                0.396652719665272,
                0.38928067700987307
            ],
            "number": [
                875,
                715,
                592
            ]
        },
        "Objective": {
            "precision": [
                0.11299435028248588,
                0.14915254237288136,
                0.1393643031784841
            ],
            "recall": [
                0.17777777777777778,
                0.23036649214659685,
                0.20284697508896798
            ],
            "f1": [
                0.1381692573402418,
                0.18106995884773663,
                0.16521739130434782
            ],
            "number": [
                225,
                191,
                281
            ]
        },
        "Resource": {
            "precision": [
                0.12280701754385964,
                0.1951219512195122,
                0.2777777777777778
            ],
            "recall": [
                0.0660377358490566,
                0.11267605633802817,
                0.046296296296296294
            ],
            "f1": [
                0.08588957055214724,
                0.14285714285714285,
                0.07936507936507937
            ],
            "number": [
                106,
                71,
                108
            ]
        },
        "Time": {
            "precision": [
                0.3869346733668342,
                0.5346534653465347,
                0.5140845070422535
            ],
            "recall": [
                0.4583333333333333,
                0.6171428571428571,
                0.6576576576576577
            ],
            "f1": [
                0.41961852861035426,
                0.5729442970822282,
                0.5770750988142292
            ],
            "number": [
                168,
                175,
                222
            ]
        }
    },
    "counts": {
        "reals": {
            "O": [
                39249,
                31822,
                34093
            ],
            "B-Actor": [
                1490,
                1247,
                1199
            ],
            "I-Actor": [
                1564,
                1613,
                1379
            ],
            "B-InstrumentType": [
                857,
                706,
                576
            ],
            "I-InstrumentType": [
                1084,
                829,
                860
            ],
            "B-Objective": [
                193,
                168,
                212
            ],
            "I-Objective": [
                1549,
                1132,
                1580
            ],
            "B-Resource": [
                104,
                69,
                108
            ],
            "I-Resource": [
                115,
                94,
                261
            ],
            "B-Time": [
                166,
                173,
                221
            ],
            "I-Time": [
                575,
                533,
                558
            ]
        },
        "preds": {
            "O": [
                40579,
                33116,
                35255
            ],
            "B-Actor": [
                1473,
                1392,
                1322
            ],
            "I-Actor": [
                1328,
                1428,
                1070
            ],
            "B-InstrumentType": [
                930,
                480,
                826
            ],
            "I-InstrumentType": [
                552,
                247,
                523
            ],
            "B-Objective": [
                354,
                295,
                409
            ],
            "I-Objective": [
                963,
                675,
                844
            ],
            "B-Resource": [
                57,
                41,
                18
            ],
            "I-Resource": [
                11,
                9,
                4
            ],
            "B-Time": [
                199,
                202,
                284
            ],
            "I-Time": [
                500,
                501,
                492
            ]
        }
    }
}