{
    "metrics": {
        "Actor": {
            "precision": [
                0.8162631905648665,
                0.7908961593172119,
                0.7569692637598284
            ],
            "recall": [
                0.8720159151193634,
                0.880443388756928,
                0.8802992518703242
            ],
            "f1": [
                0.8432189804424495,
                0.8332708879730236,
                0.8139892390468871
            ],
            "number": [
                1508,
                1263,
                1203
            ]
        },
        "InstrumentType": {
            "precision": [
                0.47821681864235055,
                0.4946107784431138,
                0.3627684964200477
            ],
            "recall": [
                0.5369738339021616,
                0.5720221606648199,
                0.5109243697478991
            ],
            "f1": [
                0.5058949624866024,
                0.5305073859987155,
                0.424284717376134
            ],
            "number": [
                879,
                722,
                595
            ]
        },
        "Objective": {
            "precision": [
                0.12779552715654952,
                0.1939655172413793,
                0.11549295774647887
            ],
            "recall": [
                0.18099547511312217,
                0.23316062176165803,
                0.14855072463768115
            ],
            "f1": [
                0.14981273408239698,
                0.21176470588235294,
                0.1299524564183835
            ],
            "number": [
                221,
                193,
                276
            ]
        },
        "Resource": {
            "precision": [
                0.0,
                0.6666666666666666,
                0.0
            ],
            "recall": [
                0.0,
                0.027777777777777776,
                0.0
            ],
            "f1": [
                0.0,
                0.05333333333333333,
                0.0
            ],
            "number": [
                107,
                72,
                109
            ]
        },
        "Time": {
            "precision": [
                0.3901345291479821,
                0.49489795918367346,
                0.48056537102473496
            ],
            "recall": [
                0.5209580838323353,
                0.5574712643678161,
                0.6017699115044248
            ],
            "f1": [
                0.4461538461538462,
                0.5243243243243243,
                0.5343811394891945
            ],
            "number": [
                167,
                174,
                226
            ]
        }
    },
    "counts": {
        "reals": {
            "O": [
                38299,
                31236,
                33355
            ],
            "B-Actor": [
                1503,
                1256,
                1199
            ],
            "I-Actor": [
                1475,
                1530,
                1338
            ],
            "B-InstrumentType": [
                861,
                711,
                579
            ],
            "I-InstrumentType": [
                1081,
                851,
                859
            ],
            "B-Objective": [
                189,
                169,
                204
            ],
            "I-Objective": [
                1476,
                1141,
                1537
            ],
            "B-Resource": [
                104,
                69,
                109
            ],
            "I-Resource": [
                117,
                97,
                260
            ],
            "B-Time": [
                166,
                173,
                224
            ],
            "I-Time": [
                510,
                443,
                500
            ]
        },
        "preds": {
            "O": [
                38925,
                31617,
                33525
            ],
            "B-Actor": [
                1611,
                1406,
                1399
            ],
            "I-Actor": [
                1404,
                1514,
                1566
            ],
            "B-InstrumentType": [
                987,
                835,
                838
            ],
            "I-InstrumentType": [
                754,
                726,
                672
            ],
            "B-Objective": [
                313,
                232,
                355
            ],
            "I-Objective": [
                1075,
                794,
                1048
            ],
            "B-Resource": [
                0,
                3,
                7
            ],
            "I-Resource": [
                0,
                1,
                1
            ],
            "B-Time": [
                223,
                196,
                283
            ],
            "I-Time": [
                489,
                352,
                470
            ]
        }
    }
}