{
    "metrics": {
        "Actor": {
            "precision": [
                0.8110831234256927,
                0.7978260869565217,
                0.7430503380916604
            ],
            "recall": [
                0.8732203389830508,
                0.885048231511254,
                0.838135593220339
            ],
            "f1": [
                0.841005550114267,
                0.8391768292682926,
                0.7877339705296694
            ],
            "number": [
                1475,
                1244,
                1180
            ]
        },
        "InstrumentType": {
            "precision": [
                0.4402390438247012,
                0.5084967320261438,
                0.3848396501457726
            ],
            "recall": [
                0.5017026106696936,
                0.5525568181818182,
                0.44221105527638194
            ],
            "f1": [
                0.4689655172413793,
                0.5296119809394145,
                0.41153546375681993
            ],
            "number": [
                881,
                704,
                597
            ]
        },
        "Objective": {
            "precision": [
                0.11904761904761904,
                0.22695035460992907,
                0.13333333333333333
            ],
            "recall": [
                0.17699115044247787,
                0.35555555555555557,
                0.1647940074906367
            ],
            "f1": [
                0.1423487544483986,
                0.2770562770562771,
                0.1474036850921273
            ],
            "number": [
                226,
                180,
                267
            ]
        },
        "Resource": {
            "precision": [
                0.0,
                0.0,
                0.0
            ],
            "recall": [
                0.0,
                0.0,
                0.0
            ],
            "f1": [
                0.0,
                0.0,
                0.0
            ],
            "number": [
                110,
                75,
                110
            ]
        },
        "Time": {
            "precision": [
                0.3108108108108108,
                0.4577114427860697,
                0.3626943005181347
            ],
            "recall": [
                0.41818181818181815,
                0.5227272727272727,
                0.3349282296650718
            ],
            "f1": [
                0.3565891472868217,
                0.4880636604774536,
                0.3482587064676617
            ],
            "number": [
                165,
                176,
                209
            ]
        }
    },
    "counts": {
        "reals": {
            "O": [
                37822,
                30290,
                32765
            ],
            "B-Actor": [
                1473,
                1243,
                1178
            ],
            "I-Actor": [
                1456,
                1548,
                1324
            ],
            "B-InstrumentType": [
                864,
                696,
                584
            ],
            "I-InstrumentType": [
                1083,
                775,
                837
            ],
            "B-Objective": [
                192,
                158,
                207
            ],
            "I-Objective": [
                1482,
                1102,
                1487
            ],
            "B-Resource": [
                107,
                72,
                110
            ],
            "I-Resource": [
                114,
                95,
                241
            ],
            "B-Time": [
                163,
                175,
                206
            ],
            "I-Time": [
                540,
                441,
                516
            ]
        },
        "preds": {
            "O": [
                37576,
                30242,
                32574
            ],
            "B-Actor": [
                1588,
                1380,
                1331
            ],
            "I-Actor": [
                1448,
                1442,
                1575
            ],
            "B-InstrumentType": [
                1004,
                765,
                686
            ],
            "I-InstrumentType": [
                812,
                602,
                653
            ],
            "B-Objective": [
                336,
                282,
                330
            ],
            "I-Objective": [
                1454,
                1162,
                1653
            ],
            "B-Resource": [
                0,
                2,
                0
            ],
            "I-Resource": [
                0,
                0,
                0
            ],
            "B-Time": [
                222,
                201,
                193
            ],
            "I-Time": [
                856,
                517,
                460
            ]
        }
    }
}