{
    "metrics": {
        "Actor": {
            "precision": [
                0.8369845360824743,
                0.7968526466380543,
                0.7976653696498055
            ],
            "recall": [
                0.8806779661016949,
                0.8954983922829582,
                0.8686440677966102
            ],
            "f1": [
                0.8582755203171456,
                0.8433005299015897,
                0.8316430020283977
            ],
            "number": [
                1475,
                1244,
                1180
            ]
        },
        "InstrumentType": {
            "precision": [
                0.461038961038961,
                0.4870801033591731,
                0.39438339438339437
            ],
            "recall": [
                0.48354143019296253,
                0.5355113636363636,
                0.541038525963149
            ],
            "f1": [
                0.47202216066481995,
                0.510148849797023,
                0.45621468926553665
            ],
            "number": [
                881,
                704,
                597
            ]
        },
        "Objective": {
            "precision": [
                0.14553990610328638,
                0.1942675159235669,
                0.16546762589928057
            ],
            "recall": [
                0.13716814159292035,
                0.3388888888888889,
                0.17228464419475656
            ],
            "f1": [
                0.14123006833712984,
                0.24696356275303646,
                0.16880733944954127
            ],
            "number": [
                226,
                180,
                267
            ]
        },
        "Resource": {
            "precision": [
                0.0,
                0.0,
                0.0
            ],
            "recall": [
                0.0,
                0.0,
                0.0
            ],
            "f1": [
                0.0,
                0.0,
                0.0
            ],
            "number": [
                110,
                75,
                110
            ]
        },
        "Time": {
            "precision": [
                0.3611111111111111,
                0.46017699115044247,
                0.37566137566137564
            ],
            "recall": [
                0.4727272727272727,
                0.5909090909090909,
                0.3397129186602871
            ],
            "f1": [
                0.4094488188976378,
                0.5174129353233832,
                0.35678391959798994
            ],
            "number": [
                165,
                176,
                209
            ]
        }
    },
    "counts": {
        "reals": {
            "O": [
                37822,
                30290,
                32765
            ],
            "B-Actor": [
                1473,
                1243,
                1178
            ],
            "I-Actor": [
                1456,
                1548,
                1324
            ],
            "B-InstrumentType": [
                864,
                696,
                584
            ],
            "I-InstrumentType": [
                1083,
                775,
                837
            ],
            "B-Objective": [
                192,
                158,
                207
            ],
            "I-Objective": [
                1482,
                1102,
                1487
            ],
            "B-Resource": [
                107,
                72,
                110
            ],
            "I-Resource": [
                114,
                95,
                241
            ],
            "B-Time": [
                163,
                175,
                206
            ],
            "I-Time": [
                540,
                441,
                516
            ]
        },
        "preds": {
            "O": [
                38991,
                29900,
                32993
            ],
            "B-Actor": [
                1552,
                1398,
                1285
            ],
            "I-Actor": [
                1465,
                1568,
                1360
            ],
            "B-InstrumentType": [
                924,
                774,
                819
            ],
            "I-InstrumentType": [
                690,
                697,
                763
            ],
            "B-Objective": [
                213,
                314,
                278
            ],
            "I-Objective": [
                581,
                1240,
                1270
            ],
            "B-Resource": [
                0,
                2,
                0
            ],
            "I-Resource": [
                0,
                5,
                0
            ],
            "B-Time": [
                216,
                226,
                189
            ],
            "I-Time": [
                664,
                471,
                498
            ]
        }
    }
}