{
    "metrics": {
        "Actor": {
            "precision": [
                0.8193333333333334,
                0.782608695652174,
                0.7742435996896819,
                0.7463235294117647,
                0.8128031037827352
            ],
            "recall": [
                0.822623828647925,
                0.8502802241793435,
                0.8282157676348548,
                0.810702875399361,
                0.854230377166157
            ],
            "f1": [
                0.8209752839011357,
                0.8150422102839601,
                0.8003207698476345,
                0.7771822358346095,
                0.8330019880715707
            ],
            "number": [
                1494,
                1249,
                1205,
                1252,
                981
            ]
        },
        "InstrumentType": {
            "precision": [
                0.4521880064829822,
                0.5217391304347826,
                0.41035120147874304,
                0.41680672268907565,
                0.5216178521617852
            ],
            "recall": [
                0.31885714285714284,
                0.386013986013986,
                0.375,
                0.3553008595988539,
                0.5816485225505443
            ],
            "f1": [
                0.3739946380697051,
                0.44372990353697744,
                0.3918799646954987,
                0.38360402165506574,
                0.5499999999999999
            ],
            "number": [
                875,
                715,
                592,
                698,
                643
            ]
        },
        "Objective": {
            "precision": [
                0.09090909090909091,
                0.20238095238095238,
                0.1404109589041096,
                0.15725806451612903,
                0.16507936507936508
            ],
            "recall": [
                0.13777777777777778,
                0.17801047120418848,
                0.14590747330960854,
                0.20526315789473684,
                0.22413793103448276
            ],
            "f1": [
                0.10954063604240283,
                0.1894150417827298,
                0.14310645724258292,
                0.17808219178082194,
                0.19012797074954296
            ],
            "number": [
                225,
                191,
                281,
                190,
                232
            ]
        },
        "Resource": {
            "precision": [
                0.15625,
                0.1348314606741573,
                0.125,
                0.25,
                0.1744186046511628
            ],
            "recall": [
                0.18867924528301888,
                0.16901408450704225,
                0.018518518518518517,
                0.04285714285714286,
                0.18292682926829268
            ],
            "f1": [
                0.17094017094017094,
                0.15,
                0.03225806451612903,
                0.07317073170731707,
                0.17857142857142858
            ],
            "number": [
                106,
                71,
                108,
                140,
                82
            ]
        },
        "Time": {
            "precision": [
                0.38934426229508196,
                0.4689265536723164,
                0.508833922261484,
                0.3867403314917127,
                0.5508982035928144
            ],
            "recall": [
                0.5654761904761905,
                0.4742857142857143,
                0.6486486486486487,
                0.45161290322580644,
                0.5575757575757576
            ],
            "f1": [
                0.4611650485436893,
                0.4715909090909091,
                0.5702970297029702,
                0.4166666666666667,
                0.5542168674698796
            ],
            "number": [
                168,
                175,
                222,
                155,
                165
            ]
        }
    },
    "counts": {
        "reals": {
            "O": [
                39249,
                31822,
                34093,
                36088,
                28970
            ],
            "B-Actor": [
                1490,
                1247,
                1199,
                1249,
                979
            ],
            "I-Actor": [
                1564,
                1613,
                1379,
                1431,
                973
            ],
            "B-InstrumentType": [
                857,
                706,
                576,
                694,
                626
            ],
            "I-InstrumentType": [
                1084,
                829,
                860,
                973,
                793
            ],
            "B-Objective": [
                193,
                168,
                212,
                165,
                207
            ],
            "I-Objective": [
                1549,
                1132,
                1580,
                1264,
                1502
            ],
            "B-Resource": [
                104,
                69,
                108,
                140,
                82
            ],
            "I-Resource": [
                115,
                94,
                261,
                226,
                200
            ],
            "B-Time": [
                166,
                173,
                221,
                154,
                162
            ],
            "I-Time": [
                575,
                533,
                558,
                570,
                468
            ]
        },
        "preds": {
            "O": [
                40773,
                33839,
                35621,
                38210,
                30022
            ],
            "B-Actor": [
                1500,
                1357,
                1289,
                1360,
                1031
            ],
            "I-Actor": [
                1325,
                1247,
                1268,
                1049,
                878
            ],
            "B-InstrumentType": [
                617,
                529,
                541,
                595,
                717
            ],
            "I-InstrumentType": [
                381,
                282,
                459,
                411,
                522
            ],
            "B-Objective": [
                341,
                168,
                292,
                248,
                315
            ],
            "I-Objective": [
                908,
                313,
                743,
                564,
                816
            ],
            "B-Resource": [
                128,
                89,
                16,
                24,
                86
            ],
            "I-Resource": [
                48,
                33,
                6,
                2,
                52
            ],
            "B-Time": [
                244,
                177,
                283,
                181,
                167
            ],
            "I-Time": [
                681,
                352,
                529,
                310,
                356
            ]
        }
    }
}