{
    "metrics": {
        "Actor": {
            "precision": [
                0.7998808814770697,
                0.7765440666204025,
                0.790007806401249,
                0.7641311933007676,
                0.8186813186813187
            ],
            "recall": [
                0.8905835543766578,
                0.8859857482185273,
                0.8412302576891105,
                0.8649289099526066,
                0.8957915831663327
            ],
            "f1": [
                0.8427988704110448,
                0.8276627218934911,
                0.8148148148148149,
                0.8114116339384957,
                0.8555023923444975
            ],
            "number": [
                1508,
                1263,
                1203,
                1266,
                998
            ]
        },
        "InstrumentType": {
            "precision": [
                0.4963805584281282,
                0.5282199710564399,
                0.4268707482993197,
                0.4110738255033557,
                0.4940652818991098
            ],
            "recall": [
                0.5460750853242321,
                0.5055401662049861,
                0.4218487394957983,
                0.34458509142053445,
                0.5178849144634525
            ],
            "f1": [
                0.5200433369447454,
                0.5166312809624911,
                0.42434488588334734,
                0.3749043611323642,
                0.5056947608200456
            ],
            "number": [
                879,
                722,
                595,
                711,
                643
            ]
        },
        "Objective": {
            "precision": [
                0.16905444126074498,
                0.20152091254752852,
                0.2262295081967213,
                0.20454545454545456,
                0.20388349514563106
            ],
            "recall": [
                0.2669683257918552,
                0.27461139896373055,
                0.25,
                0.38095238095238093,
                0.2727272727272727
            ],
            "f1": [
                0.20701754385964913,
                0.2324561403508772,
                0.23752151462994836,
                0.266173752310536,
                0.2333333333333333
            ],
            "number": [
                221,
                193,
                276,
                189,
                231
            ]
        },
        "Resource": {
            "precision": [
                0.15492957746478872,
                0.12222222222222222,
                0.14285714285714285,
                0.32142857142857145,
                0.2
            ],
            "recall": [
                0.102803738317757,
                0.1527777777777778,
                0.009174311926605505,
                0.19148936170212766,
                0.10975609756097561
            ],
            "f1": [
                0.12359550561797752,
                0.13580246913580246,
                0.017241379310344827,
                0.24,
                0.14173228346456695
            ],
            "number": [
                107,
                72,
                109,
                141,
                82
            ]
        },
        "Time": {
            "precision": [
                0.3236363636363636,
                0.5,
                0.46534653465346537,
                0.4192139737991266,
                0.46153846153846156
            ],
            "recall": [
                0.5329341317365269,
                0.6494252873563219,
                0.6238938053097345,
                0.6114649681528662,
                0.5421686746987951
            ],
            "f1": [
                0.4027149321266968,
                0.5650000000000001,
                0.5330812854442344,
                0.4974093264248704,
                0.4986149584487534
            ],
            "number": [
                167,
                174,
                226,
                157,
                166
            ]
        }
    },
    "counts": {
        "reals": {
            "O": [
                38299,
                31236,
                33355,
                35321,
                28307
            ],
            "B-Actor": [
                1503,
                1256,
                1199,
                1264,
                995
            ],
            "I-Actor": [
                1475,
                1530,
                1338,
                1319,
                949
            ],
            "B-InstrumentType": [
                861,
                711,
                579,
                705,
                627
            ],
            "I-InstrumentType": [
                1081,
                851,
                859,
                998,
                799
            ],
            "B-Objective": [
                189,
                169,
                204,
                165,
                205
            ],
            "I-Objective": [
                1476,
                1141,
                1537,
                1288,
                1493
            ],
            "B-Resource": [
                104,
                69,
                109,
                141,
                82
            ],
            "I-Resource": [
                117,
                97,
                260,
                227,
                198
            ],
            "B-Time": [
                166,
                173,
                224,
                155,
                164
            ],
            "I-Time": [
                510,
                443,
                500,
                514,
                420
            ]
        },
        "preds": {
            "O": [
                38419,
                31791,
                34527,
                35839,
                28980
            ],
            "B-Actor": [
                1679,
                1441,
                1281,
                1433,
                1092
            ],
            "I-Actor": [
                1515,
                1404,
                1200,
                1317,
                928
            ],
            "B-InstrumentType": [
                967,
                691,
                588,
                596,
                674
            ],
            "I-InstrumentType": [
                624,
                520,
                432,
                404,
                542
            ],
            "B-Objective": [
                349,
                263,
                305,
                352,
                309
            ],
            "I-Objective": [
                1104,
                724,
                982,
                1361,
                1126
            ],
            "B-Resource": [
                71,
                90,
                7,
                84,
                45
            ],
            "I-Resource": [
                21,
                47,
                0,
                36,
                1
            ],
            "B-Time": [
                275,
                226,
                303,
                229,
                195
            ],
            "I-Time": [
                757,
                479,
                539,
                446,
                347
            ]
        }
    }
}