{
    "metrics": {
        "Actor": {
            "precision": [
                0.7995154451847365,
                0.7978339350180506,
                0.7782839787395596
            ],
            "recall": [
                0.8973487423521413,
                0.8854166666666666,
                0.8723404255319149
            ],
            "f1": [
                0.8456117873158232,
                0.8393467527535131,
                0.8226324237560192
            ],
            "number": [
                1471,
                1248,
                1175
            ]
        },
        "InstrumentType": {
            "precision": [
                0.5014164305949008,
                0.5433911882510013,
                0.46570972886762363
            ],
            "recall": [
                0.399098083427283,
                0.5805991440798859,
                0.4965986394557823
            ],
            "f1": [
                0.4444444444444445,
                0.5613793103448275,
                0.4806584362139918
            ],
            "number": [
                887,
                701,
                588
            ]
        },
        "Objective": {
            "precision": [
                0.18699186991869918,
                0.20982142857142858,
                0.13432835820895522
            ],
            "recall": [
                0.2081447963800905,
                0.2554347826086957,
                0.2076923076923077
            ],
            "f1": [
                0.19700214132762311,
                0.23039215686274508,
                0.16314199395770396
            ],
            "number": [
                221,
                184,
                260
            ]
        },
        "Resource": {
            "precision": [
                0.15492957746478872,
                0.15853658536585366,
                0.0
            ],
            "recall": [
                0.10091743119266056,
                0.16455696202531644,
                0.0
            ],
            "f1": [
                0.12222222222222223,
                0.16149068322981364,
                0.0
            ],
            "number": [
                109,
                79,
                110
            ]
        },
        "Time": {
            "precision": [
                0.31666666666666665,
                0.4772727272727273,
                0.4090909090909091
            ],
            "recall": [
                0.4634146341463415,
                0.603448275862069,
                0.5346534653465347
            ],
            "f1": [
                0.3762376237623763,
                0.5329949238578681,
                0.463519313304721
            ],
            "number": [
                164,
                174,
                202
            ]
        }
    },
    "counts": {
        "reals": {
            "O": [
                37860,
                30560,
                32984
            ],
            "B-Actor": [
                1469,
                1243,
                1173
            ],
            "I-Actor": [
                1440,
                1569,
                1321
            ],
            "B-InstrumentType": [
                872,
                692,
                575
            ],
            "I-InstrumentType": [
                1085,
                781,
                839
            ],
            "B-Objective": [
                190,
                161,
                201
            ],
            "I-Objective": [
                1470,
                1140,
                1439
            ],
            "B-Resource": [
                105,
                76,
                109
            ],
            "I-Resource": [
                117,
                107,
                255
            ],
            "B-Time": [
                163,
                174,
                201
            ],
            "I-Time": [
                534,
                438,
                510
            ]
        },
        "preds": {
            "O": [
                39180,
                31231,
                33094
            ],
            "B-Actor": [
                1651,
                1385,
                1317
            ],
            "I-Actor": [
                1447,
                1470,
                1327
            ],
            "B-InstrumentType": [
                706,
                749,
                627
            ],
            "I-InstrumentType": [
                468,
                484,
                564
            ],
            "B-Objective": [
                246,
                224,
                402
            ],
            "I-Objective": [
                672,
                623,
                1473
            ],
            "B-Resource": [
                71,
                82,
                15
            ],
            "I-Resource": [
                11,
                18,
                1
            ],
            "B-Time": [
                240,
                220,
                264
            ],
            "I-Time": [
                613,
                455,
                523
            ]
        }
    }
}