{
    "metrics": {
        "Actor": {
            "precision": 0.8369845360824743,
            "recall": 0.8806779661016949,
            "f1": 0.8582755203171456,
            "number": 1475
        },
        "InstrumentType": {
            "precision": 0.461038961038961,
            "recall": 0.48354143019296253,
            "f1": 0.47202216066481995,
            "number": 881
        },
        "Objective": {
            "precision": 0.14553990610328638,
            "recall": 0.13716814159292035,
            "f1": 0.14123006833712984,
            "number": 226
        },
        "Resource": {
            "precision": 0.0,
            "recall": 0.0,
            "f1": 0.0,
            "number": 110
        },
        "Time": {
            "precision": 0.3611111111111111,
            "recall": 0.4727272727272727,
            "f1": 0.4094488188976378,
            "number": 165
        }
    },
    "counts": {
        "reals": {
            "O": 37822,
            "B-InstrumentType": 864,
            "B-Actor": 1473,
            "I-Actor": 1456,
            "I-InstrumentType": 1083,
            "B-Time": 163,
            "I-Time": 540,
            "B-Objective": 192,
            "I-Objective": 1482,
            "B-Resource": 107,
            "I-Resource": 114
        },
        "preds": {
            "O": 38991,
            "B-Actor": 1552,
            "I-Actor": 1465,
            "B-InstrumentType": 924,
            "B-Time": 216,
            "I-Time": 664,
            "I-InstrumentType": 690,
            "B-Objective": 213,
            "I-Objective": 581
        }
    }
}