{
    "metrics": {
        "Actor": {
            "precision": 0.7998808814770697,
            "recall": 0.8905835543766578,
            "f1": 0.8427988704110448,
            "number": 1508
        },
        "InstrumentType": {
            "precision": 0.4963805584281282,
            "recall": 0.5460750853242321,
            "f1": 0.5200433369447454,
            "number": 879
        },
        "Objective": {
            "precision": 0.16905444126074498,
            "recall": 0.2669683257918552,
            "f1": 0.20701754385964913,
            "number": 221
        },
        "Resource": {
            "precision": 0.15492957746478872,
            "recall": 0.102803738317757,
            "f1": 0.12359550561797752,
            "number": 107
        },
        "Time": {
            "precision": 0.3236363636363636,
            "recall": 0.5329341317365269,
            "f1": 0.4027149321266968,
            "number": 167
        }
    },
    "counts": {
        "reals": {
            "O": 38299,
            "B-InstrumentType": 861,
            "B-Actor": 1503,
            "I-Actor": 1475,
            "I-InstrumentType": 1081,
            "B-Time": 166,
            "I-Time": 510,
            "B-Objective": 189,
            "I-Objective": 1476,
            "B-Resource": 104,
            "I-Resource": 117
        },
        "preds": {
            "O": 38419,
            "B-InstrumentType": 967,
            "B-Actor": 1679,
            "I-Actor": 1515,
            "B-Time": 275,
            "I-Time": 757,
            "B-Objective": 349,
            "I-Objective": 1104,
            "I-InstrumentType": 624,
            "B-Resource": 71,
            "I-Resource": 21
        }
    }
}