{
    "metrics": {
        "Actor": {
            "precision": 0.7641311933007676,
            "recall": 0.8649289099526066,
            "f1": 0.8114116339384957,
            "number": 1266
        },
        "InstrumentType": {
            "precision": 0.4110738255033557,
            "recall": 0.34458509142053445,
            "f1": 0.3749043611323642,
            "number": 711
        },
        "Objective": {
            "precision": 0.20454545454545456,
            "recall": 0.38095238095238093,
            "f1": 0.266173752310536,
            "number": 189
        },
        "Resource": {
            "precision": 0.32142857142857145,
            "recall": 0.19148936170212766,
            "f1": 0.24,
            "number": 141
        },
        "Time": {
            "precision": 0.4192139737991266,
            "recall": 0.6114649681528662,
            "f1": 0.4974093264248704,
            "number": 157
        }
    },
    "counts": {
        "reals": {
            "O": 35321,
            "B-Actor": 1264,
            "I-Actor": 1319,
            "B-InstrumentType": 705,
            "I-InstrumentType": 998,
            "B-Objective": 165,
            "I-Objective": 1288,
            "B-Time": 155,
            "I-Time": 514,
            "B-Resource": 141,
            "I-Resource": 227
        },
        "preds": {
            "O": 35839,
            "B-Actor": 1433,
            "I-Actor": 1317,
            "B-Objective": 352,
            "I-Objective": 1361,
            "B-InstrumentType": 596,
            "B-Time": 229,
            "I-Time": 446,
            "I-InstrumentType": 404,
            "B-Resource": 84,
            "I-Resource": 36
        }
    }
}