{
    "metrics": {
        "Actor": {
            "precision": 0.7724189902034665,
            "recall": 0.8686440677966102,
            "f1": 0.817710410849621,
            "number": 1180
        },
        "InstrumentType": {
            "precision": 0.44552845528455287,
            "recall": 0.45896147403685095,
            "f1": 0.4521452145214522,
            "number": 597
        },
        "Objective": {
            "precision": 0.1586021505376344,
            "recall": 0.2209737827715356,
            "f1": 0.18466353677621283,
            "number": 267
        },
        "Resource": {
            "precision": 0.0,
            "recall": 0.0,
            "f1": 0.0,
            "number": 110
        },
        "Time": {
            "precision": 0.37438423645320196,
            "recall": 0.36363636363636365,
            "f1": 0.36893203883495146,
            "number": 209
        }
    },
    "counts": {
        "reals": {
            "O": 32765,
            "B-Time": 206,
            "I-Time": 516,
            "B-InstrumentType": 584,
            "I-InstrumentType": 837,
            "B-Actor": 1178,
            "I-Actor": 1324,
            "B-Objective": 207,
            "I-Objective": 1487,
            "B-Resource": 110,
            "I-Resource": 241
        },
        "preds": {
            "O": 32818,
            "B-Time": 203,
            "I-Time": 581,
            "B-Actor": 1327,
            "I-Actor": 1373,
            "B-InstrumentType": 615,
            "B-Objective": 372,
            "I-Objective": 1777,
            "I-InstrumentType": 389
        }
    }
}