{
    "metrics": {
        "Actor": {
            "precision": 0.8262050237610319,
            "recall": 0.8145917001338688,
            "f1": 0.8203572632288507,
            "number": 1494
        },
        "InstrumentType": {
            "precision": 0.3956989247311828,
            "recall": 0.4205714285714286,
            "f1": 0.4077562326869806,
            "number": 875
        },
        "Objective": {
            "precision": 0.11299435028248588,
            "recall": 0.17777777777777778,
            "f1": 0.1381692573402418,
            "number": 225
        },
        "Resource": {
            "precision": 0.12280701754385964,
            "recall": 0.0660377358490566,
            "f1": 0.08588957055214724,
            "number": 106
        },
        "Time": {
            "precision": 0.3869346733668342,
            "recall": 0.4583333333333333,
            "f1": 0.41961852861035426,
            "number": 168
        }
    },
    "counts": {
        "reals": {
            "O": 39249,
            "B-InstrumentType": 857,
            "B-Actor": 1490,
            "I-Actor": 1564,
            "I-InstrumentType": 1084,
            "B-Time": 166,
            "I-Time": 575,
            "B-Objective": 193,
            "I-Objective": 1549,
            "B-Resource": 104,
            "I-Resource": 115
        },
        "preds": {
            "O": 40579,
            "B-Actor": 1473,
            "I-Actor": 1328,
            "B-Time": 199,
            "I-Time": 500,
            "B-InstrumentType": 930,
            "B-Objective": 354,
            "I-Objective": 963,
            "I-InstrumentType": 552,
            "B-Resource": 57,
            "I-Resource": 11
        }
    }
}