{
    "metrics": {
        "Actor": {
            "precision": 0.7765440666204025,
            "recall": 0.8859857482185273,
            "f1": 0.8276627218934911,
            "number": 1263
        },
        "InstrumentType": {
            "precision": 0.5282199710564399,
            "recall": 0.5055401662049861,
            "f1": 0.5166312809624911,
            "number": 722
        },
        "Objective": {
            "precision": 0.20152091254752852,
            "recall": 0.27461139896373055,
            "f1": 0.2324561403508772,
            "number": 193
        },
        "Resource": {
            "precision": 0.12222222222222222,
            "recall": 0.1527777777777778,
            "f1": 0.13580246913580246,
            "number": 72
        },
        "Time": {
            "precision": 0.5,
            "recall": 0.6494252873563219,
            "f1": 0.5650000000000001,
            "number": 174
        }
    },
    "counts": {
        "reals": {
            "O": 31236,
            "B-Actor": 1256,
            "B-InstrumentType": 711,
            "B-Time": 173,
            "I-Time": 443,
            "I-Actor": 1530,
            "B-Objective": 169,
            "I-Objective": 1141,
            "I-InstrumentType": 851,
            "B-Resource": 69,
            "I-Resource": 97
        },
        "preds": {
            "O": 31791,
            "B-Actor": 1441,
            "B-Time": 226,
            "I-Time": 479,
            "I-Actor": 1404,
            "B-InstrumentType": 691,
            "B-Objective": 263,
            "I-Objective": 724,
            "I-InstrumentType": 520,
            "B-Resource": 90,
            "I-Resource": 47
        }
    }
}