{
    "metrics": {
        "Actor": {
            "precision": 0.752549286199864,
            "recall": 0.889871382636656,
            "f1": 0.8154696132596686,
            "number": 1244
        },
        "InstrumentType": {
            "precision": 0.49658002735978113,
            "recall": 0.515625,
            "f1": 0.5059233449477352,
            "number": 704
        },
        "Objective": {
            "precision": 0.16113744075829384,
            "recall": 0.18888888888888888,
            "f1": 0.17391304347826086,
            "number": 180
        },
        "Resource": {
            "precision": 0.0,
            "recall": 0.0,
            "f1": 0.0,
            "number": 75
        },
        "Time": {
            "precision": 0.42016806722689076,
            "recall": 0.5681818181818182,
            "f1": 0.48309178743961356,
            "number": 176
        }
    },
    "counts": {
        "reals": {
            "O": 30290,
            "B-Actor": 1243,
            "B-InstrumentType": 696,
            "B-Time": 175,
            "I-Time": 441,
            "I-Actor": 1548,
            "B-Objective": 158,
            "I-Objective": 1102,
            "I-InstrumentType": 775,
            "B-Resource": 72,
            "I-Resource": 95
        },
        "preds": {
            "O": 30705,
            "B-Actor": 1471,
            "B-Time": 238,
            "I-Time": 517,
            "I-Actor": 1466,
            "B-InstrumentType": 731,
            "B-Objective": 211,
            "I-Objective": 728,
            "I-InstrumentType": 528
        }
    }
}