{
    "metrics": {
        "Actor": {
            "precision": 0.7767669699090273,
            "recall": 0.8894230769230769,
            "f1": 0.8292865147553231,
            "number": 1248
        },
        "InstrumentType": {
            "precision": 0.5604229607250756,
            "recall": 0.5292439372325249,
            "f1": 0.5443873807776963,
            "number": 701
        },
        "Objective": {
            "precision": 0.155,
            "recall": 0.16847826086956522,
            "f1": 0.16145833333333334,
            "number": 184
        },
        "Resource": {
            "precision": 0.0,
            "recall": 0.0,
            "f1": 0.0,
            "number": 79
        },
        "Time": {
            "precision": 0.4517766497461929,
            "recall": 0.5114942528735632,
            "f1": 0.4797843665768194,
            "number": 174
        }
    },
    "counts": {
        "reals": {
            "O": 30560,
            "B-Actor": 1243,
            "B-InstrumentType": 692,
            "B-Time": 174,
            "I-Time": 438,
            "I-Actor": 1569,
            "B-Objective": 161,
            "I-Objective": 1140,
            "I-InstrumentType": 781,
            "B-Resource": 76,
            "I-Resource": 107
        },
        "preds": {
            "O": 31419,
            "B-Actor": 1429,
            "B-Time": 197,
            "I-Time": 389,
            "I-Actor": 1493,
            "B-InstrumentType": 662,
            "B-Objective": 200,
            "I-InstrumentType": 519,
            "I-Objective": 633
        }
    }
}