{
    "metrics": {
        "Actor": {
            "precision": 0.7593390804597702,
            "recall": 0.8462770216172938,
            "f1": 0.8004543733434305,
            "number": 1249
        },
        "InstrumentType": {
            "precision": 0.49375,
            "recall": 0.33146853146853145,
            "f1": 0.396652719665272,
            "number": 715
        },
        "Objective": {
            "precision": 0.14915254237288136,
            "recall": 0.23036649214659685,
            "f1": 0.18106995884773663,
            "number": 191
        },
        "Resource": {
            "precision": 0.1951219512195122,
            "recall": 0.11267605633802817,
            "f1": 0.14285714285714285,
            "number": 71
        },
        "Time": {
            "precision": 0.5346534653465347,
            "recall": 0.6171428571428571,
            "f1": 0.5729442970822282,
            "number": 175
        }
    },
    "counts": {
        "reals": {
            "O": 31822,
            "B-Actor": 1247,
            "B-InstrumentType": 706,
            "B-Time": 173,
            "I-Time": 533,
            "I-Actor": 1613,
            "B-Objective": 168,
            "I-Objective": 1132,
            "I-InstrumentType": 829,
            "B-Resource": 69,
            "I-Resource": 94
        },
        "preds": {
            "O": 33116,
            "B-Actor": 1392,
            "B-Time": 202,
            "I-Time": 501,
            "I-Actor": 1428,
            "B-Objective": 295,
            "I-Objective": 675,
            "B-InstrumentType": 480,
            "I-InstrumentType": 247,
            "B-Resource": 41,
            "I-Resource": 9
        }
    }
}