{
    "metrics": {
        "Actor": {
            "precision": 0.8159076330981399,
            "recall": 0.8623728813559322,
            "f1": 0.8384970336189849,
            "number": 1475
        },
        "InstrumentType": {
            "precision": 0.49251497005988026,
            "recall": 0.37343927355278095,
            "f1": 0.42479018721755973,
            "number": 881
        },
        "Objective": {
            "precision": 0.1446280991735537,
            "recall": 0.15486725663716813,
            "f1": 0.14957264957264957,
            "number": 226
        },
        "Resource": {
            "precision": 0.0,
            "recall": 0.0,
            "f1": 0.0,
            "number": 110
        },
        "Time": {
            "precision": 0.29,
            "recall": 0.3515151515151515,
            "f1": 0.31780821917808216,
            "number": 165
        }
    },
    "counts": {
        "reals": {
            "O": 37822,
            "B-InstrumentType": 864,
            "B-Actor": 1473,
            "I-Actor": 1456,
            "I-InstrumentType": 1083,
            "B-Time": 163,
            "I-Time": 540,
            "B-Objective": 192,
            "I-Objective": 1482,
            "B-Resource": 107,
            "I-Resource": 114
        },
        "preds": {
            "O": 38506,
            "B-Actor": 1559,
            "I-Actor": 1546,
            "B-Time": 200,
            "I-Time": 736,
            "B-Objective": 242,
            "I-Objective": 1352,
            "B-InstrumentType": 668,
            "I-InstrumentType": 487
        }
    }
}