{
    "metrics": {
        "Actor": {
            "precision": 0.782608695652174,
            "recall": 0.8502802241793435,
            "f1": 0.8150422102839601,
            "number": 1249
        },
        "InstrumentType": {
            "precision": 0.5217391304347826,
            "recall": 0.386013986013986,
            "f1": 0.44372990353697744,
            "number": 715
        },
        "Objective": {
            "precision": 0.20238095238095238,
            "recall": 0.17801047120418848,
            "f1": 0.1894150417827298,
            "number": 191
        },
        "Resource": {
            "precision": 0.1348314606741573,
            "recall": 0.16901408450704225,
            "f1": 0.15,
            "number": 71
        },
        "Time": {
            "precision": 0.4689265536723164,
            "recall": 0.4742857142857143,
            "f1": 0.4715909090909091,
            "number": 175
        }
    },
    "counts": {
        "reals": {
            "O": 31822,
            "B-Actor": 1247,
            "B-InstrumentType": 706,
            "B-Time": 173,
            "I-Time": 533,
            "I-Actor": 1613,
            "B-Objective": 168,
            "I-Objective": 1132,
            "I-InstrumentType": 829,
            "B-Resource": 69,
            "I-Resource": 94
        },
        "preds": {
            "O": 33839,
            "B-Actor": 1357,
            "B-Time": 177,
            "I-Time": 352,
            "I-Actor": 1247,
            "B-InstrumentType": 529,
            "I-InstrumentType": 282,
            "B-Objective": 168,
            "I-Objective": 313,
            "B-Resource": 89,
            "I-Resource": 33
        }
    }
}