{
    "metrics": {
        "Actor": {
            "precision": 0.790007806401249,
            "recall": 0.8412302576891105,
            "f1": 0.8148148148148149,
            "number": 1203
        },
        "InstrumentType": {
            "precision": 0.4268707482993197,
            "recall": 0.4218487394957983,
            "f1": 0.42434488588334734,
            "number": 595
        },
        "Objective": {
            "precision": 0.2262295081967213,
            "recall": 0.25,
            "f1": 0.23752151462994836,
            "number": 276
        },
        "Resource": {
            "precision": 0.14285714285714285,
            "recall": 0.009174311926605505,
            "f1": 0.017241379310344827,
            "number": 109
        },
        "Time": {
            "precision": 0.46534653465346537,
            "recall": 0.6238938053097345,
            "f1": 0.5330812854442344,
            "number": 226
        }
    },
    "counts": {
        "reals": {
            "O": 33355,
            "B-Time": 224,
            "I-Time": 500,
            "B-InstrumentType": 579,
            "I-InstrumentType": 859,
            "B-Actor": 1199,
            "I-Actor": 1338,
            "B-Objective": 204,
            "I-Objective": 1537,
            "B-Resource": 109,
            "I-Resource": 260
        },
        "preds": {
            "O": 34527,
            "B-Time": 303,
            "I-Time": 539,
            "B-Actor": 1281,
            "I-Actor": 1200,
            "B-InstrumentType": 588,
            "I-InstrumentType": 432,
            "B-Objective": 305,
            "I-Objective": 982,
            "B-Resource": 7
        }
    }
}