{
    "metrics": {
        "Actor": {
            "precision": 0.7569692637598284,
            "recall": 0.8802992518703242,
            "f1": 0.8139892390468871,
            "number": 1203
        },
        "InstrumentType": {
            "precision": 0.3627684964200477,
            "recall": 0.5109243697478991,
            "f1": 0.424284717376134,
            "number": 595
        },
        "Objective": {
            "precision": 0.11549295774647887,
            "recall": 0.14855072463768115,
            "f1": 0.1299524564183835,
            "number": 276
        },
        "Resource": {
            "precision": 0.0,
            "recall": 0.0,
            "f1": 0.0,
            "number": 109
        },
        "Time": {
            "precision": 0.48056537102473496,
            "recall": 0.6017699115044248,
            "f1": 0.5343811394891945,
            "number": 226
        }
    },
    "counts": {
        "reals": {
            "O": 33355,
            "B-Time": 224,
            "I-Time": 500,
            "B-InstrumentType": 579,
            "I-InstrumentType": 859,
            "B-Actor": 1199,
            "I-Actor": 1338,
            "B-Objective": 204,
            "I-Objective": 1537,
            "B-Resource": 109,
            "I-Resource": 260
        },
        "preds": {
            "O": 33525,
            "B-Time": 283,
            "I-Time": 470,
            "B-InstrumentType": 838,
            "I-InstrumentType": 672,
            "B-Actor": 1399,
            "I-Actor": 1566,
            "B-Objective": 355,
            "I-Objective": 1048,
            "B-Resource": 7,
            "I-Resource": 1
        }
    }
}