{
    "metrics": {
        "Actor": {
            "precision": 0.8130755064456722,
            "recall": 0.9121900826446281,
            "f1": 0.8597857838364167,
            "number": 968
        },
        "InstrumentType": {
            "precision": 0.4520367936925099,
            "recall": 0.5771812080536913,
            "f1": 0.5070007369196757,
            "number": 596
        },
        "Objective": {
            "precision": 0.17886178861788618,
            "recall": 0.2894736842105263,
            "f1": 0.22110552763819097,
            "number": 228
        },
        "Resource": {
            "precision": 0.1774193548387097,
            "recall": 0.14285714285714285,
            "f1": 0.15827338129496404,
            "number": 77
        },
        "Time": {
            "precision": 0.46568627450980393,
            "recall": 0.5864197530864198,
            "f1": 0.5191256830601093,
            "number": 162
        }
    },
    "counts": {
        "reals": {
            "O": 27704,
            "B-Actor": 966,
            "B-Time": 160,
            "I-Time": 406,
            "I-Actor": 939,
            "B-InstrumentType": 583,
            "I-InstrumentType": 740,
            "B-Objective": 207,
            "I-Objective": 1510,
            "B-Resource": 77,
            "I-Resource": 188
        },
        "preds": {
            "O": 27551,
            "B-Actor": 1086,
            "B-Time": 204,
            "I-Time": 485,
            "I-Actor": 1058,
            "B-Objective": 369,
            "B-Resource": 62,
            "B-InstrumentType": 761,
            "I-InstrumentType": 752,
            "I-Objective": 1106,
            "I-Resource": 46
        }
    }
}