{
    "metrics": {
        "Actor": {
            "precision": 0.8110831234256927,
            "recall": 0.8732203389830508,
            "f1": 0.841005550114267,
            "number": 1475
        },
        "InstrumentType": {
            "precision": 0.4402390438247012,
            "recall": 0.5017026106696936,
            "f1": 0.4689655172413793,
            "number": 881
        },
        "Objective": {
            "precision": 0.11904761904761904,
            "recall": 0.17699115044247787,
            "f1": 0.1423487544483986,
            "number": 226
        },
        "Resource": {
            "precision": 0.0,
            "recall": 0.0,
            "f1": 0.0,
            "number": 110
        },
        "Time": {
            "precision": 0.3108108108108108,
            "recall": 0.41818181818181815,
            "f1": 0.3565891472868217,
            "number": 165
        }
    },
    "counts": {
        "reals": {
            "O": 37822,
            "B-InstrumentType": 864,
            "B-Actor": 1473,
            "I-Actor": 1456,
            "I-InstrumentType": 1083,
            "B-Time": 163,
            "I-Time": 540,
            "B-Objective": 192,
            "I-Objective": 1482,
            "B-Resource": 107,
            "I-Resource": 114
        },
        "preds": {
            "O": 37576,
            "B-InstrumentType": 1004,
            "B-Actor": 1588,
            "I-Actor": 1448,
            "B-Time": 222,
            "I-Time": 856,
            "B-Objective": 336,
            "I-Objective": 1454,
            "I-InstrumentType": 812
        }
    }
}