{
    "metrics": {
        "Actor": {
            "precision": 0.7867479055597868,
            "recall": 0.8425774877650897,
            "f1": 0.8137061835368257,
            "number": 1226
        },
        "InstrumentType": {
            "precision": 0.47730398899587345,
            "recall": 0.5447409733124019,
            "f1": 0.5087976539589442,
            "number": 637
        },
        "Objective": {
            "precision": 0.25196850393700787,
            "recall": 0.367816091954023,
            "f1": 0.29906542056074764,
            "number": 174
        },
        "Resource": {
            "precision": 0.4716981132075472,
            "recall": 0.16556291390728478,
            "f1": 0.2450980392156863,
            "number": 151
        },
        "Time": {
            "precision": 0.5125,
            "recall": 0.5540540540540541,
            "f1": 0.5324675324675324,
            "number": 148
        }
    },
    "counts": {
        "reals": {
            "O": 34843,
            "B-Actor": 1225,
            "I-Actor": 1293,
            "B-InstrumentType": 633,
            "I-InstrumentType": 956,
            "B-Objective": 156,
            "I-Objective": 1161,
            "B-Time": 148,
            "I-Time": 498,
            "B-Resource": 151,
            "I-Resource": 228
        },
        "preds": {
            "O": 35394,
            "B-Actor": 1313,
            "I-Actor": 1327,
            "B-InstrumentType": 727,
            "I-InstrumentType": 741,
            "B-Time": 160,
            "I-Time": 321,
            "B-Resource": 53,
            "I-Resource": 29,
            "B-Objective": 254,
            "I-Objective": 973
        }
    }
}