{
    "metrics": {
        "Actor": {
            "precision": 0.8193333333333334,
            "recall": 0.822623828647925,
            "f1": 0.8209752839011357,
            "number": 1494
        },
        "InstrumentType": {
            "precision": 0.4521880064829822,
            "recall": 0.31885714285714284,
            "f1": 0.3739946380697051,
            "number": 875
        },
        "Objective": {
            "precision": 0.09090909090909091,
            "recall": 0.13777777777777778,
            "f1": 0.10954063604240283,
            "number": 225
        },
        "Resource": {
            "precision": 0.15625,
            "recall": 0.18867924528301888,
            "f1": 0.17094017094017094,
            "number": 106
        },
        "Time": {
            "precision": 0.38934426229508196,
            "recall": 0.5654761904761905,
            "f1": 0.4611650485436893,
            "number": 168
        }
    },
    "counts": {
        "reals": {
            "O": 39249,
            "B-InstrumentType": 857,
            "B-Actor": 1490,
            "I-Actor": 1564,
            "I-InstrumentType": 1084,
            "B-Time": 166,
            "I-Time": 575,
            "B-Objective": 193,
            "I-Objective": 1549,
            "B-Resource": 104,
            "I-Resource": 115
        },
        "preds": {
            "O": 40773,
            "B-InstrumentType": 617,
            "B-Actor": 1500,
            "I-Actor": 1325,
            "B-Time": 244,
            "I-Time": 681,
            "B-Objective": 341,
            "I-Objective": 908,
            "I-InstrumentType": 381,
            "B-Resource": 128,
            "I-Resource": 48
        }
    }
}