{
    "metrics": {
        "Actor": {
            "precision": 0.7968526466380543,
            "recall": 0.8954983922829582,
            "f1": 0.8433005299015897,
            "number": 1244
        },
        "InstrumentType": {
            "precision": 0.4870801033591731,
            "recall": 0.5355113636363636,
            "f1": 0.510148849797023,
            "number": 704
        },
        "Objective": {
            "precision": 0.1942675159235669,
            "recall": 0.3388888888888889,
            "f1": 0.24696356275303646,
            "number": 180
        },
        "Resource": {
            "precision": 0.0,
            "recall": 0.0,
            "f1": 0.0,
            "number": 75
        },
        "Time": {
            "precision": 0.46017699115044247,
            "recall": 0.5909090909090909,
            "f1": 0.5174129353233832,
            "number": 176
        }
    },
    "counts": {
        "reals": {
            "O": 30290,
            "B-Actor": 1243,
            "B-InstrumentType": 696,
            "B-Time": 175,
            "I-Time": 441,
            "I-Actor": 1548,
            "B-Objective": 158,
            "I-Objective": 1102,
            "I-InstrumentType": 775,
            "B-Resource": 72,
            "I-Resource": 95
        },
        "preds": {
            "O": 29900,
            "B-Actor": 1398,
            "B-Time": 226,
            "I-Time": 471,
            "I-Actor": 1568,
            "B-InstrumentType": 774,
            "B-Objective": 314,
            "I-Objective": 1240,
            "I-InstrumentType": 697,
            "B-Resource": 2,
            "I-Resource": 5
        }
    }
}