{
    "metrics": {
        "Actor": {
            "precision": 0.7978339350180506,
            "recall": 0.8854166666666666,
            "f1": 0.8393467527535131,
            "number": 1248
        },
        "InstrumentType": {
            "precision": 0.5433911882510013,
            "recall": 0.5805991440798859,
            "f1": 0.5613793103448275,
            "number": 701
        },
        "Objective": {
            "precision": 0.20982142857142858,
            "recall": 0.2554347826086957,
            "f1": 0.23039215686274508,
            "number": 184
        },
        "Resource": {
            "precision": 0.15853658536585366,
            "recall": 0.16455696202531644,
            "f1": 0.16149068322981364,
            "number": 79
        },
        "Time": {
            "precision": 0.4772727272727273,
            "recall": 0.603448275862069,
            "f1": 0.5329949238578681,
            "number": 174
        }
    },
    "counts": {
        "reals": {
            "O": 30560,
            "B-Actor": 1243,
            "B-InstrumentType": 692,
            "B-Time": 174,
            "I-Time": 438,
            "I-Actor": 1569,
            "B-Objective": 161,
            "I-Objective": 1140,
            "I-InstrumentType": 781,
            "B-Resource": 76,
            "I-Resource": 107
        },
        "preds": {
            "O": 31231,
            "B-Actor": 1385,
            "B-Time": 220,
            "I-Time": 455,
            "I-Actor": 1470,
            "B-InstrumentType": 749,
            "B-Objective": 224,
            "I-Objective": 623,
            "I-InstrumentType": 484,
            "B-Resource": 82,
            "I-Resource": 18
        }
    }
}