{
    "metrics": {
        "Actor": {
            "precision": 0.7782839787395596,
            "recall": 0.8723404255319149,
            "f1": 0.8226324237560192,
            "number": 1175
        },
        "InstrumentType": {
            "precision": 0.46570972886762363,
            "recall": 0.4965986394557823,
            "f1": 0.4806584362139918,
            "number": 588
        },
        "Objective": {
            "precision": 0.13432835820895522,
            "recall": 0.2076923076923077,
            "f1": 0.16314199395770396,
            "number": 260
        },
        "Resource": {
            "precision": 0.0,
            "recall": 0.0,
            "f1": 0.0,
            "number": 110
        },
        "Time": {
            "precision": 0.4090909090909091,
            "recall": 0.5346534653465347,
            "f1": 0.463519313304721,
            "number": 202
        }
    },
    "counts": {
        "reals": {
            "O": 32984,
            "B-Time": 201,
            "I-Time": 510,
            "B-InstrumentType": 575,
            "I-InstrumentType": 839,
            "B-Actor": 1173,
            "I-Actor": 1321,
            "B-Objective": 201,
            "I-Objective": 1439,
            "B-Resource": 109,
            "I-Resource": 255
        },
        "preds": {
            "O": 33094,
            "B-Time": 264,
            "I-Time": 523,
            "B-Actor": 1317,
            "I-Actor": 1327,
            "B-InstrumentType": 627,
            "B-Objective": 402,
            "I-InstrumentType": 564,
            "I-Objective": 1473,
            "B-Resource": 15,
            "I-Resource": 1
        }
    }
}