{
    "metrics": {
        "Actor": {
            "precision": 0.7284417549167927,
            "recall": 0.7991701244813278,
            "f1": 0.7621685793430946,
            "number": 1205
        },
        "InstrumentType": {
            "precision": 0.3341404358353511,
            "recall": 0.46621621621621623,
            "f1": 0.38928067700987307,
            "number": 592
        },
        "Objective": {
            "precision": 0.1393643031784841,
            "recall": 0.20284697508896798,
            "f1": 0.16521739130434782,
            "number": 281
        },
        "Resource": {
            "precision": 0.2777777777777778,
            "recall": 0.046296296296296294,
            "f1": 0.07936507936507937,
            "number": 108
        },
        "Time": {
            "precision": 0.5140845070422535,
            "recall": 0.6576576576576577,
            "f1": 0.5770750988142292,
            "number": 222
        }
    },
    "counts": {
        "reals": {
            "O": 34093,
            "B-Time": 221,
            "I-Time": 558,
            "B-InstrumentType": 576,
            "I-InstrumentType": 860,
            "B-Actor": 1199,
            "I-Actor": 1379,
            "B-Objective": 212,
            "I-Objective": 1580,
            "B-Resource": 108,
            "I-Resource": 261
        },
        "preds": {
            "O": 35255,
            "B-Time": 284,
            "I-Time": 492,
            "B-InstrumentType": 826,
            "B-Actor": 1322,
            "I-Actor": 1070,
            "I-InstrumentType": 523,
            "B-Objective": 409,
            "I-Objective": 844,
            "B-Resource": 18,
            "I-Resource": 4
        }
    }
}