{
    "metrics": {
        "Actor": {
            "precision": 0.7908961593172119,
            "recall": 0.880443388756928,
            "f1": 0.8332708879730236,
            "number": 1263
        },
        "InstrumentType": {
            "precision": 0.4946107784431138,
            "recall": 0.5720221606648199,
            "f1": 0.5305073859987155,
            "number": 722
        },
        "Objective": {
            "precision": 0.1939655172413793,
            "recall": 0.23316062176165803,
            "f1": 0.21176470588235294,
            "number": 193
        },
        "Resource": {
            "precision": 0.6666666666666666,
            "recall": 0.027777777777777776,
            "f1": 0.05333333333333333,
            "number": 72
        },
        "Time": {
            "precision": 0.49489795918367346,
            "recall": 0.5574712643678161,
            "f1": 0.5243243243243243,
            "number": 174
        }
    },
    "counts": {
        "reals": {
            "O": 31236,
            "B-Actor": 1256,
            "B-InstrumentType": 711,
            "B-Time": 173,
            "I-Time": 443,
            "I-Actor": 1530,
            "B-Objective": 169,
            "I-Objective": 1141,
            "I-InstrumentType": 851,
            "B-Resource": 69,
            "I-Resource": 97
        },
        "preds": {
            "O": 31617,
            "B-Actor": 1406,
            "B-Time": 196,
            "I-Time": 352,
            "I-Actor": 1514,
            "B-InstrumentType": 835,
            "B-Objective": 232,
            "I-Objective": 794,
            "I-InstrumentType": 726,
            "B-Resource": 3,
            "I-Resource": 1
        }
    }
}