{
    "Actor": {
        "precision": 0.8408941485864563,
        "recall": 0.8718473074301295,
        "f1": 0.856091030789826,
        "number": 1467
    },
    "ApplicationSpecificity": {
        "precision": 0.3906810035842294,
        "recall": 0.36577181208053694,
        "f1": 0.3778162911611786,
        "number": 298
    },
    "Compliance": {
        "precision": 0.5959821428571429,
        "recall": 0.5550935550935551,
        "f1": 0.5748116254036598,
        "number": 481
    },
    "EnergySpecificity": {
        "precision": 0.7129840546697038,
        "recall": 0.8917378917378918,
        "f1": 0.7924050632911392,
        "number": 351
    },
    "InstrumentType": {
        "precision": 0.45077105575326215,
        "recall": 0.49222797927461137,
        "f1": 0.47058823529411764,
        "number": 772
    },
    "Objective": {
        "precision": 0.13877551020408163,
        "recall": 0.1259259259259259,
        "f1": 0.13203883495145632,
        "number": 270
    },
    "Reference": {
        "precision": 0.6267605633802817,
        "recall": 0.6568265682656826,
        "f1": 0.6414414414414414,
        "number": 271
    },
    "Resource": {
        "precision": 0.26153846153846155,
        "recall": 0.15454545454545454,
        "f1": 0.19428571428571428,
        "number": 110
    },
    "Reversibility": {
        "precision": 0.0,
        "recall": 0.0,
        "f1": 0.0,
        "number": 31
    },
    "TechnologySpecificity": {
        "precision": 0.5603543743078627,
        "recall": 0.6454081632653061,
        "f1": 0.5998814463544755,
        "number": 784
    },
    "Time": {
        "precision": 0.34854771784232363,
        "recall": 0.5121951219512195,
        "f1": 0.4148148148148148,
        "number": 164
    },
    "overall_precision": 0.6011769172361427,
    "overall_recall": 0.6335267053410683,
    "overall_f1": 0.6169280218174734,
    "overall_accuracy": 0.8627524555788544
}