{
    "Actor": {
        "precision": 0.7969978556111508,
        "recall": 0.8786446020488574,
        "f1": 0.835832083958021,
        "number": 1269
    },
    "ApplicationSpecificity": {
        "precision": 0.26649076517150394,
        "recall": 0.3069908814589666,
        "f1": 0.2853107344632768,
        "number": 329
    },
    "Compliance": {
        "precision": 0.5369565217391304,
        "recall": 0.6365979381443299,
        "f1": 0.5825471698113207,
        "number": 388
    },
    "EnergySpecificity": {
        "precision": 0.6555269922879178,
        "recall": 0.6929347826086957,
        "f1": 0.6737120211360634,
        "number": 368
    },
    "InstrumentType": {
        "precision": 0.4957780458383595,
        "recall": 0.605301914580265,
        "f1": 0.5450928381962864,
        "number": 679
    },
    "Objective": {
        "precision": 0.24279835390946503,
        "recall": 0.26339285714285715,
        "f1": 0.252676659528908,
        "number": 224
    },
    "Reference": {
        "precision": 0.7424242424242424,
        "recall": 0.7747035573122529,
        "f1": 0.758220502901354,
        "number": 253
    },
    "Resource": {
        "precision": 0.12,
        "recall": 0.13043478260869565,
        "f1": 0.12499999999999997,
        "number": 69
    },
    "Reversibility": {
        "precision": 0.0,
        "recall": 0.0,
        "f1": 0.0,
        "number": 5
    },
    "TechnologySpecificity": {
        "precision": 0.46749654218533887,
        "recall": 0.6450381679389313,
        "f1": 0.5421010425020047,
        "number": 524
    },
    "Time": {
        "precision": 0.4618834080717489,
        "recall": 0.5919540229885057,
        "f1": 0.5188916876574307,
        "number": 174
    },
    "overall_precision": 0.5653301416317574,
    "overall_recall": 0.6618402615600186,
    "overall_f1": 0.6097902097902098,
    "overall_accuracy": 0.8632816647202463
}