{
    "Actor": {
        "precision": 0.7456993268511594,
        "recall": 0.8499573742540495,
        "f1": 0.7944223107569721,
        "number": 1173
    },
    "ApplicationSpecificity": {
        "precision": 0.23980815347721823,
        "recall": 0.3401360544217687,
        "f1": 0.2812939521800282,
        "number": 294
    },
    "Compliance": {
        "precision": 0.48881789137380194,
        "recall": 0.4409221902017291,
        "f1": 0.4636363636363637,
        "number": 347
    },
    "EnergySpecificity": {
        "precision": 0.6166077738515902,
        "recall": 0.7210743801652892,
        "f1": 0.6647619047619049,
        "number": 484
    },
    "InstrumentType": {
        "precision": 0.4067055393586006,
        "recall": 0.5081967213114754,
        "f1": 0.45182186234817817,
        "number": 549
    },
    "Objective": {
        "precision": 0.18181818181818182,
        "recall": 0.32450331125827814,
        "f1": 0.2330558858501784,
        "number": 302
    },
    "Reference": {
        "precision": 0.601123595505618,
        "recall": 0.8136882129277566,
        "f1": 0.691437802907916,
        "number": 263
    },
    "Resource": {
        "precision": 0.15,
        "recall": 0.027777777777777776,
        "f1": 0.04687500000000001,
        "number": 108
    },
    "Reversibility": {
        "precision": 0.0,
        "recall": 0.0,
        "f1": 0.0,
        "number": 3
    },
    "TechnologySpecificity": {
        "precision": 0.42290748898678415,
        "recall": 0.49230769230769234,
        "f1": 0.4549763033175356,
        "number": 585
    },
    "Time": {
        "precision": 0.422680412371134,
        "recall": 0.6089108910891089,
        "f1": 0.4989858012170386,
        "number": 202
    },
    "overall_precision": 0.49856404365307294,
    "overall_recall": 0.6041763341067286,
    "overall_f1": 0.5463128081401447,
    "overall_accuracy": 0.8395485646476633
}