{
    "Actor": {
        "precision": 0.7540620384047267,
        "recall": 0.8487115544472152,
        "f1": 0.798592100117325,
        "number": 1203
    },
    "ApplicationSpecificity": {
        "precision": 0.19631901840490798,
        "recall": 0.3086816720257235,
        "f1": 0.24000000000000002,
        "number": 311
    },
    "Compliance": {
        "precision": 0.4219114219114219,
        "recall": 0.5276967930029155,
        "f1": 0.46891191709844554,
        "number": 343
    },
    "EnergySpecificity": {
        "precision": 0.6082474226804123,
        "recall": 0.7065868263473054,
        "f1": 0.6537396121883656,
        "number": 501
    },
    "InstrumentType": {
        "precision": 0.3821138211382114,
        "recall": 0.5008880994671403,
        "f1": 0.43351268255188324,
        "number": 563
    },
    "Objective": {
        "precision": 0.1867881548974943,
        "recall": 0.2611464968152866,
        "f1": 0.21779548472775564,
        "number": 314
    },
    "Reference": {
        "precision": 0.6826923076923077,
        "recall": 0.7947761194029851,
        "f1": 0.7344827586206896,
        "number": 268
    },
    "Resource": {
        "precision": 0.058823529411764705,
        "recall": 0.018691588785046728,
        "f1": 0.02836879432624113,
        "number": 107
    },
    "Reversibility": {
        "precision": 0.0,
        "recall": 0.0,
        "f1": 0.0,
        "number": 3
    },
    "TechnologySpecificity": {
        "precision": 0.46901172529313234,
        "recall": 0.4582651391162029,
        "f1": 0.4635761589403974,
        "number": 611
    },
    "Time": {
        "precision": 0.3981191222570533,
        "recall": 0.5619469026548672,
        "f1": 0.4660550458715596,
        "number": 226
    },
    "overall_precision": 0.4967984934086629,
    "overall_recall": 0.592808988764045,
    "overall_f1": 0.5405737704918033,
    "overall_accuracy": 0.8365700627427547
}