{
    "Actor": {
        "precision": 0.7966101694915254,
        "recall": 0.8559602649006622,
        "f1": 0.825219473264166,
        "number": 1208
    },
    "ApplicationSpecificity": {
        "precision": 0.24105011933174225,
        "recall": 0.23990498812351543,
        "f1": 0.24047619047619048,
        "number": 421
    },
    "Compliance": {
        "precision": 0.4811715481171548,
        "recall": 0.5215419501133787,
        "f1": 0.500544069640914,
        "number": 441
    },
    "EnergySpecificity": {
        "precision": 0.5897035881435257,
        "recall": 0.7283236994219653,
        "f1": 0.6517241379310345,
        "number": 519
    },
    "InstrumentType": {
        "precision": 0.4025423728813559,
        "recall": 0.4982517482517482,
        "f1": 0.4453125,
        "number": 572
    },
    "Objective": {
        "precision": 0.16501650165016502,
        "recall": 0.2347417840375587,
        "f1": 0.19379844961240308,
        "number": 213
    },
    "Reference": {
        "precision": 0.6140350877192983,
        "recall": 0.7608695652173914,
        "f1": 0.679611650485437,
        "number": 276
    },
    "Resource": {
        "precision": 0.37037037037037035,
        "recall": 0.06666666666666667,
        "f1": 0.11299435028248588,
        "number": 150
    },
    "Reversibility": {
        "precision": 0.0,
        "recall": 0.0,
        "f1": 0.0,
        "number": 3
    },
    "TechnologySpecificity": {
        "precision": 0.3539253539253539,
        "recall": 0.4560530679933665,
        "f1": 0.39855072463768115,
        "number": 603
    },
    "Time": {
        "precision": 0.43005181347150256,
        "recall": 0.5570469798657718,
        "f1": 0.4853801169590643,
        "number": 149
    },
    "overall_precision": 0.5121480910142692,
    "overall_recall": 0.5830954994511526,
    "overall_f1": 0.5453238887177907,
    "overall_accuracy": 0.843919659160073
}