{
    "Actor": {
        "precision": 0.8057953144266338,
        "recall": 0.8765928906773978,
        "f1": 0.8397044651461613,
        "number": 1491
    },
    "ApplicationSpecificity": {
        "precision": 0.2900232018561485,
        "recall": 0.3968253968253968,
        "f1": 0.33512064343163533,
        "number": 315
    },
    "Compliance": {
        "precision": 0.6118721461187214,
        "recall": 0.5480572597137015,
        "f1": 0.5782092772384034,
        "number": 489
    },
    "EnergySpecificity": {
        "precision": 0.779891304347826,
        "recall": 0.7950138504155124,
        "f1": 0.7873799725651578,
        "number": 361
    },
    "InstrumentType": {
        "precision": 0.4003189792663477,
        "recall": 0.3268229166666667,
        "f1": 0.35985663082437275,
        "number": 768
    },
    "Objective": {
        "precision": 0.1053763440860215,
        "recall": 0.1794871794871795,
        "f1": 0.13279132791327913,
        "number": 273
    },
    "Reference": {
        "precision": 0.5523255813953488,
        "recall": 0.6737588652482269,
        "f1": 0.6070287539936102,
        "number": 282
    },
    "Resource": {
        "precision": 0.12941176470588237,
        "recall": 0.102803738317757,
        "f1": 0.11458333333333334,
        "number": 107
    },
    "Reversibility": {
        "precision": 0.0625,
        "recall": 0.037037037037037035,
        "f1": 0.046511627906976744,
        "number": 27
    },
    "TechnologySpecificity": {
        "precision": 0.49318801089918257,
        "recall": 0.45080946450809467,
        "f1": 0.47104749512036437,
        "number": 803
    },
    "Time": {
        "precision": 0.38967136150234744,
        "recall": 0.49404761904761907,
        "f1": 0.4356955380577428,
        "number": 168
    },
    "overall_precision": 0.549129702414374,
    "overall_recall": 0.5771046420141621,
    "overall_f1": 0.562769732425434,
    "overall_accuracy": 0.8573893409449155
}