{
    "Actor": {
        "precision": 0.8016759776536313,
        "recall": 0.8940809968847352,
        "f1": 0.845360824742268,
        "number": 963
    },
    "ApplicationSpecificity": {
        "precision": 0.2964824120603015,
        "recall": 0.2027491408934708,
        "f1": 0.24081632653061225,
        "number": 291
    },
    "Compliance": {
        "precision": 0.5309734513274337,
        "recall": 0.5217391304347826,
        "f1": 0.5263157894736842,
        "number": 345
    },
    "EnergySpecificity": {
        "precision": 0.6295336787564767,
        "recall": 0.7431192660550459,
        "f1": 0.6816269284712483,
        "number": 327
    },
    "InstrumentType": {
        "precision": 0.4629948364888124,
        "recall": 0.4345718901453958,
        "f1": 0.44833333333333336,
        "number": 619
    },
    "Objective": {
        "precision": 0.1419141914191419,
        "recall": 0.15985130111524162,
        "f1": 0.15034965034965034,
        "number": 269
    },
    "Reference": {
        "precision": 0.7066115702479339,
        "recall": 0.76,
        "f1": 0.7323340471092078,
        "number": 225
    },
    "Resource": {
        "precision": 0.12307692307692308,
        "recall": 0.0975609756097561,
        "f1": 0.108843537414966,
        "number": 82
    },
    "Reversibility": {
        "precision": 0.0,
        "recall": 0.0,
        "f1": 0.0,
        "number": 2
    },
    "TechnologySpecificity": {
        "precision": 0.516042780748663,
        "recall": 0.5146666666666667,
        "f1": 0.5153538050734312,
        "number": 375
    },
    "Time": {
        "precision": 0.538961038961039,
        "recall": 0.5060975609756098,
        "f1": 0.5220125786163522,
        "number": 164
    },
    "overall_precision": 0.5676620930858219,
    "overall_recall": 0.576187875477881,
    "overall_f1": 0.5718932104621223,
    "overall_accuracy": 0.85984783479206
}