{
    "Actor": {
        "precision": 0.740340030911901,
        "recall": 0.7963424771404821,
        "f1": 0.7673207849419302,
        "number": 1203
    },
    "ApplicationSpecificity": {
        "precision": 0.24193548387096775,
        "recall": 0.297029702970297,
        "f1": 0.2666666666666666,
        "number": 303
    },
    "Compliance": {
        "precision": 0.49834983498349833,
        "recall": 0.43768115942028984,
        "f1": 0.4660493827160494,
        "number": 345
    },
    "EnergySpecificity": {
        "precision": 0.5925266903914591,
        "recall": 0.676829268292683,
        "f1": 0.6318785578747629,
        "number": 492
    },
    "InstrumentType": {
        "precision": 0.3414239482200647,
        "recall": 0.3767857142857143,
        "f1": 0.35823429541595925,
        "number": 560
    },
    "Objective": {
        "precision": 0.16666666666666666,
        "recall": 0.196875,
        "f1": 0.1805157593123209,
        "number": 320
    },
    "Reference": {
        "precision": 0.6149253731343284,
        "recall": 0.7686567164179104,
        "f1": 0.6832504145936982,
        "number": 268
    },
    "Resource": {
        "precision": 0.14285714285714285,
        "recall": 0.10377358490566038,
        "f1": 0.12021857923497267,
        "number": 106
    },
    "Reversibility": {
        "precision": 0.0,
        "recall": 0.0,
        "f1": 0.0,
        "number": 3
    },
    "TechnologySpecificity": {
        "precision": 0.446693657219973,
        "recall": 0.5516666666666666,
        "f1": 0.49366144668158085,
        "number": 600
    },
    "Time": {
        "precision": 0.5169811320754717,
        "recall": 0.6171171171171171,
        "f1": 0.5626283367556468,
        "number": 222
    },
    "overall_precision": 0.4996990972918756,
    "overall_recall": 0.5633197648123022,
    "overall_f1": 0.529605612841501,
    "overall_accuracy": 0.8399152191390358
}