{
    "Actor": {
        "precision": 0.78,
        "recall": 0.8276740237691002,
        "f1": 0.8031301482701811,
        "number": 1178
    },
    "ApplicationSpecificity": {
        "precision": 0.16727272727272727,
        "recall": 0.1564625850340136,
        "f1": 0.1616871704745167,
        "number": 294
    },
    "Compliance": {
        "precision": 0.4885057471264368,
        "recall": 0.4885057471264368,
        "f1": 0.4885057471264368,
        "number": 348
    },
    "EnergySpecificity": {
        "precision": 0.6064516129032258,
        "recall": 0.5949367088607594,
        "f1": 0.6006389776357827,
        "number": 474
    },
    "InstrumentType": {
        "precision": 0.3877221324717286,
        "recall": 0.43010752688172044,
        "f1": 0.4078164825828377,
        "number": 558
    },
    "Objective": {
        "precision": 0.12534059945504086,
        "recall": 0.14790996784565916,
        "f1": 0.13569321533923304,
        "number": 311
    },
    "Reference": {
        "precision": 0.6482758620689655,
        "recall": 0.7175572519083969,
        "f1": 0.681159420289855,
        "number": 262
    },
    "Resource": {
        "precision": 0.0,
        "recall": 0.0,
        "f1": 0.0,
        "number": 108
    },
    "Reversibility": {
        "precision": 0.0,
        "recall": 0.0,
        "f1": 0.0,
        "number": 3
    },
    "TechnologySpecificity": {
        "precision": 0.43159609120521175,
        "recall": 0.4665492957746479,
        "f1": 0.4483925549915398,
        "number": 568
    },
    "Time": {
        "precision": 0.40601503759398494,
        "recall": 0.5167464114832536,
        "f1": 0.45473684210526316,
        "number": 209
    },
    "overall_precision": 0.5147548258264921,
    "overall_recall": 0.537908648272664,
    "overall_f1": 0.5260770975056689,
    "overall_accuracy": 0.8387276644278292
}