{
    "Actor": {
        "precision": 0.7814207650273224,
        "recall": 0.8125,
        "f1": 0.796657381615599,
        "number": 1232
    },
    "ApplicationSpecificity": {
        "precision": 0.3438914027149321,
        "recall": 0.3584905660377358,
        "f1": 0.3510392609699769,
        "number": 424
    },
    "Compliance": {
        "precision": 0.5068807339449541,
        "recall": 0.5011337868480725,
        "f1": 0.5039908779931584,
        "number": 441
    },
    "EnergySpecificity": {
        "precision": 0.5467625899280576,
        "recall": 0.7293666026871402,
        "f1": 0.6250000000000001,
        "number": 521
    },
    "InstrumentType": {
        "precision": 0.356651376146789,
        "recall": 0.4928684627575277,
        "f1": 0.4138389886892881,
        "number": 631
    },
    "Objective": {
        "precision": 0.17993079584775087,
        "recall": 0.23008849557522124,
        "f1": 0.20194174757281555,
        "number": 226
    },
    "Reference": {
        "precision": 0.5259067357512953,
        "recall": 0.7224199288256228,
        "f1": 0.6086956521739131,
        "number": 281
    },
    "Resource": {
        "precision": 0.24509803921568626,
        "recall": 0.18248175182481752,
        "f1": 0.20920502092050206,
        "number": 137
    },
    "Reversibility": {
        "precision": 0.0,
        "recall": 0.0,
        "f1": 0.0,
        "number": 3
    },
    "TechnologySpecificity": {
        "precision": 0.3972602739726027,
        "recall": 0.4250814332247557,
        "f1": 0.4107002360346184,
        "number": 614
    },
    "Time": {
        "precision": 0.4107142857142857,
        "recall": 0.5897435897435898,
        "f1": 0.4842105263157895,
        "number": 156
    },
    "overall_precision": 0.5011144130757801,
    "overall_recall": 0.5782254607801115,
    "overall_f1": 0.5369154228855721,
    "overall_accuracy": 0.848302835591563
}