{
    "metrics": {
        "Actor": {
            "precision": [
                0.837413684871312,
                0.7969978556111508,
                0.7540620384047267,
                0.7750540735400144,
                0.7774822695035462
            ],
            "recall": [
                0.886968085106383,
                0.8786446020488574,
                0.8487115544472152,
                0.8613782051282052,
                0.8967280163599182
            ],
            "f1": [
                0.8614788505004843,
                0.835832083958021,
                0.798592100117325,
                0.8159392789373814,
                0.8328584995251662
            ],
            "number": [
                1504,
                1269,
                1203,
                1248,
                978
            ]
        },
        "ApplicationSpecificity": {
            "precision": [
                0.31417624521072796,
                0.26649076517150394,
                0.19631901840490798,
                0.3073770491803279,
                0.27058823529411763
            ],
            "recall": [
                0.2586750788643533,
                0.3069908814589666,
                0.3086816720257235,
                0.35714285714285715,
                0.30976430976430974
            ],
            "f1": [
                0.2837370242214533,
                0.2853107344632768,
                0.24000000000000002,
                0.3303964757709251,
                0.2888540031397174
            ],
            "number": [
                317,
                329,
                311,
                420,
                297
            ]
        },
        "Compliance": {
            "precision": [
                0.49193548387096775,
                0.5369565217391304,
                0.4219114219114219,
                0.487551867219917,
                0.3669064748201439
            ],
            "recall": [
                0.6186612576064908,
                0.6365979381443299,
                0.5276967930029155,
                0.5245535714285714,
                0.5862068965517241
            ],
            "f1": [
                0.5480682839173404,
                0.5825471698113207,
                0.46891191709844554,
                0.5053763440860214,
                0.4513274336283185
            ],
            "number": [
                493,
                388,
                343,
                448,
                348
            ]
        },
        "EnergySpecificity": {
            "precision": [
                0.7289719626168224,
                0.6555269922879178,
                0.6082474226804123,
                0.6268011527377522,
                0.5930232558139535
            ],
            "recall": [
                0.8478260869565217,
                0.6929347826086957,
                0.7065868263473054,
                0.8192090395480226,
                0.7680722891566265
            ],
            "f1": [
                0.7839195979899496,
                0.6737120211360634,
                0.6537396121883656,
                0.710204081632653,
                0.6692913385826772
            ],
            "number": [
                368,
                368,
                501,
                531,
                332
            ]
        },
        "InstrumentType": {
            "precision": [
                0.4149577804583836,
                0.4957780458383595,
                0.3821138211382114,
                0.4039125431530495,
                0.4410112359550562
            ],
            "recall": [
                0.44329896907216493,
                0.605301914580265,
                0.5008880994671403,
                0.5458786936236392,
                0.5072697899838449
            ],
            "f1": [
                0.4286604361370716,
                0.5450928381962864,
                0.43351268255188324,
                0.4642857142857143,
                0.47182569496619087
            ],
            "number": [
                776,
                679,
                563,
                643,
                619
            ]
        },
        "Objective": {
            "precision": [
                0.1757188498402556,
                0.24279835390946503,
                0.1867881548974943,
                0.2,
                0.19775280898876405
            ],
            "recall": [
                0.20599250936329588,
                0.26339285714285715,
                0.2611464968152866,
                0.30701754385964913,
                0.3271375464684015
            ],
            "f1": [
                0.1896551724137931,
                0.252676659528908,
                0.21779548472775564,
                0.2422145328719723,
                0.2464985994397759
            ],
            "number": [
                267,
                224,
                314,
                228,
                269
            ]
        },
        "Reference": {
            "precision": [
                0.6132404181184669,
                0.7424242424242424,
                0.6826923076923077,
                0.5944272445820433,
                0.7427385892116183
            ],
            "recall": [
                0.64,
                0.7747035573122529,
                0.7947761194029851,
                0.6784452296819788,
                0.788546255506608
            ],
            "f1": [
                0.6263345195729537,
                0.758220502901354,
                0.7344827586206896,
                0.6336633663366337,
                0.764957264957265
            ],
            "number": [
                275,
                253,
                268,
                283,
                227
            ]
        },
        "Resource": {
            "precision": [
                0.1839080459770115,
                0.12,
                0.058823529411764705,
                0.4418604651162791,
                0.15
            ],
            "recall": [
                0.14814814814814814,
                0.13043478260869565,
                0.018691588785046728,
                0.13768115942028986,
                0.18292682926829268
            ],
            "f1": [
                0.1641025641025641,
                0.12499999999999997,
                0.02836879432624113,
                0.20994475138121546,
                0.16483516483516486
            ],
            "number": [
                108,
                69,
                107,
                138,
                82
            ]
        },
        "Reversibility": {
            "precision": [
                0.0,
                0.0,
                0.0,
                0.0,
                0.0
            ],
            "recall": [
                0.0,
                0.0,
                0.0,
                0.0,
                0.0
            ],
            "f1": [
                0.0,
                0.0,
                0.0,
                0.0,
                0.0
            ],
            "number": [
                29,
                5,
                3,
                3,
                2
            ]
        },
        "TechnologySpecificity": {
            "precision": [
                0.4794383149448345,
                0.46749654218533887,
                0.46901172529313234,
                0.3841059602649007,
                0.4451754385964912
            ],
            "recall": [
                0.5952677459526775,
                0.6450381679389313,
                0.4582651391162029,
                0.47619047619047616,
                0.5370370370370371
            ],
            "f1": [
                0.5311111111111111,
                0.5421010425020047,
                0.4635761589403974,
                0.4252199413489736,
                0.486810551558753
            ],