{
    "metrics": {
        "Actor": {
            "precision": [
                0.8057953144266338,
                0.7711803041274439,
                0.740340030911901,
                0.7814207650273224,
                0.8016759776536313
            ],
            "recall": [
                0.8765928906773978,
                0.848605577689243,
                0.7963424771404821,
                0.8125,
                0.8940809968847352
            ],
            "f1": [
                0.8397044651461613,
                0.8080424886191199,
                0.7673207849419302,
                0.796657381615599,
                0.845360824742268
            ],
            "number": [
                1491,
                1255,
                1203,
                1232,
                963
            ]
        },
        "ApplicationSpecificity": {
            "precision": [
                0.2900232018561485,
                0.3289817232375979,
                0.24193548387096775,
                0.3438914027149321,
                0.2964824120603015
            ],
            "recall": [
                0.3968253968253968,
                0.3888888888888889,
                0.297029702970297,
                0.3584905660377358,
                0.2027491408934708
            ],
            "f1": [
                0.33512064343163533,
                0.3564356435643564,
                0.2666666666666666,
                0.3510392609699769,
                0.24081632653061225
            ],
            "number": [
                315,
                324,
                303,
                424,
                291
            ]
        },
        "Compliance": {
            "precision": [
                0.6118721461187214,
                0.6212121212121212,
                0.49834983498349833,
                0.5068807339449541,
                0.5309734513274337
            ],
            "recall": [
                0.5480572597137015,
                0.5437665782493368,
                0.43768115942028984,
                0.5011337868480725,
                0.5217391304347826
            ],
            "f1": [
                0.5782092772384034,
                0.5799151343705798,
                0.4660493827160494,
                0.5039908779931584,
                0.5263157894736842
            ],
            "number": [
                489,
                377,
                345,
                441,
                345
            ]
        },
        "EnergySpecificity": {
            "precision": [
                0.779891304347826,
                0.6540404040404041,
                0.5925266903914591,
                0.5467625899280576,
                0.6295336787564767
            ],
            "recall": [
                0.7950138504155124,
                0.7154696132596685,
                0.676829268292683,
                0.7293666026871402,
                0.7431192660550459
            ],
            "f1": [
                0.7873799725651578,
                0.6833773087071241,
                0.6318785578747629,
                0.6250000000000001,
                0.6816269284712483
            ],
            "number": [
                361,
                362,
                492,
                521,
                327
            ]
        },
        "InstrumentType": {
            "precision": [
                0.4003189792663477,
                0.4900662251655629,
                0.3414239482200647,
                0.356651376146789,
                0.4629948364888124
            ],
            "recall": [
                0.3268229166666667,
                0.43851851851851853,
                0.3767857142857143,
                0.4928684627575277,
                0.4345718901453958
            ],
            "f1": [
                0.35985663082437275,
                0.4628616106333072,
                0.35823429541595925,
                0.4138389886892881,
                0.44833333333333336
            ],
            "number": [
                768,
                675,
                560,
                631,
                619
            ]
        },
        "Objective": {
            "precision": [
                0.1053763440860215,
                0.1942675159235669,
                0.16666666666666666,
                0.17993079584775087,
                0.1419141914191419
            ],
            "recall": [
                0.1794871794871795,
                0.2772727272727273,
                0.196875,
                0.23008849557522124,
                0.15985130111524162
            ],
            "f1": [
                0.13279132791327913,
                0.22846441947565543,
                0.1805157593123209,
                0.20194174757281555,
                0.15034965034965034
            ],
            "number": [
                273,
                220,
                320,
                226,
                269
            ]
        },
        "Reference": {
            "precision": [
                0.5523255813953488,
                0.5761194029850746,
                0.6149253731343284,
                0.5259067357512953,
                0.7066115702479339
            ],
            "recall": [
                0.6737588652482269,
                0.75390625,
                0.7686567164179104,
                0.7224199288256228,
                0.76
            ],
            "f1": [
                0.6070287539936102,
                0.6531302876480541,
                0.6832504145936982,
                0.6086956521739131,
                0.7323340471092078
            ],
            "number": [
                282,
                256,
                268,
                281,
                225
            ]
        },
        "Resource": {
            "precision": [
                0.12941176470588237,
                0.16176470588235295,
                0.14285714285714285,
                0.24509803921568626,
                0.12307692307692308
            ],
            "recall": [
                0.102803738317757,
                0.16176470588235295,
                0.10377358490566038,
                0.18248175182481752,
                0.0975609756097561
            ],
            "f1": [
                0.11458333333333334,
                0.16176470588235295,
                0.12021857923497267,
                0.20920502092050206,
                0.108843537414966
            ],
            "number": [
                107,
                68,
                106,
                137,
                82
            ]
        },
        "Reversibility": {
            "precision": [
                0.0625,
                0.0,
                0.0,
                0.0,
                0.0
            ],
            "recall": [
                0.037037037037037035,
                0.0,
                0.0,
                0.0,
                0.0
            ],
            "f1": [
                0.046511627906976744,
                0.0,
                0.0,
                0.0,
                0.0
            ],
            "number": [
                27,
                5,
                3,
                3,
                2
            ]
        },
        "TechnologySpecificity": {
            "precision": [
                0.49318801089918257,
                0.45217391304347826,
                0.446693657219973,
                0.3972602739726027,
                0.516042780748663
            ],
            "recall": [
                0.45080946450809467,
                0.6058252427184466,
                0.5516666666666666,
                0.4250814332247557,
                0.5146666666666667
            ],
            "f1": [
                0.47104749512036437,
                0.5178423236514523,
                0.49366144668158085,
                0.4107002360346184,
                0.5153538050734312
            ],