{
    "metrics": {
        "Actor": {
            "precision": [
                0.8408941485864563,
                0.8047162859248342,
                0.7456993268511594,
                0.778794813119756,
                0.7652329749103942
            ],
            "recall": [
                0.8718473074301295,
                0.8708133971291866,
                0.8499573742540495,
                0.8444995864350703,
                0.9017951425554382
            ],
            "f1": [
                0.856091030789826,
                0.8364611260053618,
                0.7944223107569721,
                0.8103174603174604,
                0.8279205041202133
            ],
            "number": [
                1467,
                1254,
                1173,
                1209,
                947
            ]
        },
        "ApplicationSpecificity": {
            "precision": [
                0.3906810035842294,
                0.2682926829268293,
                0.23980815347721823,
                0.22719734660033167,
                0.334384858044164
            ],
            "recall": [
                0.36577181208053694,
                0.31629392971246006,
                0.3401360544217687,
                0.3246445497630332,
                0.381294964028777
            ],
            "f1": [
                0.3778162911611786,
                0.2903225806451613,
                0.2812939521800282,
                0.26731707317073167,
                0.3563025210084033
            ],
            "number": [
                298,
                313,
                294,
                422,
                278
            ]
        },
        "Compliance": {
            "precision": [
                0.5959821428571429,
                0.5524017467248908,
                0.48881789137380194,
                0.3629737609329446,
                0.505938242280285
            ],
            "recall": [
                0.5550935550935551,
                0.6640419947506562,
                0.4409221902017291,
                0.5737327188940092,
                0.5916666666666667
            ],
            "f1": [
                0.5748116254036598,
                0.6030989272943981,
                0.4636363636363637,
                0.4446428571428572,
                0.5454545454545454
            ],
            "number": [
                481,
                381,
                347,
                434,
                360
            ]
        },
        "EnergySpecificity": {
            "precision": [
                0.7129840546697038,
                0.6842105263157895,
                0.6166077738515902,
                0.6601423487544484,
                0.7133956386292835
            ],
            "recall": [
                0.8917378917378918,
                0.6997167138810199,
                0.7210743801652892,
                0.7066666666666667,
                0.720125786163522
            ],
            "f1": [
                0.7924050632911392,
                0.6918767507002801,
                0.6647619047619049,
                0.6826126954921804,
                0.7167449139280125
            ],
            "number": [
                351,
                353,
                484,
                525,
                318
            ]
        },
        "InstrumentType": {
            "precision": [
                0.45077105575326215,
                0.5173852573018081,
                0.4067055393586006,
                0.37,
                0.503030303030303
            ],
            "recall": [
                0.49222797927461137,
                0.5679389312977099,
                0.5081967213114754,
                0.581151832460733,
                0.5845070422535211
            ],
            "f1": [
                0.47058823529411764,
                0.5414847161572052,
                0.45182186234817817,
                0.4521384928716904,
                0.5407166123778502
            ],
            "number": [
                772,
                655,
                549,
                573,
                568
            ]
        },
        "Objective": {
            "precision": [
                0.13877551020408163,
                0.1752988047808765,
                0.18181818181818182,
                0.1797752808988764,
                0.18631178707224336
            ],
            "recall": [
                0.1259259259259259,
                0.2037037037037037,
                0.32450331125827814,
                0.3018867924528302,
                0.3656716417910448
            ],
            "f1": [
                0.13203883495145632,
                0.18843683083511778,
                0.2330558858501784,
                0.22535211267605634,
                0.24685138539042825
            ],
            "number": [
                270,
                216,
                302,
                212,
                268
            ]
        },
        "Reference": {
            "precision": [
                0.6267605633802817,
                0.7857142857142857,
                0.601123595505618,
                0.7224080267558528,
                0.7244444444444444
            ],
            "recall": [
                0.6568265682656826,
                0.757085020242915,
                0.8136882129277566,
                0.7714285714285715,
                0.7477064220183486
            ],
            "f1": [
                0.6414414414414414,
                0.7711340206185567,
                0.691437802907916,
                0.7461139896373058,
                0.7358916478555303
            ],
            "number": [
                271,
                247,
                263,
                280,
                218
            ]
        },
        "Resource": {
            "precision": [
                0.26153846153846155,
                0.168,
                0.15,
                0.15384615384615385,
                0.21568627450980393
            ],
            "recall": [
                0.15454545454545454,
                0.27631578947368424,
                0.027777777777777776,
                0.013605442176870748,
                0.29333333333333333
            ],
            "f1": [
                0.19428571428571428,
                0.20895522388059704,
                0.04687500000000001,
                0.025,
                0.2485875706214689
            ],
            "number": [
                110,
                76,
                108,
                147,
                75
            ]
        },
        "Reversibility": {
            "precision": [
                0.0,
                0.0,
                0.0,
                0.0,
                0.0
            ],
            "recall": [
                0.0,
                0.0,
                0.0,
                0.0,
                0.0
            ],
            "f1": [
                0.0,
                0.0,
                0.0,
                0.0,
                0.0
            ],
            "number": [
                31,
                5,
                3,
                3,
                2
            ]
        },
        "TechnologySpecificity": {
            "precision": [
                0.5603543743078627,
                0.5253378378378378,
                0.42290748898678415,
                0.36906377204884666,
                0.4085106382978723
            ],
            "recall": [
                0.6454081632653061,
                0.6207584830339321,
                0.49230769230769234,
                0.44227642276422763,
                0.5439093484419264
            ],
            "f1": [
                0.5998814463544755,
                0.5690759377859103,
                0.4549763033175356,
                0.4023668639053254,
                0.46658566221142167
            ],