{
    "metrics": {
        "Actor": {
            "precision": [
                0.8254777070063695,
                0.772369362920544,
                0.78,
                0.7966101694915254,
                0.7928772258669166
            ],
            "recall": [
                0.8816326530612245,
                0.8638911128903123,
                0.8276740237691002,
                0.8559602649006622,
                0.8840125391849529
            ],
            "f1": [
                0.8526315789473684,
                0.8155706727135299,
                0.8031301482701811,
                0.825219473264166,
                0.8359683794466404
            ],
            "number": [
                1470,
                1249,
                1178,
                1208,
                957
            ]
        },
        "ApplicationSpecificity": {
            "precision": [
                0.29201101928374656,
                0.26644736842105265,
                0.16727272727272727,
                0.24105011933174225,
                0.26273458445040215
            ],
            "recall": [
                0.32515337423312884,
                0.26644736842105265,
                0.1564625850340136,
                0.23990498812351543,
                0.35251798561151076
            ],
            "f1": [
                0.30769230769230776,
                0.26644736842105265,
                0.1616871704745167,
                0.24047619047619048,
                0.3010752688172043
            ],
            "number": [
                326,
                304,
                294,
                421,
                278
            ]
        },
        "Compliance": {
            "precision": [
                0.5729847494553377,
                0.5022222222222222,
                0.4885057471264368,
                0.4811715481171548,
                0.3815028901734104
            ],
            "recall": [
                0.5490605427974948,
                0.6026666666666667,
                0.4885057471264368,
                0.5215419501133787,
                0.5515320334261838
            ],
            "f1": [
                0.5607675906183369,
                0.5478787878787879,
                0.4885057471264368,
                0.500544069640914,
                0.45102505694760814
            ],
            "number": [
                479,
                375,
                348,
                441,
                359
            ]
        },
        "EnergySpecificity": {
            "precision": [
                0.7418546365914787,
                0.6675392670157068,
                0.6064516129032258,
                0.5897035881435257,
                0.6022408963585434
            ],
            "recall": [
                0.8361581920903954,
                0.7327586206896551,
                0.5949367088607594,
                0.7283236994219653,
                0.6656346749226006
            ],
            "f1": [
                0.7861885790172642,
                0.6986301369863014,
                0.6006389776357827,
                0.6517241379310345,
                0.6323529411764706
            ],
            "number": [
                354,
                348,
                474,
                519,
                323
            ]
        },
        "InstrumentType": {
            "precision": [
                0.44472049689440996,
                0.5066666666666667,
                0.3877221324717286,
                0.4025423728813559,
                0.34811529933481156
            ],
            "recall": [
                0.46553966189856955,
                0.5197568389057751,
                0.43010752688172044,
                0.4982517482517482,
                0.5547703180212014
            ],
            "f1": [
                0.45489199491740784,
                0.5131282820705176,
                0.4078164825828377,
                0.4453125,
                0.4277929155313352
            ],
            "number": [
                769,
                658,
                558,
                572,
                566
            ]
        },
        "Objective": {
            "precision": [
                0.18498659517426275,
                0.17263843648208468,
                0.12534059945504086,
                0.16501650165016502,
                0.15827338129496402
            ],
            "recall": [
                0.25274725274725274,
                0.25,
                0.14790996784565916,
                0.2347417840375587,
                0.24535315985130113
            ],
            "f1": [
                0.21362229102167182,
                0.20423892100192678,
                0.13569321533923304,
                0.19379844961240308,
                0.1924198250728863
            ],
            "number": [
                273,
                212,
                311,
                213,
                269
            ]
        },
        "Reference": {
            "precision": [
                0.6527196652719666,
                0.6895306859205776,
                0.6482758620689655,
                0.6140350877192983,
                0.6710526315789473
            ],
            "recall": [
                0.5909090909090909,
                0.7892561983471075,
                0.7175572519083969,
                0.7608695652173914,
                0.6986301369863014
            ],
            "f1": [
                0.6202783300198808,
                0.7360308285163776,
                0.681159420289855,
                0.679611650485437,
                0.6845637583892618
            ],
            "number": [
                264,
                242,
                262,
                276,
                219
            ]
        },
        "Resource": {
            "precision": [
                0.18,
                0.2,
                0.0,
                0.37037037037037035,
                0.0
            ],
            "recall": [
                0.16216216216216217,
                0.013888888888888888,
                0.0,
                0.06666666666666667,
                0.0
            ],
            "f1": [
                0.17061611374407584,
                0.025974025974025972,
                0.0,
                0.11299435028248588,
                0.0
            ],
            "number": [
                111,
                72,
                108,
                150,
                77
            ]
        },
        "Reversibility": {
            "precision": [
                0.2727272727272727,
                0.0,
                0.0,
                0.0,
                0.0
            ],
            "recall": [
                0.11538461538461539,
                0.0,
                0.0,
                0.0,
                0.0
            ],
            "f1": [
                0.16216216216216214,
                0.0,
                0.0,
                0.0,
                0.0
            ],
            "number": [
                26,
                5,
                3,
                3,
                2
            ]
        },
        "TechnologySpecificity": {
            "precision": [
                0.5070270270270271,
                0.43435754189944137,
                0.43159609120521175,
                0.3539253539253539,
                0.4563106796116505
            ],
            "recall": [
                0.597452229299363,
                0.6295546558704453,
                0.4665492957746479,
                0.4560530679933665,
                0.39385474860335196
            ],
            "f1": [
                0.5485380116959064,
                0.5140495867768595,
                0.4483925549915398,
                0.39855072463768115,
                0.42278860569715143
            ],