{
    "metrics": {
        "Actor": {
            "precision": 0.7966101694915254,
            "recall": 0.8559602649006622,
            "f1": 0.825219473264166,
            "number": 1208
        },
        "ApplicationSpecificity": {
            "precision": 0.24105011933174225,
            "recall": 0.23990498812351543,
            "f1": 0.24047619047619048,
            "number": 421
        },
        "Compliance": {
            "precision": 0.4811715481171548,
            "recall": 0.5215419501133787,
            "f1": 0.500544069640914,
            "number": 441
        },
        "EnergySpecificity": {
            "precision": 0.5897035881435257,
            "recall": 0.7283236994219653,
            "f1": 0.6517241379310345,
            "number": 519
        },
        "InstrumentType": {
            "precision": 0.4025423728813559,
            "recall": 0.4982517482517482,
            "f1": 0.4453125,
            "number": 572
        },
        "Objective": {
            "precision": 0.16501650165016502,
            "recall": 0.2347417840375587,
            "f1": 0.19379844961240308,
            "number": 213
        },
        "Reference": {
            "precision": 0.6140350877192983,
            "recall": 0.7608695652173914,
            "f1": 0.679611650485437,
            "number": 276
        },
        "Resource": {
            "precision": 0.37037037037037035,
            "recall": 0.06666666666666667,
            "f1": 0.11299435028248588,
            "number": 150
        },
        "Reversibility": {
            "precision": 0.0,
            "recall": 0.0,
            "f1": 0.0,
            "number": 3
        },
        "TechnologySpecificity": {
            "precision": 0.3539253539253539,
            "recall": 0.4560530679933665,
            "f1": 0.39855072463768115,
            "number": 603
        },
        "Time": {
            "precision": 0.43005181347150256,
            "recall": 0.5570469798657718,
            "f1": 0.4853801169590643,
            "number": 149
        }
    },
    "counts": {
        "reals": {
            "O": 29117,
            "B-EnergySpecificity": 516,
            "I-EnergySpecificity": 646,
            "I-ApplicationSpecificity": 546,
            "I-Actor": 1181,
            "B-Actor": 1188,
            "I-TechnologySpecificity": 830,
            "B-Reference": 269,
            "I-Reference": 1254,
            "B-InstrumentType": 559,
            "I-InstrumentType": 809,
            "B-TechnologySpecificity": 466,
            "B-ApplicationSpecificity": 385,
            "B-Objective": 155,
            "I-Objective": 994,
            "B-Time": 148,
            "I-Time": 496,
            "B-Reversibility": 3,
            "B-Resource": 150,
            "I-Resource": 227,
            "B-Compliance": 431,
            "I-Compliance": 695,
            "I-Reversibility": 10
        },
        "preds": {
            "O": 28745,
            "B-Objective": 303,
            "B-EnergySpecificity": 641,
            "I-EnergySpecificity": 797,
            "B-TechnologySpecificity": 777,
            "B-ApplicationSpecificity": 419,
            "I-TechnologySpecificity": 851,
            "I-ApplicationSpecificity": 411,
            "B-Actor": 1298,
            "I-Actor": 1293,
            "B-Reference": 342,
            "B-InstrumentType": 708,
            "I-Reference": 1237,
            "I-InstrumentType": 709,
            "I-Objective": 989,
            "B-Compliance": 478,
            "I-Compliance": 387,
            "B-Time": 193,
            "I-Time": 457,
            "B-Resource": 27,
            "I-Resource": 13
        }
    }
}