{
    "metrics": {
        "Actor": {
            "precision": 0.837413684871312,
            "recall": 0.886968085106383,
            "f1": 0.8614788505004843,
            "number": 1504
        },
        "ApplicationSpecificity": {
            "precision": 0.31417624521072796,
            "recall": 0.2586750788643533,
            "f1": 0.2837370242214533,
            "number": 317
        },
        "Compliance": {
            "precision": 0.49193548387096775,
            "recall": 0.6186612576064908,
            "f1": 0.5480682839173404,
            "number": 493
        },
        "EnergySpecificity": {
            "precision": 0.7289719626168224,
            "recall": 0.8478260869565217,
            "f1": 0.7839195979899496,
            "number": 368
        },
        "InstrumentType": {
            "precision": 0.4149577804583836,
            "recall": 0.44329896907216493,
            "f1": 0.4286604361370716,
            "number": 776
        },
        "Objective": {
            "precision": 0.1757188498402556,
            "recall": 0.20599250936329588,
            "f1": 0.1896551724137931,
            "number": 267
        },
        "Reference": {
            "precision": 0.6132404181184669,
            "recall": 0.64,
            "f1": 0.6263345195729537,
            "number": 275
        },
        "Resource": {
            "precision": 0.1839080459770115,
            "recall": 0.14814814814814814,
            "f1": 0.1641025641025641,
            "number": 108
        },
        "Reversibility": {
            "precision": 0.0,
            "recall": 0.0,
            "f1": 0.0,
            "number": 29
        },
        "TechnologySpecificity": {
            "precision": 0.4794383149448345,
            "recall": 0.5952677459526775,
            "f1": 0.5311111111111111,
            "number": 803
        },
        "Time": {
            "precision": 0.3798449612403101,
            "recall": 0.5868263473053892,
            "f1": 0.4611764705882353,
            "number": 167
        }
    },
    "counts": {
        "reals": {
            "O": 33336,
            "B-InstrumentType": 744,
            "B-Actor": 1484,
            "I-Actor": 1402,
            "B-Compliance": 478,
            "B-TechnologySpecificity": 709,
            "I-TechnologySpecificity": 1037,
            "I-InstrumentType": 914,
            "B-Time": 166,
            "I-Time": 510,
            "B-ApplicationSpecificity": 274,
            "I-ApplicationSpecificity": 492,
            "B-Reference": 268,
            "I-Reference": 1174,
            "B-Objective": 166,
            "I-Objective": 1183,
            "B-Resource": 104,
            "I-Resource": 110,
            "I-Compliance": 483,
            "B-EnergySpecificity": 368,
            "I-EnergySpecificity": 227,
            "B-Reversibility": 19,
            "I-Reversibility": 133
        },
        "preds": {
            "O": 34871,
            "B-Compliance": 620,
            "B-Actor": 1593,
            "I-Actor": 1262,
            "B-TechnologySpecificity": 997,
            "I-TechnologySpecificity": 778,
            "B-Time": 258,
            "I-Time": 571,
            "B-ApplicationSpecificity": 261,
            "I-ApplicationSpecificity": 90,
            "B-Reference": 287,
            "I-Reference": 870,
            "B-InstrumentType": 829,
            "B-Objective": 313,
            "I-InstrumentType": 540,
            "I-Objective": 603,
            "B-EnergySpecificity": 428,
            "B-Resource": 87,
            "I-EnergySpecificity": 226,
            "I-Resource": 28,
            "I-Compliance": 269
        }
    }
}