{
    "metrics": {
        "Actor": {
            "precision": 0.78,
            "recall": 0.8276740237691002,
            "f1": 0.8031301482701811,
            "number": 1178
        },
        "ApplicationSpecificity": {
            "precision": 0.16727272727272727,
            "recall": 0.1564625850340136,
            "f1": 0.1616871704745167,
            "number": 294
        },
        "Compliance": {
            "precision": 0.4885057471264368,
            "recall": 0.4885057471264368,
            "f1": 0.4885057471264368,
            "number": 348
        },
        "EnergySpecificity": {
            "precision": 0.6064516129032258,
            "recall": 0.5949367088607594,
            "f1": 0.6006389776357827,
            "number": 474
        },
        "InstrumentType": {
            "precision": 0.3877221324717286,
            "recall": 0.43010752688172044,
            "f1": 0.4078164825828377,
            "number": 558
        },
        "Objective": {
            "precision": 0.12534059945504086,
            "recall": 0.14790996784565916,
            "f1": 0.13569321533923304,
            "number": 311
        },
        "Reference": {
            "precision": 0.6482758620689655,
            "recall": 0.7175572519083969,
            "f1": 0.681159420289855,
            "number": 262
        },
        "Resource": {
            "precision": 0.0,
            "recall": 0.0,
            "f1": 0.0,
            "number": 108
        },
        "Reversibility": {
            "precision": 0.0,
            "recall": 0.0,
            "f1": 0.0,
            "number": 3
        },
        "TechnologySpecificity": {
            "precision": 0.43159609120521175,
            "recall": 0.4665492957746479,
            "f1": 0.4483925549915398,
            "number": 568
        },
        "Time": {
            "precision": 0.40601503759398494,
            "recall": 0.5167464114832536,
            "f1": 0.45473684210526316,
            "number": 209
        }
    },
    "counts": {
        "reals": {
            "O": 27960,
            "B-Time": 206,
            "I-Time": 516,
            "B-Compliance": 330,
            "I-Compliance": 492,
            "B-Actor": 1139,
            "I-Actor": 1206,
            "B-InstrumentType": 525,
            "B-TechnologySpecificity": 432,
            "I-TechnologySpecificity": 921,
            "B-Reference": 253,
            "I-Reference": 1060,
            "I-InstrumentType": 713,
            "B-ApplicationSpecificity": 254,
            "I-ApplicationSpecificity": 575,
            "B-Objective": 197,
            "I-Objective": 1234,
            "B-Resource": 105,
            "I-Resource": 178,
            "B-EnergySpecificity": 470,
            "I-EnergySpecificity": 658,
            "B-Reversibility": 3,
            "I-Reversibility": 28
        },
        "preds": {
            "O": 28393,
            "B-Time": 266,
            "I-Time": 544,
            "B-Compliance": 348,
            "I-Compliance": 245,
            "B-Actor": 1250,
            "I-Actor": 1276,
            "B-InstrumentType": 619,
            "B-TechnologySpecificity": 614,
            "I-TechnologySpecificity": 747,
            "B-Reference": 290,
            "I-Reference": 1151,
            "B-Objective": 367,
            "I-Objective": 1056,
            "I-InstrumentType": 590,
            "B-EnergySpecificity": 465,
            "B-Reversibility": 11,
            "I-Reversibility": 4,
            "B-ApplicationSpecificity": 275,
            "I-ApplicationSpecificity": 324,
            "I-EnergySpecificity": 618,
            "B-Resource": 2
        }
    }
}