{
    "metrics": {
        "Actor": {
            "precision": 0.740340030911901,
            "recall": 0.7963424771404821,
            "f1": 0.7673207849419302,
            "number": 1203
        },
        "ApplicationSpecificity": {
            "precision": 0.24193548387096775,
            "recall": 0.297029702970297,
            "f1": 0.2666666666666666,
            "number": 303
        },
        "Compliance": {
            "precision": 0.49834983498349833,
            "recall": 0.43768115942028984,
            "f1": 0.4660493827160494,
            "number": 345
        },
        "EnergySpecificity": {
            "precision": 0.5925266903914591,
            "recall": 0.676829268292683,
            "f1": 0.6318785578747629,
            "number": 492
        },
        "InstrumentType": {
            "precision": 0.3414239482200647,
            "recall": 0.3767857142857143,
            "f1": 0.35823429541595925,
            "number": 560
        },
        "Objective": {
            "precision": 0.16666666666666666,
            "recall": 0.196875,
            "f1": 0.1805157593123209,
            "number": 320
        },
        "Reference": {
            "precision": 0.6149253731343284,
            "recall": 0.7686567164179104,
            "f1": 0.6832504145936982,
            "number": 268
        },
        "Resource": {
            "precision": 0.14285714285714285,
            "recall": 0.10377358490566038,
            "f1": 0.12021857923497267,
            "number": 106
        },
        "Reversibility": {
            "precision": 0.0,
            "recall": 0.0,
            "f1": 0.0,
            "number": 3
        },
        "TechnologySpecificity": {
            "precision": 0.446693657219973,
            "recall": 0.5516666666666666,
            "f1": 0.49366144668158085,
            "number": 600
        },
        "Time": {
            "precision": 0.5169811320754717,
            "recall": 0.6171171171171171,
            "f1": 0.5626283367556468,
            "number": 222
        }
    },
    "counts": {
        "reals": {
            "O": 28981,
            "B-Time": 221,
            "I-Time": 558,
            "B-Compliance": 324,
            "I-Compliance": 523,
            "B-Actor": 1160,
            "I-Actor": 1262,
            "B-InstrumentType": 523,
            "B-TechnologySpecificity": 468,
            "I-TechnologySpecificity": 1007,
            "B-Reference": 259,
            "I-Reference": 1132,
            "I-InstrumentType": 725,
            "B-ApplicationSpecificity": 255,
            "I-ApplicationSpecificity": 622,
            "B-Objective": 201,
            "I-Objective": 1335,
            "B-Resource": 103,
            "I-Resource": 194,
            "B-EnergySpecificity": 487,
            "I-EnergySpecificity": 676,
            "B-Reversibility": 3,
            "I-Reversibility": 28
        },
        "preds": {
            "O": 30360,
            "B-Time": 265,
            "I-Time": 491,
            "B-Compliance": 303,
            "I-Compliance": 125,
            "B-Actor": 1294,
            "I-Actor": 1209,
            "B-TechnologySpecificity": 741,
            "I-TechnologySpecificity": 680,
            "B-Reference": 335,
            "I-Reference": 1151,
            "B-InstrumentType": 618,
            "B-EnergySpecificity": 562,
            "B-ApplicationSpecificity": 372,
            "B-Reversibility": 40,
            "I-Reversibility": 79,
            "I-InstrumentType": 461,
            "I-ApplicationSpecificity": 280,
            "B-Objective": 378,
            "I-Objective": 571,
            "B-Resource": 77,
            "I-EnergySpecificity": 619,
            "I-Resource": 36
        }
    }
}