{
    "metrics": {
        "Actor": {
            "precision": 0.8254777070063695,
            "recall": 0.8816326530612245,
            "f1": 0.8526315789473684,
            "number": 1470
        },
        "ApplicationSpecificity": {
            "precision": 0.29201101928374656,
            "recall": 0.32515337423312884,
            "f1": 0.30769230769230776,
            "number": 326
        },
        "Compliance": {
            "precision": 0.5729847494553377,
            "recall": 0.5490605427974948,
            "f1": 0.5607675906183369,
            "number": 479
        },
        "EnergySpecificity": {
            "precision": 0.7418546365914787,
            "recall": 0.8361581920903954,
            "f1": 0.7861885790172642,
            "number": 354
        },
        "InstrumentType": {
            "precision": 0.44472049689440996,
            "recall": 0.46553966189856955,
            "f1": 0.45489199491740784,
            "number": 769
        },
        "Objective": {
            "precision": 0.18498659517426275,
            "recall": 0.25274725274725274,
            "f1": 0.21362229102167182,
            "number": 273
        },
        "Reference": {
            "precision": 0.6527196652719666,
            "recall": 0.5909090909090909,
            "f1": 0.6202783300198808,
            "number": 264
        },
        "Resource": {
            "precision": 0.18,
            "recall": 0.16216216216216217,
            "f1": 0.17061611374407584,
            "number": 111
        },
        "Reversibility": {
            "precision": 0.2727272727272727,
            "recall": 0.11538461538461539,
            "f1": 0.16216216216216214,
            "number": 26
        },
        "TechnologySpecificity": {
            "precision": 0.5070270270270271,
            "recall": 0.597452229299363,
            "f1": 0.5485380116959064,
            "number": 785
        },
        "Time": {
            "precision": 0.43478260869565216,
            "recall": 0.5454545454545454,
            "f1": 0.48387096774193544,
            "number": 165
        }
    },
    "counts": {
        "reals": {
            "O": 32961,
            "B-InstrumentType": 739,
            "B-Actor": 1455,
            "I-Actor": 1374,
            "B-Compliance": 466,
            "B-TechnologySpecificity": 704,
            "I-TechnologySpecificity": 1036,
            "I-InstrumentType": 912,
            "B-Time": 163,
            "I-Time": 540,
            "B-ApplicationSpecificity": 275,
            "I-ApplicationSpecificity": 504,
            "B-Reference": 258,
            "I-Reference": 1121,
            "B-Objective": 168,
            "I-Objective": 1179,
            "B-Resource": 107,
            "I-Resource": 107,
            "I-Compliance": 524,
            "B-EnergySpecificity": 354,
            "I-EnergySpecificity": 225,
            "B-Reversibility": 16,
            "I-Reversibility": 108
        },
        "preds": {
            "O": 33302,
            "B-Actor": 1570,
            "I-Actor": 1396,
            "B-Compliance": 459,
            "B-TechnologySpecificity": 925,
            "I-TechnologySpecificity": 968,
            "I-Compliance": 264,
            "B-Time": 207,
            "I-Time": 608,
            "B-InstrumentType": 805,
            "B-Objective": 373,
            "I-Objective": 1200,
            "B-ApplicationSpecificity": 363,
            "I-ApplicationSpecificity": 289,
            "B-Reference": 239,
            "I-Reference": 854,
            "I-InstrumentType": 627,
            "B-EnergySpecificity": 399,
            "I-EnergySpecificity": 284,
            "B-Resource": 100,
            "I-Resource": 37,
            "B-Reversibility": 11,
            "I-Reversibility": 16
        }
    }
}