{
    "metrics": {
        "Actor": {
            "precision": 0.7711803041274439,
            "recall": 0.848605577689243,
            "f1": 0.8080424886191199,
            "number": 1255
        },
        "ApplicationSpecificity": {
            "precision": 0.3289817232375979,
            "recall": 0.3888888888888889,
            "f1": 0.3564356435643564,
            "number": 324
        },
        "Compliance": {
            "precision": 0.6212121212121212,
            "recall": 0.5437665782493368,
            "f1": 0.5799151343705798,
            "number": 377
        },
        "EnergySpecificity": {
            "precision": 0.6540404040404041,
            "recall": 0.7154696132596685,
            "f1": 0.6833773087071241,
            "number": 362
        },
        "InstrumentType": {
            "precision": 0.4900662251655629,
            "recall": 0.43851851851851853,
            "f1": 0.4628616106333072,
            "number": 675
        },
        "Objective": {
            "precision": 0.1942675159235669,
            "recall": 0.2772727272727273,
            "f1": 0.22846441947565543,
            "number": 220
        },
        "Reference": {
            "precision": 0.5761194029850746,
            "recall": 0.75390625,
            "f1": 0.6531302876480541,
            "number": 256
        },
        "Resource": {
            "precision": 0.16176470588235295,
            "recall": 0.16176470588235295,
            "f1": 0.16176470588235295,
            "number": 68
        },
        "Reversibility": {
            "precision": 0.0,
            "recall": 0.0,
            "f1": 0.0,
            "number": 5
        },
        "TechnologySpecificity": {
            "precision": 0.45217391304347826,
            "recall": 0.6058252427184466,
            "f1": 0.5178423236514523,
            "number": 515
        },
        "Time": {
            "precision": 0.44921875,
            "recall": 0.6571428571428571,
            "f1": 0.5336426914153133,
            "number": 175
        }
    },
    "counts": {
        "reals": {
            "O": 27397,
            "B-EnergySpecificity": 360,
            "I-ApplicationSpecificity": 488,
            "B-Actor": 1223,
            "B-Compliance": 363,
            "B-Reference": 251,
            "I-Reference": 1231,
            "I-Compliance": 369,
            "B-TechnologySpecificity": 415,
            "I-TechnologySpecificity": 759,
            "B-InstrumentType": 637,
            "B-Time": 172,
            "I-Time": 531,
            "I-Actor": 1524,
            "I-EnergySpecificity": 441,
            "B-Objective": 158,
            "I-Objective": 939,
            "I-InstrumentType": 712,
            "B-Reversibility": 5,
            "B-ApplicationSpecificity": 257,
            "B-Resource": 66,
            "I-Resource": 88
        },
        "preds": {
            "O": 27828,
            "B-EnergySpecificity": 396,
            "B-ApplicationSpecificity": 383,
            "I-ApplicationSpecificity": 294,
            "B-Actor": 1381,
            "B-Compliance": 330,
            "B-Reference": 335,
            "I-Reference": 1210,
            "B-TechnologySpecificity": 690,
            "I-TechnologySpecificity": 723,
            "B-Time": 256,
            "I-Time": 615,
            "I-Actor": 1452,
            "I-EnergySpecificity": 394,
            "B-InstrumentType": 604,
            "B-Objective": 314,
            "I-Objective": 526,
            "I-InstrumentType": 364,
            "B-Resource": 68,
            "I-Compliance": 147,
            "B-Reversibility": 26,
            "I-Reversibility": 23,
            "I-Resource": 27
        }
    }
}