{
    "metrics": {
        "Actor": {
            "precision": 0.7969978556111508,
            "recall": 0.8786446020488574,
            "f1": 0.835832083958021,
            "number": 1269
        },
        "ApplicationSpecificity": {
            "precision": 0.26649076517150394,
            "recall": 0.3069908814589666,
            "f1": 0.2853107344632768,
            "number": 329
        },
        "Compliance": {
            "precision": 0.5369565217391304,
            "recall": 0.6365979381443299,
            "f1": 0.5825471698113207,
            "number": 388
        },
        "EnergySpecificity": {
            "precision": 0.6555269922879178,
            "recall": 0.6929347826086957,
            "f1": 0.6737120211360634,
            "number": 368
        },
        "InstrumentType": {
            "precision": 0.4957780458383595,
            "recall": 0.605301914580265,
            "f1": 0.5450928381962864,
            "number": 679
        },
        "Objective": {
            "precision": 0.24279835390946503,
            "recall": 0.26339285714285715,
            "f1": 0.252676659528908,
            "number": 224
        },
        "Reference": {
            "precision": 0.7424242424242424,
            "recall": 0.7747035573122529,
            "f1": 0.758220502901354,
            "number": 253
        },
        "Resource": {
            "precision": 0.12,
            "recall": 0.13043478260869565,
            "f1": 0.12499999999999997,
            "number": 69
        },
        "Reversibility": {
            "precision": 0.0,
            "recall": 0.0,
            "f1": 0.0,
            "number": 5
        },
        "TechnologySpecificity": {
            "precision": 0.46749654218533887,
            "recall": 0.6450381679389313,
            "f1": 0.5421010425020047,
            "number": 524
        },
        "Time": {
            "precision": 0.4618834080717489,
            "recall": 0.5919540229885057,
            "f1": 0.5188916876574307,
            "number": 174
        }
    },
    "counts": {
        "reals": {
            "O": 26809,
            "B-EnergySpecificity": 365,
            "I-ApplicationSpecificity": 506,
            "B-Actor": 1232,
            "B-Compliance": 372,
            "B-Reference": 245,
            "I-Reference": 1147,
            "I-Compliance": 411,
            "B-TechnologySpecificity": 419,
            "I-TechnologySpecificity": 786,
            "B-InstrumentType": 639,
            "B-Time": 172,
            "I-Time": 441,
            "I-Actor": 1440,
            "I-EnergySpecificity": 440,
            "B-Objective": 159,
            "I-Objective": 945,
            "I-InstrumentType": 725,
            "B-Reversibility": 5,
            "B-ApplicationSpecificity": 262,
            "B-Resource": 66,
            "I-Resource": 90
        },
        "preds": {
            "O": 26542,
            "B-ApplicationSpecificity": 379,
            "I-ApplicationSpecificity": 431,
            "B-Actor": 1399,
            "B-Compliance": 460,
            "I-Compliance": 243,
            "B-Reference": 264,
            "I-Reference": 1054,
            "B-TechnologySpecificity": 723,
            "I-TechnologySpecificity": 774,
            "B-EnergySpecificity": 389,
            "B-Time": 223,
            "I-Time": 524,
            "I-Actor": 1405,
            "I-EnergySpecificity": 385,
            "B-InstrumentType": 829,
            "I-InstrumentType": 639,
            "B-Resource": 75,
            "B-Objective": 243,
            "I-Objective": 441,
            "I-Resource": 42,
            "B-Reversibility": 29,
            "I-Reversibility": 183
        }
    }
}