{
    "metrics": {
        "Actor": {
            "precision": 0.7652329749103942,
            "recall": 0.9017951425554382,
            "f1": 0.8279205041202133,
            "number": 947
        },
        "ApplicationSpecificity": {
            "precision": 0.334384858044164,
            "recall": 0.381294964028777,
            "f1": 0.3563025210084033,
            "number": 278
        },
        "Compliance": {
            "precision": 0.505938242280285,
            "recall": 0.5916666666666667,
            "f1": 0.5454545454545454,
            "number": 360
        },
        "EnergySpecificity": {
            "precision": 0.7133956386292835,
            "recall": 0.720125786163522,
            "f1": 0.7167449139280125,
            "number": 318
        },
        "InstrumentType": {
            "precision": 0.503030303030303,
            "recall": 0.5845070422535211,
            "f1": 0.5407166123778502,
            "number": 568
        },
        "Objective": {
            "precision": 0.18631178707224336,
            "recall": 0.3656716417910448,
            "f1": 0.24685138539042825,
            "number": 268
        },
        "Reference": {
            "precision": 0.7244444444444444,
            "recall": 0.7477064220183486,
            "f1": 0.7358916478555303,
            "number": 218
        },
        "Resource": {
            "precision": 0.21568627450980393,
            "recall": 0.29333333333333333,
            "f1": 0.2485875706214689,
            "number": 75
        },
        "Reversibility": {
            "precision": 0.0,
            "recall": 0.0,
            "f1": 0.0,
            "number": 2
        },
        "TechnologySpecificity": {
            "precision": 0.4085106382978723,
            "recall": 0.5439093484419264,
            "f1": 0.46658566221142167,
            "number": 353
        },
        "Time": {
            "precision": 0.5,
            "recall": 0.6086956521739131,
            "f1": 0.5490196078431373,
            "number": 161
        }
    },
    "counts": {
        "reals": {
            "O": 24139,
            "B-Actor": 936,
            "B-Reference": 211,
            "I-Reference": 931,
            "B-Compliance": 347,
            "B-Time": 159,
            "I-Time": 405,
            "I-Actor": 902,
            "B-Reversibility": 2,
            "I-Reversibility": 19,
            "B-TechnologySpecificity": 277,
            "I-TechnologySpecificity": 535,
            "B-EnergySpecificity": 310,
            "I-EnergySpecificity": 384,
            "B-ApplicationSpecificity": 214,
            "I-ApplicationSpecificity": 481,
            "B-InstrumentType": 545,
            "I-InstrumentType": 668,
            "B-Objective": 183,
            "I-Objective": 1235,
            "I-Compliance": 399,
            "I-Resource": 129,
            "B-Resource": 69
        },
        "preds": {
            "O": 23697,
            "B-Actor": 1116,
            "B-Reference": 225,
            "I-Reference": 840,
            "B-Compliance": 421,
            "B-Time": 196,
            "I-Time": 378,
            "I-Actor": 1014,
            "B-EnergySpecificity": 321,
            "B-TechnologySpecificity": 470,
            "I-EnergySpecificity": 307,
            "I-TechnologySpecificity": 469,
            "B-InstrumentType": 660,
            "B-Objective": 526,
            "I-Objective": 1161,
            "B-Resource": 102,
            "I-Resource": 101,
            "I-InstrumentType": 628,
            "I-Compliance": 233,
            "B-ApplicationSpecificity": 317,
            "I-ApplicationSpecificity": 298
        }
    }
}