{
    "Addressee_default": {
        "precision": 0.4897435897435897,
        "recall": 0.6282894736842105,
        "f1": 0.5504322766570606,
        "number": 304
    },
    "Addressee_monitored": {
        "precision": 0.42063492063492064,
        "recall": 0.5096153846153846,
        "f1": 0.46086956521739125,
        "number": 104
    },
    "Addressee_resource": {
        "precision": 0.0,
        "recall": 0.0,
        "f1": 0.0,
        "number": 25
    },
    "Addressee_sector": {
        "precision": 0.5465587044534413,
        "recall": 0.6081081081081081,
        "f1": 0.5756929637526653,
        "number": 222
    },
    "App_LowCarbon": {
        "precision": 0.22613065326633167,
        "recall": 0.27607361963190186,
        "f1": 0.24861878453038672,
        "number": 163
    },
    "App_Other": {
        "precision": 0.2818181818181818,
        "recall": 0.22962962962962963,
        "f1": 0.25306122448979596,
        "number": 135
    },
    "Authority_default": {
        "precision": 0.5,
        "recall": 0.5611111111111111,
        "f1": 0.5287958115183246,
        "number": 180
    },
    "Authority_established": {
        "precision": 0.0,
        "recall": 0.0,
        "f1": 0.0,
        "number": 19
    },
    "Authority_legislative": {
        "precision": 0.6,
        "recall": 0.7142857142857143,
        "f1": 0.6521739130434783,
        "number": 42
    },
    "Authority_monitoring": {
        "precision": 0.6759259259259259,
        "recall": 0.6347826086956522,
        "f1": 0.6547085201793722,
        "number": 115
    },
    "Edu_Outreach": {
        "precision": 0.05555555555555555,
        "recall": 0.05263157894736842,
        "f1": 0.05405405405405406,
        "number": 57
    },
    "Energy_LowCarbon": {
        "precision": 0.6360655737704918,
        "recall": 0.7106227106227107,
        "f1": 0.671280276816609,
        "number": 273
    },
    "Energy_Other": {
        "precision": 0.36231884057971014,
        "recall": 0.36231884057971014,
        "f1": 0.36231884057971014,
        "number": 69
    },
    "Form_monitoring": {
        "precision": 0.4289340101522843,
        "recall": 0.4884393063583815,
        "f1": 0.45675675675675675,
        "number": 346
    },
    "Form_sanctioning": {
        "precision": 1.0,
        "recall": 0.375,
        "f1": 0.5454545454545454,
        "number": 8
    },
    "FrameworkPolicy": {
        "precision": 0.36633663366336633,
        "recall": 0.6166666666666667,
        "f1": 0.45962732919254656,
        "number": 60
    },
    "Objective_QualIntention": {
        "precision": 0.18,
        "recall": 0.16363636363636364,
        "f1": 0.17142857142857143,
        "number": 165
    },
    "Objective_QualIntention_noCCM": {
        "precision": 0.03571428571428571,
        "recall": 0.031746031746031744,
        "f1": 0.03361344537815126,
        "number": 63
    },
    "Objective_QuantTarget": {
        "precision": 0.07526881720430108,
        "recall": 0.13725490196078433,
        "f1": 0.09722222222222224,
        "number": 51
    },
    "Objective_QuantTarget_noCCM": {
        "precision": 0.0,
        "recall": 0.0,
        "f1": 0.0,
        "number": 2
    },
    "PublicInvt": {
        "precision": 0.4,
        "recall": 0.25,
        "f1": 0.3076923076923077,
        "number": 24
    },
    "RD_D": {
        "precision": 0.0,
        "recall": 0.0,
        "f1": 0.0,
        "number": 3
    },
    "Ref_OtherPolicy": {
        "precision": 0.6256983240223464,
        "recall": 0.7724137931034483,
        "f1": 0.6913580246913581,
        "number": 145
    },
    "Ref_PolicyAmended": {
        "precision": 0.2777777777777778,
        "recall": 0.19230769230769232,
        "f1": 0.2272727272727273,
        "number": 26
    },
    "Ref_Strategy_Agreement": {
        "precision": 0.36923076923076925,
        "recall": 0.42105263157894735,
        "f1": 0.39344262295081966,
        "number": 57
    },
    "RegulatoryInstr": {
        "precision": 0.3065326633165829,
        "recall": 0.2850467289719626,
        "f1": 0.29539951573849876,
        "number": 214
    },
    "Resource_MonRevenues": {
        "precision": 0.5,
        "recall": 0.16666666666666666,
        "f1": 0.25,
        "number": 6
    },
    "Resource_MonSpending": {
        "precision": 0.3333333333333333,
        "recall": 0.15384615384615385,
        "f1": 0.21052631578947367,
        "number": 26
    },
    "Resource_Other": {
        "precision": 0.12,
        "recall": 0.057692307692307696,
        "f1": 0.07792207792207792,
        "number": 52
    },
    "Reversibility_policy": {
        "precision": 0.0,
        "recall": 0.0,
        "f1": 0.0,
        "number": 2
    },
    "Subsidies_Incentives": {
        "precision": 0.375,
        "recall": 0.13636363636363635,
        "f1": 0.19999999999999998,
        "number": 22
    },
    "TaxIncentives": {
        "precision": 0.3333333333333333,
        "recall": 0.16666666666666666,
        "f1": 0.2222222222222222,
        "number": 12
    },
    "Tech_LowCarbon": {
        "precision": 0.32068965517241377,
        "recall": 0.41517857142857145,
        "f1": 0.3618677042801556,
        "number": 224
    },
    "Tech_Other": {
        "precision": 0.39800995024875624,
        "recall": 0.45977011494252873,
        "f1": 0.42666666666666664,
        "number": 174
    },
    "Time_Compliance": {
        "precision": 0.23529411764705882,
        "recall": 0.27586206896551724,
        "f1": 0.253968253968254,
        "number": 58
    },
    "Time_InEffect": {
        "precision": 0.13333333333333333,
        "recall": 0.1,
        "f1": 0.1142857142857143,
        "number": 20
    },
    "Time_Monitoring": {
        "precision": 0.28695652173913044,
        "recall": 0.44,
        "f1": 0.34736842105263155,
        "number": 75
    },
    "Time_PolDuration": {
        "precision": 0.0,
        "recall": 0.0,
        "f1": 0.0,
        "number": 14
    },
    "TradablePermit": {
        "precision": 0.05,
        "recall": 0.1,
        "f1": 0.06666666666666667,
        "number": 10
    },
    "Unspecified": {
        "precision": 0.44244604316546765,
        "recall": 0.5125,
        "f1": 0.4749034749034749,
        "number": 240
    },
    "VoluntaryAgrmt": {
        "precision": 0.2903225806451613,
        "recall": 0.5,
        "f1": 0.3673469387755102,
        "number": 18
    },
    "overall_precision": 0.40436639772187943,
    "overall_recall": 0.4454901960784314,
    "overall_f1": 0.42393332504042786,
    "overall_accuracy": 0.8280990790000572
}