{
    "Addressee_default": {
        "precision": 0.498134328358209,
        "recall": 0.5680851063829787,
        "f1": 0.5308151093439364,
        "number": 470
    },
    "Addressee_monitored": {
        "precision": 0.45528455284552843,
        "recall": 0.4409448818897638,
        "f1": 0.448,
        "number": 127
    },
    "Addressee_resource": {
        "precision": 0.0,
        "recall": 0.0,
        "f1": 0.0,
        "number": 28
    },
    "Addressee_sector": {
        "precision": 0.44539614561027835,
        "recall": 0.6645367412140575,
        "f1": 0.5333333333333333,
        "number": 313
    },
    "App_LowCarbon": {
        "precision": 0.1510791366906475,
        "recall": 0.11351351351351352,
        "f1": 0.12962962962962965,
        "number": 185
    },
    "App_Other": {
        "precision": 0.20666666666666667,
        "recall": 0.2246376811594203,
        "f1": 0.2152777777777778,
        "number": 138
    },
    "Authority_default": {
        "precision": 0.31645569620253167,
        "recall": 0.4573170731707317,
        "f1": 0.3740648379052369,
        "number": 164
    },
    "Authority_established": {
        "precision": 0.0,
        "recall": 0.0,
        "f1": 0.0,
        "number": 1
    },
    "Authority_legislative": {
        "precision": 0.6086956521739131,
        "recall": 0.5185185185185185,
        "f1": 0.5599999999999999,
        "number": 54
    },
    "Authority_monitoring": {
        "precision": 0.6685714285714286,
        "recall": 0.7748344370860927,
        "f1": 0.7177914110429447,
        "number": 151
    },
    "Edu_Outreach": {
        "precision": 0.047619047619047616,
        "recall": 0.08333333333333333,
        "f1": 0.060606060606060615,
        "number": 24
    },
    "Energy_LowCarbon": {
        "precision": 0.5994318181818182,
        "recall": 0.7785977859778598,
        "f1": 0.6773675762439808,
        "number": 271
    },
    "Energy_Other": {
        "precision": 0.6875,
        "recall": 0.12359550561797752,
        "f1": 0.20952380952380953,
        "number": 89
    },
    "Form_monitoring": {
        "precision": 0.32432432432432434,
        "recall": 0.6648199445983379,
        "f1": 0.4359673024523161,
        "number": 361
    },
    "Form_sanctioning": {
        "precision": 0.0,
        "recall": 0.0,
        "f1": 0.0,
        "number": 27
    },
    "FrameworkPolicy": {
        "precision": 0.5510204081632653,
        "recall": 0.35526315789473684,
        "f1": 0.432,
        "number": 76
    },
    "Objective_QualIntention": {
        "precision": 0.06369426751592357,
        "recall": 0.11363636363636363,
        "f1": 0.08163265306122448,
        "number": 88
    },
    "Objective_QualIntention_noCCM": {
        "precision": 0.021505376344086023,
        "recall": 0.029850746268656716,
        "f1": 0.025000000000000005,
        "number": 67
    },
    "Objective_QuantTarget": {
        "precision": 0.028037383177570093,
        "recall": 0.04918032786885246,
        "f1": 0.03571428571428571,
        "number": 61
    },
    "PublicInvt": {
        "precision": 0.0,
        "recall": 0.0,
        "f1": 0.0,
        "number": 26
    },
    "RD_D": {
        "precision": 0.0,
        "recall": 0.0,
        "f1": 0.0,
        "number": 2
    },
    "Ref_OtherPolicy": {
        "precision": 0.6461538461538462,
        "recall": 0.7590361445783133,
        "f1": 0.6980609418282548,
        "number": 166
    },
    "Ref_PolicyAmended": {
        "precision": 0.6071428571428571,
        "recall": 0.40476190476190477,
        "f1": 0.4857142857142857,
        "number": 42
    },
    "Ref_Strategy_Agreement": {
        "precision": 0.3157894736842105,
        "recall": 0.5142857142857142,
        "f1": 0.391304347826087,
        "number": 35
    },
    "RegulatoryInstr": {
        "precision": 0.3190883190883191,
        "recall": 0.34355828220858897,
        "f1": 0.33087149187592313,
        "number": 326
    },
    "Resource_MonRevenues": {
        "precision": 0.0,
        "recall": 0.0,
        "f1": 0.0,
        "number": 11
    },
    "Resource_MonSpending": {
        "precision": 0.0,
        "recall": 0.0,
        "f1": 0.0,
        "number": 32
    },
    "Resource_Other": {
        "precision": 0.0,
        "recall": 0.0,
        "f1": 0.0,
        "number": 35
    },
    "Reversibility_policy": {
        "precision": 0.0,
        "recall": 0.0,
        "f1": 0.0,
        "number": 5
    },
    "Subsidies_Incentives": {
        "precision": 0.0,
        "recall": 0.0,
        "f1": 0.0,
        "number": 28
    },
    "TaxIncentives": {
        "precision": 0.0,
        "recall": 0.0,
        "f1": 0.0,
        "number": 25
    },
    "Tech_LowCarbon": {
        "precision": 0.21428571428571427,
        "recall": 0.48175182481751827,
        "f1": 0.2966292134831461,
        "number": 274
    },
    "Tech_Other": {
        "precision": 0.43944636678200694,
        "recall": 0.47924528301886793,
        "f1": 0.4584837545126354,
        "number": 265
    },
    "Time_Compliance": {
        "precision": 0.19205298013245034,
        "recall": 0.5471698113207547,
        "f1": 0.2843137254901961,
        "number": 53
    },
    "Time_InEffect": {
        "precision": 0.2,
        "recall": 0.07407407407407407,
        "f1": 0.10810810810810811,
        "number": 27
    },
    "Time_Monitoring": {
        "precision": 0.2804878048780488,
        "recall": 0.26136363636363635,
        "f1": 0.2705882352941177,
        "number": 88
    },
    "Time_PolDuration": {
        "precision": 0.0,
        "recall": 0.0,
        "f1": 0.0,
        "number": 8
    },
    "Time_Resources": {
        "precision": 0.0,
        "recall": 0.0,
        "f1": 0.0,
        "number": 2
    },
    "TradablePermit": {
        "precision": 0.0,
        "recall": 0.0,
        "f1": 0.0,
        "number": 21
    },
    "Unspecified": {
        "precision": 0.4666666666666667,
        "recall": 0.5217391304347826,
        "f1": 0.49266862170087977,
        "number": 161
    },
    "VoluntaryAgrmt": {
        "precision": 0.0,
        "recall": 0.0,
        "f1": 0.0,
        "number": 4
    },
    "overall_precision": 0.36634579785264715,
    "overall_recall": 0.4569383514199954,
    "overall_f1": 0.4066577622521319,
    "overall_accuracy": 0.8065855991255636
}