{
    "Addressee_default": {
        "precision": 0.46953405017921146,
        "recall": 0.6533665835411472,
        "f1": 0.5464025026068822,
        "number": 401
    },
    "Addressee_monitored": {
        "precision": 0.3561643835616438,
        "recall": 0.24299065420560748,
        "f1": 0.28888888888888886,
        "number": 107
    },
    "Addressee_resource": {
        "precision": 0.0,
        "recall": 0.0,
        "f1": 0.0,
        "number": 35
    },
    "Addressee_sector": {
        "precision": 0.3945409429280397,
        "recall": 0.4789156626506024,
        "f1": 0.4326530612244898,
        "number": 332
    },
    "App_LowCarbon": {
        "precision": 0.09180327868852459,
        "recall": 0.2014388489208633,
        "f1": 0.12612612612612611,
        "number": 139
    },
    "App_Other": {
        "precision": 0.2571428571428571,
        "recall": 0.2571428571428571,
        "f1": 0.2571428571428571,
        "number": 175
    },
    "Authority_default": {
        "precision": 0.28994082840236685,
        "recall": 0.2832369942196532,
        "f1": 0.28654970760233917,
        "number": 173
    },
    "Authority_established": {
        "precision": 0.0,
        "recall": 0.0,
        "f1": 0.0,
        "number": 20
    },
    "Authority_legislative": {
        "precision": 0.6447368421052632,
        "recall": 0.8032786885245902,
        "f1": 0.7153284671532848,
        "number": 61
    },
    "Authority_monitoring": {
        "precision": 0.5527950310559007,
        "recall": 0.5894039735099338,
        "f1": 0.5705128205128205,
        "number": 151
    },
    "Edu_Outreach": {
        "precision": 0.0,
        "recall": 0.0,
        "f1": 0.0,
        "number": 35
    },
    "Energy_LowCarbon": {
        "precision": 0.5748218527315915,
        "recall": 0.6269430051813472,
        "f1": 0.5997521685254027,
        "number": 386
    },
    "Energy_Other": {
        "precision": 0.23529411764705882,
        "recall": 0.34375,
        "f1": 0.27936507936507937,
        "number": 128
    },
    "Form_monitoring": {
        "precision": 0.42039800995024873,
        "recall": 0.49415204678362573,
        "f1": 0.4543010752688172,
        "number": 342
    },
    "Form_sanctioning": {
        "precision": 1.0,
        "recall": 0.46153846153846156,
        "f1": 0.631578947368421,
        "number": 13
    },
    "FrameworkPolicy": {
        "precision": 0.3431372549019608,
        "recall": 0.5833333333333334,
        "f1": 0.4320987654320988,
        "number": 60
    },
    "Objective_QualIntention": {
        "precision": 0.11952191235059761,
        "recall": 0.19230769230769232,
        "f1": 0.14742014742014745,
        "number": 156
    },
    "Objective_QualIntention_noCCM": {
        "precision": 0.020833333333333332,
        "recall": 0.014285714285714285,
        "f1": 0.01694915254237288,
        "number": 70
    },
    "Objective_QuantTarget": {
        "precision": 0.12048192771084337,
        "recall": 0.2127659574468085,
        "f1": 0.15384615384615383,
        "number": 94
    },
    "Objective_QuantTarget_noCCM": {
        "precision": 0.0,
        "recall": 0.0,
        "f1": 0.0,
        "number": 2
    },
    "PublicInvt": {
        "precision": 0.21052631578947367,
        "recall": 0.2222222222222222,
        "f1": 0.21621621621621623,
        "number": 18
    },
    "RD_D": {
        "precision": 0.0,
        "recall": 0.0,
        "f1": 0.0,
        "number": 4
    },
    "Ref_OtherPolicy": {
        "precision": 0.5594713656387665,
        "recall": 0.7987421383647799,
        "f1": 0.6580310880829014,
        "number": 159
    },
    "Ref_PolicyAmended": {
        "precision": 0.5277777777777778,
        "recall": 0.7037037037037037,
        "f1": 0.6031746031746033,
        "number": 27
    },
    "Ref_Strategy_Agreement": {
        "precision": 0.3253968253968254,
        "recall": 0.4939759036144578,
        "f1": 0.3923444976076555,
        "number": 83
    },
    "RegulatoryInstr": {
        "precision": 0.3382899628252788,
        "recall": 0.32971014492753625,
        "f1": 0.33394495412844033,
        "number": 276
    },
    "Resource_MonRevenues": {
        "precision": 0.0,
        "recall": 0.0,
        "f1": 0.0,
        "number": 13
    },
    "Resource_MonSpending": {
        "precision": 0.14285714285714285,
        "recall": 0.0625,
        "f1": 0.08695652173913043,
        "number": 16
    },
    "Resource_Other": {
        "precision": 0.05555555555555555,
        "recall": 0.024096385542168676,
        "f1": 0.033613445378151266,
        "number": 83
    },
    "Reversibility_policy": {
        "precision": 0.0,
        "recall": 0.0,
        "f1": 0.0,
        "number": 3
    },
    "Subsidies_Incentives": {
        "precision": 0.3333333333333333,
        "recall": 0.18181818181818182,
        "f1": 0.23529411764705885,
        "number": 11
    },
    "TaxIncentives": {
        "precision": 0.14285714285714285,
        "recall": 0.07692307692307693,
        "f1": 0.1,
        "number": 13
    },
    "Tech_LowCarbon": {
        "precision": 0.2733990147783251,
        "recall": 0.2528473804100228,
        "f1": 0.2627218934911243,
        "number": 439
    },
    "Tech_Other": {
        "precision": 0.22625698324022347,
        "recall": 0.38028169014084506,
        "f1": 0.28371278458844135,
        "number": 213
    },
    "Time_Compliance": {
        "precision": 0.27225130890052357,
        "recall": 0.47706422018348627,
        "f1": 0.3466666666666667,
        "number": 109
    },
    "Time_InEffect": {
        "precision": 0.0,
        "recall": 0.0,
        "f1": 0.0,
        "number": 25
    },
    "Time_Monitoring": {
        "precision": 0.16822429906542055,
        "recall": 0.23076923076923078,
        "f1": 0.19459459459459458,
        "number": 78
    },
    "Time_PolDuration": {
        "precision": 0.0,
        "recall": 0.0,
        "f1": 0.0,
        "number": 10
    },
    "Time_Resources": {
        "precision": 0.0,
        "recall": 0.0,
        "f1": 0.0,
        "number": 9
    },
    "TradablePermit": {
        "precision": 0.2,
        "recall": 0.3076923076923077,
        "f1": 0.24242424242424246,
        "number": 13
    },
    "Unspecified": {
        "precision": 0.43646408839779005,
        "recall": 0.4968553459119497,
        "f1": 0.46470588235294114,
        "number": 159
    },
    "VoluntaryAgrmt": {
        "precision": 0.5,
        "recall": 0.3125,
        "f1": 0.38461538461538464,
        "number": 16
    },
    "overall_precision": 0.3361762615493959,
    "overall_recall": 0.40627013098561304,
    "overall_f1": 0.36791443850267386,
    "overall_accuracy": 0.7975247886569055
}