{
    "Addressee_default": {
        "precision": 0.5496296296296296,
        "recall": 0.6331058020477816,
        "f1": 0.5884218873909595,
        "number": 586
    },
    "Addressee_monitored": {
        "precision": 0.0,
        "recall": 0.0,
        "f1": 0.0,
        "number": 121
    },
    "Addressee_resource": {
        "precision": 0.0,
        "recall": 0.0,
        "f1": 0.0,
        "number": 31
    },
    "Addressee_sector": {
        "precision": 0.4345991561181435,
        "recall": 0.7228070175438597,
        "f1": 0.5428194993412385,
        "number": 285
    },
    "App_LowCarbon": {
        "precision": 0.11666666666666667,
        "recall": 0.08860759493670886,
        "f1": 0.10071942446043167,
        "number": 158
    },
    "App_Other": {
        "precision": 0.2692307692307692,
        "recall": 0.4012738853503185,
        "f1": 0.32225063938618925,
        "number": 157
    },
    "Authority_default": {
        "precision": 0.571875,
        "recall": 0.6535714285714286,
        "f1": 0.61,
        "number": 280
    },
    "Authority_established": {
        "precision": 0.0,
        "recall": 0.0,
        "f1": 0.0,
        "number": 11
    },
    "Authority_legislative": {
        "precision": 0.5384615384615384,
        "recall": 0.6363636363636364,
        "f1": 0.5833333333333334,
        "number": 55
    },
    "Authority_monitoring": {
        "precision": 0.6704545454545454,
        "recall": 0.3782051282051282,
        "f1": 0.4836065573770491,
        "number": 156
    },
    "Edu_Outreach": {
        "precision": 0.6666666666666666,
        "recall": 0.10204081632653061,
        "f1": 0.17699115044247787,
        "number": 98
    },
    "Energy_LowCarbon": {
        "precision": 0.6496598639455783,
        "recall": 0.7180451127819549,
        "f1": 0.6821428571428572,
        "number": 266
    },
    "Energy_Other": {
        "precision": 0.4041095890410959,
        "recall": 0.6020408163265306,
        "f1": 0.4836065573770492,
        "number": 98
    },
    "Form_monitoring": {
        "precision": 0.455521472392638,
        "recall": 0.6149068322981367,
        "f1": 0.5233480176211454,
        "number": 483
    },
    "Form_sanctioning": {
        "precision": 0.0,
        "recall": 0.0,
        "f1": 0.0,
        "number": 16
    },
    "FrameworkPolicy": {
        "precision": 0.33653846153846156,
        "recall": 0.5932203389830508,
        "f1": 0.4294478527607362,
        "number": 59
    },
    "Objective_QualIntention": {
        "precision": 0.08968609865470852,
        "recall": 0.13513513513513514,
        "f1": 0.1078167115902965,
        "number": 148
    },
    "Objective_QualIntention_noCCM": {
        "precision": 0.08536585365853659,
        "recall": 0.12727272727272726,
        "f1": 0.1021897810218978,
        "number": 110
    },
    "Objective_QuantTarget": {
        "precision": 0.1,
        "recall": 0.05555555555555555,
        "f1": 0.07142857142857142,
        "number": 18
    },
    "PublicInvt": {
        "precision": 0.1111111111111111,
        "recall": 0.125,
        "f1": 0.11764705882352941,
        "number": 8
    },
    "RD_D": {
        "precision": 0.0,
        "recall": 0.0,
        "f1": 0.0,
        "number": 6
    },
    "Ref_OtherPolicy": {
        "precision": 0.5319148936170213,
        "recall": 0.7062146892655368,
        "f1": 0.6067961165048543,
        "number": 177
    },
    "Ref_PolicyAmended": {
        "precision": 0.7,
        "recall": 0.35,
        "f1": 0.4666666666666667,
        "number": 20
    },
    "Ref_Strategy_Agreement": {
        "precision": 0.36363636363636365,
        "recall": 0.35443037974683544,
        "f1": 0.358974358974359,
        "number": 79
    },
    "RegulatoryInstr": {
        "precision": 0.3967741935483871,
        "recall": 0.3565217391304348,
        "f1": 0.3755725190839695,
        "number": 345
    },
    "Resource_MonRevenues": {
        "precision": 0.0,
        "recall": 0.0,
        "f1": 0.0,
        "number": 3
    },
    "Resource_MonSpending": {
        "precision": 0.21428571428571427,
        "recall": 0.1935483870967742,
        "f1": 0.20338983050847456,
        "number": 31
    },
    "Resource_Other": {
        "precision": 0.2222222222222222,
        "recall": 0.21052631578947367,
        "f1": 0.21621621621621623,
        "number": 76
    },
    "Reversibility_policy": {
        "precision": 0.0,
        "recall": 0.0,
        "f1": 0.0,
        "number": 31
    },
    "Subsidies_Incentives": {
        "precision": 0.0,
        "recall": 0.0,
        "f1": 0.0,
        "number": 22
    },
    "TaxIncentives": {
        "precision": 0.7,
        "recall": 0.5833333333333334,
        "f1": 0.6363636363636365,
        "number": 12
    },
    "Tech_LowCarbon": {
        "precision": 0.34441087613293053,
        "recall": 0.49137931034482757,
        "f1": 0.4049733570159858,
        "number": 464
    },
    "Tech_Other": {
        "precision": 0.4765625,
        "recall": 0.3370165745856354,
        "f1": 0.39482200647249194,
        "number": 362
    },
    "Time_Compliance": {
        "precision": 0.2127659574468085,
        "recall": 0.46153846153846156,
        "f1": 0.29126213592233013,
        "number": 65
    },
    "Time_InEffect": {
        "precision": 0.15789473684210525,
        "recall": 0.125,
        "f1": 0.13953488372093023,
        "number": 24
    },
    "Time_Monitoring": {
        "precision": 0.12,
        "recall": 0.17391304347826086,
        "f1": 0.14201183431952663,
        "number": 69
    },
    "Time_PolDuration": {
        "precision": 0.0,
        "recall": 0.0,
        "f1": 0.0,
        "number": 13
    },
    "TradablePermit": {
        "precision": 0.18181818181818182,
        "recall": 0.06896551724137931,
        "f1": 0.1,
        "number": 29
    },
    "Unspecified": {
        "precision": 0.43157894736842106,
        "recall": 0.5515695067264574,
        "f1": 0.48425196850393704,
        "number": 223
    },
    "VoluntaryAgrmt": {
        "precision": 0.0,
        "recall": 0.0,
        "f1": 0.0,
        "number": 33
    },
    "overall_precision": 0.4113194563908481,
    "overall_recall": 0.45734506503443,
    "overall_f1": 0.4331129426682366,
    "overall_accuracy": 0.8193797594084539
}