{
    "Addressee_default": {
        "precision": 0.5326876513317191,
        "recall": 0.7142857142857143,
        "f1": 0.6102635228848822,
        "number": 308
    },
    "Addressee_monitored": {
        "precision": 0.5,
        "recall": 0.5471698113207547,
        "f1": 0.5225225225225225,
        "number": 106
    },
    "Addressee_resource": {
        "precision": 0.0,
        "recall": 0.0,
        "f1": 0.0,
        "number": 24
    },
    "Addressee_sector": {
        "precision": 0.54,
        "recall": 0.627906976744186,
        "f1": 0.5806451612903226,
        "number": 215
    },
    "App_LowCarbon": {
        "precision": 0.1822429906542056,
        "recall": 0.2422360248447205,
        "f1": 0.20800000000000002,
        "number": 161
    },
    "App_Other": {
        "precision": 0.3838383838383838,
        "recall": 0.304,
        "f1": 0.33928571428571425,
        "number": 125
    },
    "Authority_default": {
        "precision": 0.5139664804469274,
        "recall": 0.5380116959064327,
        "f1": 0.5257142857142858,
        "number": 171
    },
    "Authority_established": {
        "precision": 0.0,
        "recall": 0.0,
        "f1": 0.0,
        "number": 17
    },
    "Authority_legislative": {
        "precision": 0.88,
        "recall": 0.55,
        "f1": 0.676923076923077,
        "number": 40
    },
    "Authority_monitoring": {
        "precision": 0.6736111111111112,
        "recall": 0.8016528925619835,
        "f1": 0.7320754716981133,
        "number": 121
    },
    "Edu_Outreach": {
        "precision": 0.21153846153846154,
        "recall": 0.21568627450980393,
        "f1": 0.21359223300970875,
        "number": 51
    },
    "Energy_LowCarbon": {
        "precision": 0.6455696202531646,
        "recall": 0.7611940298507462,
        "f1": 0.6986301369863013,
        "number": 268
    },
    "Energy_Other": {
        "precision": 0.40816326530612246,
        "recall": 0.29850746268656714,
        "f1": 0.3448275862068965,
        "number": 67
    },
    "Form_monitoring": {
        "precision": 0.5189873417721519,
        "recall": 0.5742296918767507,
        "f1": 0.5452127659574468,
        "number": 357
    },
    "Form_sanctioning": {
        "precision": 0.0,
        "recall": 0.0,
        "f1": 0.0,
        "number": 10
    },
    "FrameworkPolicy": {
        "precision": 0.3392857142857143,
        "recall": 0.6666666666666666,
        "f1": 0.44970414201183434,
        "number": 57
    },
    "Objective_QualIntention": {
        "precision": 0.21777777777777776,
        "recall": 0.28994082840236685,
        "f1": 0.24873096446700502,
        "number": 169
    },
    "Objective_QualIntention_noCCM": {
        "precision": 0.036036036036036036,
        "recall": 0.06666666666666667,
        "f1": 0.04678362573099415,
        "number": 60
    },
    "Objective_QuantTarget": {
        "precision": 0.15384615384615385,
        "recall": 0.23076923076923078,
        "f1": 0.1846153846153846,
        "number": 52
    },
    "Objective_QuantTarget_noCCM": {
        "precision": 0.0,
        "recall": 0.0,
        "f1": 0.0,
        "number": 2
    },
    "PublicInvt": {
        "precision": 0.043478260869565216,
        "recall": 0.05,
        "f1": 0.046511627906976744,
        "number": 20
    },
    "RD_D": {
        "precision": 0.0,
        "recall": 0.0,
        "f1": 0.0,
        "number": 2
    },
    "Ref_OtherPolicy": {
        "precision": 0.6419753086419753,
        "recall": 0.7536231884057971,
        "f1": 0.6933333333333332,
        "number": 138
    },
    "Ref_PolicyAmended": {
        "precision": 0.38095238095238093,
        "recall": 0.3076923076923077,
        "f1": 0.3404255319148936,
        "number": 26
    },
    "Ref_Strategy_Agreement": {
        "precision": 0.3333333333333333,
        "recall": 0.41379310344827586,
        "f1": 0.36923076923076925,
        "number": 58
    },
    "RegulatoryInstr": {
        "precision": 0.3563218390804598,
        "recall": 0.30392156862745096,
        "f1": 0.3280423280423281,
        "number": 204
    },
    "Resource_MonRevenues": {
        "precision": 0.0,
        "recall": 0.0,
        "f1": 0.0,
        "number": 6
    },
    "Resource_MonSpending": {
        "precision": 0.1111111111111111,
        "recall": 0.17391304347826086,
        "f1": 0.13559322033898305,
        "number": 23
    },
    "Resource_Other": {
        "precision": 0.09090909090909091,
        "recall": 0.06,
        "f1": 0.07228915662650602,
        "number": 50
    },
    "Reversibility_policy": {
        "precision": 0.0,
        "recall": 0.0,
        "f1": 0.0,
        "number": 2
    },
    "Subsidies_Incentives": {
        "precision": 0.3333333333333333,
        "recall": 0.14285714285714285,
        "f1": 0.2,
        "number": 21
    },
    "TaxIncentives": {
        "precision": 0.0,
        "recall": 0.0,
        "f1": 0.0,
        "number": 13
    },
    "Tech_LowCarbon": {
        "precision": 0.3273381294964029,
        "recall": 0.441747572815534,
        "f1": 0.3760330578512397,
        "number": 206
    },
    "Tech_Other": {
        "precision": 0.4046511627906977,
        "recall": 0.5,
        "f1": 0.4473007712082262,
        "number": 174
    },
    "Time_Compliance": {
        "precision": 0.23655913978494625,
        "recall": 0.3728813559322034,
        "f1": 0.2894736842105263,
        "number": 59
    },
    "Time_InEffect": {
        "precision": 0.0,
        "recall": 0.0,
        "f1": 0.0,
        "number": 20
    },
    "Time_Monitoring": {
        "precision": 0.4631578947368421,
        "recall": 0.5789473684210527,
        "f1": 0.5146198830409356,
        "number": 76
    },
    "Time_PolDuration": {
        "precision": 0.0,
        "recall": 0.0,
        "f1": 0.0,
        "number": 14
    },
    "TradablePermit": {
        "precision": 0.043478260869565216,
        "recall": 0.08333333333333333,
        "f1": 0.057142857142857134,
        "number": 12
    },
    "Unspecified": {
        "precision": 0.4074074074074074,
        "recall": 0.5654205607476636,
        "f1": 0.47358121330724073,
        "number": 214
    },
    "VoluntaryAgrmt": {
        "precision": 0.19047619047619047,
        "recall": 0.21052631578947367,
        "f1": 0.2,
        "number": 19
    },
    "overall_precision": 0.42053056516724335,
    "overall_recall": 0.48769395398608884,
    "overall_f1": 0.45162888641149507,
    "overall_accuracy": 0.8231337259708811
}