{
    "Addressee_default": {
        "precision": 0.5453020134228188,
        "recall": 0.7034632034632035,
        "f1": 0.614366729678639,
        "number": 462
    },
    "Addressee_monitored": {
        "precision": 0.550561797752809,
        "recall": 0.6049382716049383,
        "f1": 0.5764705882352942,
        "number": 81
    },
    "Addressee_resource": {
        "precision": 0.0,
        "recall": 0.0,
        "f1": 0.0,
        "number": 45
    },
    "Addressee_sector": {
        "precision": 0.4435146443514644,
        "recall": 0.44537815126050423,
        "f1": 0.4444444444444444,
        "number": 238
    },
    "App_LowCarbon": {
        "precision": 0.053811659192825115,
        "recall": 0.05429864253393665,
        "f1": 0.05405405405405405,
        "number": 221
    },
    "App_Other": {
        "precision": 0.29017857142857145,
        "recall": 0.3140096618357488,
        "f1": 0.30162412993039445,
        "number": 207
    },
    "Authority_default": {
        "precision": 0.5023696682464455,
        "recall": 0.5196078431372549,
        "f1": 0.5108433734939759,
        "number": 204
    },
    "Authority_established": {
        "precision": 0.0,
        "recall": 0.0,
        "f1": 0.0,
        "number": 27
    },
    "Authority_legislative": {
        "precision": 0.8333333333333334,
        "recall": 0.5172413793103449,
        "f1": 0.6382978723404256,
        "number": 58
    },
    "Authority_monitoring": {
        "precision": 0.5692307692307692,
        "recall": 0.7708333333333334,
        "f1": 0.6548672566371682,
        "number": 144
    },
    "Edu_Outreach": {
        "precision": 0.017241379310344827,
        "recall": 0.01694915254237288,
        "f1": 0.017094017094017092,
        "number": 59
    },
    "Energy_LowCarbon": {
        "precision": 0.5372549019607843,
        "recall": 0.7043701799485861,
        "f1": 0.6095661846496107,
        "number": 389
    },
    "Energy_Other": {
        "precision": 0.42857142857142855,
        "recall": 0.18620689655172415,
        "f1": 0.25961538461538464,
        "number": 145
    },
    "Form_monitoring": {
        "precision": 0.4810126582278481,
        "recall": 0.41304347826086957,
        "f1": 0.4444444444444445,
        "number": 460
    },
    "Form_sanctioning": {
        "precision": 0.0,
        "recall": 0.0,
        "f1": 0.0,
        "number": 2
    },
    "FrameworkPolicy": {
        "precision": 0.35294117647058826,
        "recall": 0.7384615384615385,
        "f1": 0.47761194029850745,
        "number": 65
    },
    "Objective_QualIntention": {
        "precision": 0.13636363636363635,
        "recall": 0.22131147540983606,
        "f1": 0.16874999999999998,
        "number": 122
    },
    "Objective_QualIntention_noCCM": {
        "precision": 0.03389830508474576,
        "recall": 0.043478260869565216,
        "f1": 0.0380952380952381,
        "number": 46
    },
    "Objective_QuantTarget": {
        "precision": 0.0945945945945946,
        "recall": 0.14893617021276595,
        "f1": 0.11570247933884298,
        "number": 47
    },
    "Objective_QuantTarget_noCCM": {
        "precision": 0.0,
        "recall": 0.0,
        "f1": 0.0,
        "number": 1
    },
    "PublicInvt": {
        "precision": 0.0,
        "recall": 0.0,
        "f1": 0.0,
        "number": 13
    },
    "RD_D": {
        "precision": 0.0,
        "recall": 0.0,
        "f1": 0.0,
        "number": 3
    },
    "Ref_OtherPolicy": {
        "precision": 0.554945054945055,
        "recall": 0.5838150289017341,
        "f1": 0.5690140845070423,
        "number": 173
    },
    "Ref_PolicyAmended": {
        "precision": 0.18055555555555555,
        "recall": 0.5909090909090909,
        "f1": 0.2765957446808511,
        "number": 22
    },
    "Ref_Strategy_Agreement": {
        "precision": 0.2982456140350877,
        "recall": 0.41975308641975306,
        "f1": 0.3487179487179487,
        "number": 81
    },
    "RegulatoryInstr": {
        "precision": 0.3151515151515151,
        "recall": 0.24761904761904763,
        "f1": 0.27733333333333327,
        "number": 210
    },
    "Resource_MonRevenues": {
        "precision": 0.0,
        "recall": 0.0,
        "f1": 0.0,
        "number": 8
    },
    "Resource_MonSpending": {
        "precision": 0.0,
        "recall": 0.0,
        "f1": 0.0,
        "number": 15
    },
    "Resource_Other": {
        "precision": 0.29411764705882354,
        "recall": 0.03787878787878788,
        "f1": 0.06711409395973154,
        "number": 132
    },
    "Reversibility_policy": {
        "precision": 0.0,
        "recall": 0.0,
        "f1": 0.0,
        "number": 3
    },
    "Subsidies_Incentives": {
        "precision": 0.0,
        "recall": 0.0,
        "f1": 0.0,
        "number": 13
    },
    "TaxIncentives": {
        "precision": 0.0,
        "recall": 0.0,
        "f1": 0.0,
        "number": 6
    },
    "Tech_LowCarbon": {
        "precision": 0.26475548060708265,
        "recall": 0.3420479302832244,
        "f1": 0.2984790874524714,
        "number": 459
    },
    "Tech_Other": {
        "precision": 0.20306513409961685,
        "recall": 0.30994152046783624,
        "f1": 0.24537037037037035,
        "number": 171
    },
    "Time_Compliance": {
        "precision": 0.336734693877551,
        "recall": 0.5076923076923077,
        "f1": 0.40490797546012264,
        "number": 65
    },
    "Time_InEffect": {
        "precision": 0.0,
        "recall": 0.0,
        "f1": 0.0,
        "number": 13
    },
    "Time_Monitoring": {
        "precision": 0.47761194029850745,
        "recall": 0.5161290322580645,
        "f1": 0.49612403100775193,
        "number": 62
    },
    "Time_PolDuration": {
        "precision": 0.0,
        "recall": 0.0,
        "f1": 0.0,
        "number": 4
    },
    "Time_Resources": {
        "precision": 0.0,
        "recall": 0.0,
        "f1": 0.0,
        "number": 7
    },
    "TradablePermit": {
        "precision": 0.0,
        "recall": 0.0,
        "f1": 0.0,
        "number": 13
    },
    "Unspecified": {
        "precision": 0.3701067615658363,
        "recall": 0.46017699115044247,
        "f1": 0.41025641025641024,
        "number": 226
    },
    "VoluntaryAgrmt": {
        "precision": 0.0,
        "recall": 0.0,
        "f1": 0.0,
        "number": 12
    },
    "overall_precision": 0.37929702587871766,
    "overall_recall": 0.4148711449091677,
    "overall_f1": 0.39628732849071835,
    "overall_accuracy": 0.8078880097382837
}