{
    "Addressee_default": {
        "precision": 0.4978165938864629,
        "recall": 0.742671009771987,
        "f1": 0.5960784313725491,
        "number": 307
    },
    "Addressee_monitored": {
        "precision": 0.5972222222222222,
        "recall": 0.4056603773584906,
        "f1": 0.4831460674157304,
        "number": 106
    },
    "Addressee_resource": {
        "precision": 0.0,
        "recall": 0.0,
        "f1": 0.0,
        "number": 26
    },
    "Addressee_sector": {
        "precision": 0.5205479452054794,
        "recall": 0.672566371681416,
        "f1": 0.5868725868725868,
        "number": 226
    },
    "App_LowCarbon": {
        "precision": 0.20284697508896798,
        "recall": 0.3475609756097561,
        "f1": 0.2561797752808989,
        "number": 164
    },
    "App_Other": {
        "precision": 0.31654676258992803,
        "recall": 0.3142857142857143,
        "f1": 0.3154121863799283,
        "number": 140
    },
    "Authority_default": {
        "precision": 0.5521472392638037,
        "recall": 0.4918032786885246,
        "f1": 0.5202312138728324,
        "number": 183
    },
    "Authority_established": {
        "precision": 0.0,
        "recall": 0.0,
        "f1": 0.0,
        "number": 20
    },
    "Authority_legislative": {
        "precision": 0.8235294117647058,
        "recall": 0.6363636363636364,
        "f1": 0.717948717948718,
        "number": 44
    },
    "Authority_monitoring": {
        "precision": 0.6527777777777778,
        "recall": 0.8173913043478261,
        "f1": 0.7258687258687259,
        "number": 115
    },
    "Edu_Outreach": {
        "precision": 0.2602739726027397,
        "recall": 0.3333333333333333,
        "f1": 0.2923076923076923,
        "number": 57
    },
    "Energy_LowCarbon": {
        "precision": 0.6955017301038062,
        "recall": 0.7389705882352942,
        "f1": 0.7165775401069518,
        "number": 272
    },
    "Energy_Other": {
        "precision": 0.35555555555555557,
        "recall": 0.2222222222222222,
        "f1": 0.27350427350427353,
        "number": 72
    },
    "Form_monitoring": {
        "precision": 0.43636363636363634,
        "recall": 0.6189111747851003,
        "f1": 0.5118483412322274,
        "number": 349
    },
    "Form_sanctioning": {
        "precision": 1.0,
        "recall": 0.375,
        "f1": 0.5454545454545454,
        "number": 8
    },
    "FrameworkPolicy": {
        "precision": 0.47674418604651164,
        "recall": 0.6507936507936508,
        "f1": 0.5503355704697986,
        "number": 63
    },
    "Objective_QualIntention": {
        "precision": 0.1951219512195122,
        "recall": 0.24242424242424243,
        "f1": 0.2162162162162162,
        "number": 165
    },
    "Objective_QualIntention_noCCM": {
        "precision": 0.08333333333333333,
        "recall": 0.09523809523809523,
        "f1": 0.08888888888888889,
        "number": 63
    },
    "Objective_QuantTarget": {
        "precision": 0.14,
        "recall": 0.27450980392156865,
        "f1": 0.18543046357615894,
        "number": 51
    },
    "Objective_QuantTarget_noCCM": {
        "precision": 0.0,
        "recall": 0.0,
        "f1": 0.0,
        "number": 2
    },
    "PublicInvt": {
        "precision": 0.2631578947368421,
        "recall": 0.43478260869565216,
        "f1": 0.32786885245901637,
        "number": 23
    },
    "RD_D": {
        "precision": 0.0,
        "recall": 0.0,
        "f1": 0.0,
        "number": 3
    },
    "Ref_OtherPolicy": {
        "precision": 0.632768361581921,
        "recall": 0.7619047619047619,
        "f1": 0.6913580246913581,
        "number": 147
    },
    "Ref_PolicyAmended": {
        "precision": 0.21052631578947367,
        "recall": 0.15384615384615385,
        "f1": 0.17777777777777778,
        "number": 26
    },
    "Ref_Strategy_Agreement": {
        "precision": 0.45901639344262296,
        "recall": 0.49122807017543857,
        "f1": 0.47457627118644063,
        "number": 57
    },
    "RegulatoryInstr": {
        "precision": 0.3217391304347826,
        "recall": 0.3474178403755869,
        "f1": 0.33408577878103835,
        "number": 213
    },
    "Resource_MonRevenues": {
        "precision": 0.625,
        "recall": 0.8333333333333334,
        "f1": 0.7142857142857143,
        "number": 6
    },
    "Resource_MonSpending": {
        "precision": 0.21739130434782608,
        "recall": 0.19230769230769232,
        "f1": 0.20408163265306123,
        "number": 26
    },
    "Resource_Other": {
        "precision": 0.14583333333333334,
        "recall": 0.13725490196078433,
        "f1": 0.14141414141414144,
        "number": 51
    },
    "Reversibility_policy": {
        "precision": 0.0,
        "recall": 0.0,
        "f1": 0.0,
        "number": 2
    },
    "Subsidies_Incentives": {
        "precision": 0.5789473684210527,
        "recall": 0.4782608695652174,
        "f1": 0.5238095238095238,
        "number": 23
    },
    "TaxIncentives": {
        "precision": 0.5,
        "recall": 0.4166666666666667,
        "f1": 0.45454545454545453,
        "number": 12
    },
    "Tech_LowCarbon": {
        "precision": 0.4025423728813559,
        "recall": 0.42035398230088494,
        "f1": 0.41125541125541126,
        "number": 226
    },
    "Tech_Other": {
        "precision": 0.46596858638743455,
        "recall": 0.5085714285714286,
        "f1": 0.48633879781420764,
        "number": 175
    },
    "Time_Compliance": {
        "precision": 0.28846153846153844,
        "recall": 0.25,
        "f1": 0.26785714285714285,
        "number": 60
    },
    "Time_InEffect": {
        "precision": 0.125,
        "recall": 0.10526315789473684,
        "f1": 0.11428571428571428,
        "number": 19
    },
    "Time_Monitoring": {
        "precision": 0.4380952380952381,
        "recall": 0.6133333333333333,
        "f1": 0.5111111111111111,
        "number": 75
    },
    "Time_PolDuration": {
        "precision": 0.25,
        "recall": 0.07142857142857142,
        "f1": 0.11111111111111112,
        "number": 14
    },
    "TradablePermit": {
        "precision": 0.06896551724137931,
        "recall": 0.2,
        "f1": 0.10256410256410257,
        "number": 10
    },
    "Unspecified": {
        "precision": 0.4725274725274725,
        "recall": 0.5397489539748954,
        "f1": 0.5039062499999999,
        "number": 239
    },
    "VoluntaryAgrmt": {
        "precision": 0.3181818181818182,
        "recall": 0.3684210526315789,
        "f1": 0.3414634146341463,
        "number": 19
    },
    "overall_precision": 0.42926721275182644,
    "overall_recall": 0.5024617776626069,
    "overall_f1": 0.4629894937917861,
    "overall_accuracy": 0.8308361809632291
}