{
    "metrics": {
        "Addressee_default": {
            "precision": 0.5345911949685535,
            "recall": 0.5619834710743802,
            "f1": 0.547945205479452,
            "number": 605
        },
        "Addressee_monitored": {
            "precision": 0.26666666666666666,
            "recall": 0.21374045801526717,
            "f1": 0.23728813559322035,
            "number": 131
        },
        "Addressee_resource": {
            "precision": 0.0,
            "recall": 0.0,
            "f1": 0.0,
            "number": 28
        },
        "Addressee_sector": {
            "precision": 0.4274193548387097,
            "recall": 0.7235494880546075,
            "f1": 0.5373891001267427,
            "number": 293
        },
        "App_LowCarbon": {
            "precision": 0.1592920353982301,
            "recall": 0.10843373493975904,
            "f1": 0.12903225806451613,
            "number": 166
        },
        "App_Other": {
            "precision": 0.4188034188034188,
            "recall": 0.28994082840236685,
            "f1": 0.34265734265734266,
            "number": 169
        },
        "Authority_default": {
            "precision": 0.42105263157894735,
            "recall": 0.2826855123674912,
            "f1": 0.3382663847780127,
            "number": 283
        },
        "Authority_established": {
            "precision": 0.0,
            "recall": 0.0,
            "f1": 0.0,
            "number": 10
        },
        "Authority_legislative": {
            "precision": 0.48,
            "recall": 0.6206896551724138,
            "f1": 0.5413533834586466,
            "number": 58
        },
        "Authority_monitoring": {
            "precision": 0.44,
            "recall": 0.7610062893081762,
            "f1": 0.5576036866359447,
            "number": 159
        },
        "Edu_Outreach": {
            "precision": 0.32,
            "recall": 0.16666666666666666,
            "f1": 0.2191780821917808,
            "number": 96
        },
        "Energy_LowCarbon": {
            "precision": 0.6832298136645962,
            "recall": 0.7942238267148014,
            "f1": 0.7345575959933222,
            "number": 277
        },
        "Energy_Other": {
            "precision": 0.4838709677419355,
            "recall": 0.5769230769230769,
            "f1": 0.5263157894736842,
            "number": 104
        },
        "Form_monitoring": {
            "precision": 0.4975369458128079,
            "recall": 0.6121212121212121,
            "f1": 0.5489130434782609,
            "number": 495
        },
        "Form_sanctioning": {
            "precision": 0.8,
            "recall": 0.25,
            "f1": 0.38095238095238093,
            "number": 16
        },
        "FrameworkPolicy": {
            "precision": 0.39759036144578314,
            "recall": 0.532258064516129,
            "f1": 0.4551724137931034,
            "number": 62
        },
        "Objective_QualIntention": {
            "precision": 0.13953488372093023,
            "recall": 0.11842105263157894,
            "f1": 0.12811387900355872,
            "number": 152
        },
        "Objective_QualIntention_noCCM": {
            "precision": 0.07272727272727272,
            "recall": 0.04,
            "f1": 0.051612903225806445,
            "number": 100
        },
        "Objective_QuantTarget": {
            "precision": 0.023255813953488372,
            "recall": 0.047619047619047616,
            "f1": 0.03125,
            "number": 21
        },
        "Objective_QuantTarget_noCCM": {
            "precision": 0,
            "recall": 0,
            "f1": 0,
            "number": 0
        },
        "PublicInvt": {
            "precision": 0.07894736842105263,
            "recall": 0.3333333333333333,
            "f1": 0.12765957446808512,
            "number": 9
        },
        "RD_D": {
            "precision": 0.0,
            "recall": 0.0,
            "f1": 0.0,
            "number": 4
        },
        "Ref_OtherPolicy": {
            "precision": 0.45955882352941174,
            "recall": 0.6983240223463687,
            "f1": 0.5543237250554324,
            "number": 179
        },
        "Ref_PolicyAmended": {
            "precision": 0.3333333333333333,
            "recall": 0.2857142857142857,
            "f1": 0.30769230769230765,
            "number": 21
        },
        "Ref_Strategy_Agreement": {
            "precision": 0.2734375,
            "recall": 0.44871794871794873,
            "f1": 0.33980582524271846,
            "number": 78
        },
        "RegulatoryInstr": {
            "precision": 0.4543010752688172,
            "recall": 0.48563218390804597,
            "f1": 0.46944444444444444,
            "number": 348
        },
        "Resource_MonRevenues": {
            "precision": 0.0,
            "recall": 0.0,
            "f1": 0.0,
            "number": 3
        },
        "Resource_MonSpending": {
            "precision": 0.2857142857142857,
            "recall": 0.3870967741935484,
            "f1": 0.3287671232876712,
            "number": 31
        },
        "Resource_Other": {
            "precision": 0.23076923076923078,
            "recall": 0.20270270270270271,
            "f1": 0.21582733812949642,
            "number": 74
        },
        "Reversibility_policy": {
            "precision": 0.0,
            "recall": 0.0,
            "f1": 0.0,
            "number": 29
        },
        "Subsidies_Incentives": {
            "precision": 0.15384615384615385,
            "recall": 0.08,
            "f1": 0.10526315789473685,
            "number": 25
        },
        "TaxIncentives": {
            "precision": 0.4666666666666667,
            "recall": 0.5833333333333334,
            "f1": 0.5185185185185186,
            "number": 12
        },
        "Tech_LowCarbon": {
            "precision": 0.2946927374301676,
            "recall": 0.44142259414225943,
            "f1": 0.35343383584589616,
            "number": 478
        },
        "Tech_Other": {
            "precision": 0.3860759493670886,
            "recall": 0.3253333333333333,
            "f1": 0.35311143270622286,
            "number": 375
        },
        "Time_Compliance": {
            "precision": 0.2222222222222222,
            "recall": 0.36923076923076925,
            "f1": 0.2774566473988439,
            "number": 65
        },
        "Time_InEffect": {
            "precision": 0.3333333333333333,
            "recall": 0.28,
            "f1": 0.30434782608695654,
            "number": 25
        },
        "Time_Monitoring": {
            "precision": 0.25,
            "recall": 0.4166666666666667,
            "f1": 0.3125,
            "number": 72
        },
        "Time_PolDuration": {
            "precision": 0.0,
            "recall": 0.0,
            "f1": 0.0,
            "number": 12
        },
        "Time_Resources": {
            "precision": 0,
            "recall": 0,
            "f1": 0,
            "number": 0
        },
        "TradablePermit": {
            "precision": 0.14285714285714285,
            "recall": 0.25,
            "f1": 0.18181818181818182,
            "number": 28
        },
        "Unspecified": {
            "precision": 0.4139194139194139,
            "recall": 0.509009009009009,
            "f1": 0.45656565656565656,
            "number": 222
        },
        "VoluntaryAgrmt": {
            "precision": 0.42857142857142855,
            "recall": 0.2647058823529412,
            "f1": 0.32727272727272727,
            "number": 34
        }
    },
    "counts": {
        "reals": {
            "O": 33136,
            "B-RegulatoryInstr": 336,
            "B-Addressee_default": 601,
            "I-Addressee_default": 566,
            "B-Addressee_monitored": 129,
            "I-Addressee_monitored": 126,
            "B-Addressee_sector": 283,
            "I-Addressee_sector": 406,
            "B-Authority_monitoring": 158,
            "I-Authority_monitoring": 62,