{
    "metrics": {
        "Addressee_default": {
            "precision": 0.5401174168297456,
            "recall": 0.6917293233082706,
            "f1": 0.6065934065934065,
            "number": 399
        },
        "Addressee_monitored": {
            "precision": 0.7032967032967034,
            "recall": 0.6037735849056604,
            "f1": 0.6497461928934011,
            "number": 106
        },
        "Addressee_resource": {
            "precision": 0.3333333333333333,
            "recall": 0.02857142857142857,
            "f1": 0.05263157894736842,
            "number": 35
        },
        "Addressee_sector": {
            "precision": 0.441527446300716,
            "recall": 0.5606060606060606,
            "f1": 0.49399198931909216,
            "number": 330
        },
        "App_LowCarbon": {
            "precision": 0.09883720930232558,
            "recall": 0.23776223776223776,
            "f1": 0.13963039014373715,
            "number": 143
        },
        "App_Other": {
            "precision": 0.3422459893048128,
            "recall": 0.3575418994413408,
            "f1": 0.34972677595628415,
            "number": 179
        },
        "Authority_default": {
            "precision": 0.5702479338842975,
            "recall": 0.3898305084745763,
            "f1": 0.4630872483221477,
            "number": 177
        },
        "Authority_established": {
            "precision": 0.0,
            "recall": 0.0,
            "f1": 0.0,
            "number": 21
        },
        "Authority_legislative": {
            "precision": 0.6111111111111112,
            "recall": 0.8870967741935484,
            "f1": 0.7236842105263158,
            "number": 62
        },
        "Authority_monitoring": {
            "precision": 0.7535211267605634,
            "recall": 0.7133333333333334,
            "f1": 0.732876712328767,
            "number": 150
        },
        "Edu_Outreach": {
            "precision": 0.06060606060606061,
            "recall": 0.05714285714285714,
            "f1": 0.05882352941176471,
            "number": 35
        },
        "Energy_LowCarbon": {
            "precision": 0.6053719008264463,
            "recall": 0.7532133676092545,
            "f1": 0.6712485681557846,
            "number": 389
        },
        "Energy_Other": {
            "precision": 0.5242718446601942,
            "recall": 0.40601503759398494,
            "f1": 0.45762711864406774,
            "number": 133
        },
        "Form_monitoring": {
            "precision": 0.4704370179948586,
            "recall": 0.5366568914956011,
            "f1": 0.5013698630136987,
            "number": 341
        },
        "Form_sanctioning": {
            "precision": 1.0,
            "recall": 0.46153846153846156,
            "f1": 0.631578947368421,
            "number": 13
        },
        "FrameworkPolicy": {
            "precision": 0.4794520547945205,
            "recall": 0.6140350877192983,
            "f1": 0.5384615384615384,
            "number": 57
        },
        "Objective_QualIntention": {
            "precision": 0.1518987341772152,
            "recall": 0.32432432432432434,
            "f1": 0.20689655172413793,
            "number": 148
        },
        "Objective_QualIntention_noCCM": {
            "precision": 0.09375,
            "recall": 0.043478260869565216,
            "f1": 0.0594059405940594,
            "number": 69
        },
        "Objective_QuantTarget": {
            "precision": 0.2066115702479339,
            "recall": 0.25773195876288657,
            "f1": 0.22935779816513763,
            "number": 97
        },
        "Objective_QuantTarget_noCCM": {
            "precision": 0.0,
            "recall": 0.0,
            "f1": 0.0,
            "number": 2
        },
        "PublicInvt": {
            "precision": 0.24,
            "recall": 0.3333333333333333,
            "f1": 0.27906976744186046,
            "number": 18
        },
        "RD_D": {
            "precision": 0.0,
            "recall": 0.0,
            "f1": 0.0,
            "number": 4
        },
        "Ref_OtherPolicy": {
            "precision": 0.6699507389162561,
            "recall": 0.8774193548387097,
            "f1": 0.759776536312849,
            "number": 155
        },
        "Ref_PolicyAmended": {
            "precision": 0.375,
            "recall": 0.1111111111111111,
            "f1": 0.17142857142857143,
            "number": 27
        },
        "Ref_Strategy_Agreement": {
            "precision": 0.30625,
            "recall": 0.5632183908045977,
            "f1": 0.3967611336032389,
            "number": 87
        },
        "RegulatoryInstr": {
            "precision": 0.4217252396166134,
            "recall": 0.4664310954063604,
            "f1": 0.44295302013422816,
            "number": 283
        },
        "Resource_MonRevenues": {
            "precision": 0.0,
            "recall": 0.0,
            "f1": 0.0,
            "number": 13
        },
        "Resource_MonSpending": {
            "precision": 0.0,
            "recall": 0.0,
            "f1": 0.0,
            "number": 17
        },
        "Resource_Other": {
            "precision": 0.058823529411764705,
            "recall": 0.024096385542168676,
            "f1": 0.034188034188034185,
            "number": 83
        },
        "Reversibility_policy": {
            "precision": 0.0,
            "recall": 0.0,
            "f1": 0.0,
            "number": 3
        },
        "Subsidies_Incentives": {
            "precision": 0.16,
            "recall": 0.36363636363636365,
            "f1": 0.2222222222222222,
            "number": 11
        },
        "TaxIncentives": {
            "precision": 0.42857142857142855,
            "recall": 0.6923076923076923,
            "f1": 0.5294117647058824,
            "number": 13
        },
        "Tech_LowCarbon": {
            "precision": 0.29300291545189505,
            "recall": 0.45067264573991034,
            "f1": 0.3551236749116608,
            "number": 446
        },
        "Tech_Other": {
            "precision": 0.3663003663003663,
            "recall": 0.4608294930875576,
            "f1": 0.4081632653061224,
            "number": 217
        },
        "Time_Compliance": {
            "precision": 0.4391891891891892,
            "recall": 0.5752212389380531,
            "f1": 0.4980842911877395,
            "number": 113
        },
        "Time_InEffect": {
            "precision": 0.058823529411764705,
            "recall": 0.08333333333333333,
            "f1": 0.06896551724137931,
            "number": 24
        },
        "Time_Monitoring": {
            "precision": 0.4583333333333333,
            "recall": 0.5641025641025641,
            "f1": 0.5057471264367815,
            "number": 78
        },
        "Time_PolDuration": {
            "precision": 0.0,
            "recall": 0.0,
            "f1": 0.0,
            "number": 10
        },
        "Time_Resources": {
            "precision": 0.0,
            "recall": 0.0,
            "f1": 0.0,
            "number": 10
        },
        "TradablePermit": {
            "precision": 0.17857142857142858,
            "recall": 0.38461538461538464,
            "f1": 0.24390243902439027,
            "number": 13
        },
        "Unspecified": {
            "precision": 0.45789473684210524,
            "recall": 0.5506329113924051,
            "f1": 0.5,
            "number": 158
        },
        "VoluntaryAgrmt": {
            "precision": 0.5454545454545454,
            "recall": 0.35294117647058826,
            "f1": 0.42857142857142855,
            "number": 17
        }
    },
    "counts": {
        "reals": {
            "O": 28098,
            "B-Time_InEffect": 24,
            "I-Time_InEffect": 83,
            "B-Form_monitoring": 323,
            "B-Authority_monitoring": 146,
            "I-Form_monitoring": 480,
            "B-Addressee_monitored": 105,
            "I-Addressee_monitored": 109,