{
    "metrics": {
        "Addressee_default": {
            "precision": 0.4322033898305085,
            "recall": 0.6455696202531646,
            "f1": 0.5177664974619289,
            "number": 395
        },
        "Addressee_monitored": {
            "precision": 0.3103448275862069,
            "recall": 0.2621359223300971,
            "f1": 0.2842105263157894,
            "number": 103
        },
        "Addressee_resource": {
            "precision": 0.0,
            "recall": 0.0,
            "f1": 0.0,
            "number": 32
        },
        "Addressee_sector": {
            "precision": 0.44862155388471175,
            "recall": 0.5611285266457681,
            "f1": 0.49860724233983283,
            "number": 319
        },
        "App_LowCarbon": {
            "precision": 0.12962962962962962,
            "recall": 0.20437956204379562,
            "f1": 0.15864022662889518,
            "number": 137
        },
        "App_Other": {
            "precision": 0.39436619718309857,
            "recall": 0.33532934131736525,
            "f1": 0.36245954692556637,
            "number": 167
        },
        "Authority_default": {
            "precision": 0.4126984126984127,
            "recall": 0.46706586826347307,
            "f1": 0.43820224719101125,
            "number": 167
        },
        "Authority_established": {
            "precision": 0.0,
            "recall": 0.0,
            "f1": 0.0,
            "number": 17
        },
        "Authority_legislative": {
            "precision": 0.5194805194805194,
            "recall": 0.8163265306122449,
            "f1": 0.6349206349206349,
            "number": 49
        },
        "Authority_monitoring": {
            "precision": 0.7843137254901961,
            "recall": 0.49079754601226994,
            "f1": 0.6037735849056604,
            "number": 163
        },
        "Edu_Outreach": {
            "precision": 0.0,
            "recall": 0.0,
            "f1": 0.0,
            "number": 34
        },
        "Energy_LowCarbon": {
            "precision": 0.5266903914590747,
            "recall": 0.7769028871391076,
            "f1": 0.6277836691410392,
            "number": 381
        },
        "Energy_Other": {
            "precision": 0.6037735849056604,
            "recall": 0.25396825396825395,
            "f1": 0.35754189944134074,
            "number": 126
        },
        "Form_monitoring": {
            "precision": 0.4880636604774536,
            "recall": 0.5364431486880467,
            "f1": 0.5111111111111111,
            "number": 343
        },
        "Form_sanctioning": {
            "precision": 0.7777777777777778,
            "recall": 0.4666666666666667,
            "f1": 0.5833333333333334,
            "number": 15
        },
        "FrameworkPolicy": {
            "precision": 0.4805194805194805,
            "recall": 0.6379310344827587,
            "f1": 0.5481481481481482,
            "number": 58
        },
        "Objective_QualIntention": {
            "precision": 0.13725490196078433,
            "recall": 0.2229299363057325,
            "f1": 0.16990291262135923,
            "number": 157
        },
        "Objective_QualIntention_noCCM": {
            "precision": 0.06349206349206349,
            "recall": 0.06557377049180328,
            "f1": 0.06451612903225806,
            "number": 61
        },
        "Objective_QuantTarget": {
            "precision": 0.27522935779816515,
            "recall": 0.35294117647058826,
            "f1": 0.30927835051546393,
            "number": 85
        },
        "Objective_QuantTarget_noCCM": {
            "precision": 0.0,
            "recall": 0.0,
            "f1": 0.0,
            "number": 1
        },
        "PublicInvt": {
            "precision": 0.14285714285714285,
            "recall": 0.16666666666666666,
            "f1": 0.15384615384615383,
            "number": 18
        },
        "RD_D": {
            "precision": 0.0,
            "recall": 0.0,
            "f1": 0.0,
            "number": 3
        },
        "Ref_OtherPolicy": {
            "precision": 0.5879828326180258,
            "recall": 0.8670886075949367,
            "f1": 0.70076726342711,
            "number": 158
        },
        "Ref_PolicyAmended": {
            "precision": 0.45454545454545453,
            "recall": 0.22727272727272727,
            "f1": 0.30303030303030304,
            "number": 22
        },
        "Ref_Strategy_Agreement": {
            "precision": 0.43859649122807015,
            "recall": 0.5952380952380952,
            "f1": 0.505050505050505,
            "number": 84
        },
        "RegulatoryInstr": {
            "precision": 0.31100478468899523,
            "recall": 0.4676258992805755,
            "f1": 0.37356321839080464,
            "number": 278
        },
        "Resource_MonRevenues": {
            "precision": 0.0,
            "recall": 0.0,
            "f1": 0.0,
            "number": 15
        },
        "Resource_MonSpending": {
            "precision": 0.0,
            "recall": 0.0,
            "f1": 0.0,
            "number": 16
        },
        "Resource_Other": {
            "precision": 0.10714285714285714,
            "recall": 0.036585365853658534,
            "f1": 0.05454545454545455,
            "number": 82
        },
        "Reversibility_policy": {
            "precision": 0.0,
            "recall": 0.0,
            "f1": 0.0,
            "number": 3
        },
        "Subsidies_Incentives": {
            "precision": 0.1111111111111111,
            "recall": 0.1111111111111111,
            "f1": 0.1111111111111111,
            "number": 9
        },
        "TaxIncentives": {
            "precision": 0.043478260869565216,
            "recall": 0.07692307692307693,
            "f1": 0.05555555555555555,
            "number": 13
        },
        "Tech_LowCarbon": {
            "precision": 0.32733224222585927,
            "recall": 0.4662004662004662,
            "f1": 0.3846153846153846,
            "number": 429
        },
        "Tech_Other": {
            "precision": 0.39303482587064675,
            "recall": 0.3853658536585366,
            "f1": 0.3891625615763547,
            "number": 205
        },
        "Time_Compliance": {
            "precision": 0.3619047619047619,
            "recall": 0.40860215053763443,
            "f1": 0.38383838383838387,
            "number": 93
        },
        "Time_InEffect": {
            "precision": 0.05084745762711865,
            "recall": 0.13636363636363635,
            "f1": 0.07407407407407408,
            "number": 22
        },
        "Time_Monitoring": {
            "precision": 0.2635135135135135,
            "recall": 0.4936708860759494,
            "f1": 0.34361233480176206,
            "number": 79
        },
        "Time_PolDuration": {
            "precision": 0.0,
            "recall": 0.0,
            "f1": 0.0,
            "number": 10
        },
        "Time_Resources": {
            "precision": 0.0,
            "recall": 0.0,
            "f1": 0.0,
            "number": 9
        },
        "TradablePermit": {
            "precision": 0.25,
            "recall": 0.13333333333333333,
            "f1": 0.1739130434782609,
            "number": 15
        },
        "Unspecified": {
            "precision": 0.39351851851851855,
            "recall": 0.5592105263157895,
            "f1": 0.46195652173913043,
            "number": 152
        },
        "VoluntaryAgrmt": {
            "precision": 0.0,
            "recall": 0.0,
            "f1": 0.0,
            "number": 21
        }
    },
    "counts": {
        "reals": {
            "O": 27955,
            "B-Time_InEffect": 22,
            "I-Time_InEffect": 81,
            "B-Form_monitoring": 327,
            "B-Authority_monitoring": 159,
            "I-Form_monitoring": 451,
            "B-Addressee_monitored": 102,
            "I-Addressee_monitored": 113,
            "B-Time_Monitoring": 79,