{
    "metrics": {
        "Addressee_default": {
            "precision": 0.5329861111111112,
            "recall": 0.655982905982906,
            "f1": 0.5881226053639848,
            "number": 468
        },
        "Addressee_monitored": {
            "precision": 0.43119266055045874,
            "recall": 0.5875,
            "f1": 0.4973544973544974,
            "number": 80
        },
        "Addressee_resource": {
            "precision": 0.0,
            "recall": 0.0,
            "f1": 0.0,
            "number": 45
        },
        "Addressee_sector": {
            "precision": 0.3875432525951557,
            "recall": 0.46473029045643155,
            "f1": 0.4226415094339622,
            "number": 241
        },
        "App_LowCarbon": {
            "precision": 0.08843537414965986,
            "recall": 0.11659192825112108,
            "f1": 0.10058027079303675,
            "number": 223
        },
        "App_Other": {
            "precision": 0.2958199356913183,
            "recall": 0.4444444444444444,
            "f1": 0.35521235521235517,
            "number": 207
        },
        "Authority_default": {
            "precision": 0.42063492063492064,
            "recall": 0.5221674876847291,
            "f1": 0.4659340659340659,
            "number": 203
        },
        "Authority_established": {
            "precision": 0.0,
            "recall": 0.0,
            "f1": 0.0,
            "number": 26
        },
        "Authority_legislative": {
            "precision": 0.7692307692307693,
            "recall": 0.5263157894736842,
            "f1": 0.625,
            "number": 57
        },
        "Authority_monitoring": {
            "precision": 0.6,
            "recall": 0.8043478260869565,
            "f1": 0.6873065015479876,
            "number": 138
        },
        "Edu_Outreach": {
            "precision": 0.13559322033898305,
            "recall": 0.13559322033898305,
            "f1": 0.13559322033898305,
            "number": 59
        },
        "Energy_LowCarbon": {
            "precision": 0.6491228070175439,
            "recall": 0.7551020408163265,
            "f1": 0.6981132075471698,
            "number": 392
        },
        "Energy_Other": {
            "precision": 0.43478260869565216,
            "recall": 0.6040268456375839,
            "f1": 0.5056179775280899,
            "number": 149
        },
        "Form_monitoring": {
            "precision": 0.4166666666666667,
            "recall": 0.45253863134657835,
            "f1": 0.4338624338624339,
            "number": 453
        },
        "Form_sanctioning": {
            "precision": 0.0,
            "recall": 0.0,
            "f1": 0.0,
            "number": 2
        },
        "FrameworkPolicy": {
            "precision": 0.3804347826086957,
            "recall": 0.5384615384615384,
            "f1": 0.445859872611465,
            "number": 65
        },
        "Objective_QualIntention": {
            "precision": 0.1583011583011583,
            "recall": 0.3360655737704918,
            "f1": 0.2152230971128609,
            "number": 122
        },
        "Objective_QualIntention_noCCM": {
            "precision": 0.07407407407407407,
            "recall": 0.08888888888888889,
            "f1": 0.0808080808080808,
            "number": 45
        },
        "Objective_QuantTarget": {
            "precision": 0.06,
            "recall": 0.06382978723404255,
            "f1": 0.06185567010309278,
            "number": 47
        },
        "Objective_QuantTarget_noCCM": {
            "precision": 0.0,
            "recall": 0.0,
            "f1": 0.0,
            "number": 1
        },
        "PublicInvt": {
            "precision": 0.15384615384615385,
            "recall": 0.42857142857142855,
            "f1": 0.22641509433962267,
            "number": 14
        },
        "RD_D": {
            "precision": 0.0,
            "recall": 0.0,
            "f1": 0.0,
            "number": 3
        },
        "Ref_OtherPolicy": {
            "precision": 0.459915611814346,
            "recall": 0.6264367816091954,
            "f1": 0.5304136253041363,
            "number": 174
        },
        "Ref_PolicyAmended": {
            "precision": 0.2676056338028169,
            "recall": 0.8636363636363636,
            "f1": 0.4086021505376344,
            "number": 22
        },
        "Ref_Strategy_Agreement": {
            "precision": 0.34959349593495936,
            "recall": 0.5119047619047619,
            "f1": 0.4154589371980676,
            "number": 84
        },
        "RegulatoryInstr": {
            "precision": 0.3064516129032258,
            "recall": 0.36538461538461536,
            "f1": 0.33333333333333337,
            "number": 208
        },
        "Resource_MonRevenues": {
            "precision": 0.0,
            "recall": 0.0,
            "f1": 0.0,
            "number": 8
        },
        "Resource_MonSpending": {
            "precision": 0.13333333333333333,
            "recall": 0.4,
            "f1": 0.2,
            "number": 15
        },
        "Resource_Other": {
            "precision": 0.5,
            "recall": 0.21705426356589147,
            "f1": 0.3027027027027027,
            "number": 129
        },
        "Reversibility_policy": {
            "precision": 0.0,
            "recall": 0.0,
            "f1": 0.0,
            "number": 3
        },
        "Subsidies_Incentives": {
            "precision": 0.0,
            "recall": 0.0,
            "f1": 0.0,
            "number": 13
        },
        "TaxIncentives": {
            "precision": 0.0,
            "recall": 0.0,
            "f1": 0.0,
            "number": 6
        },
        "Tech_LowCarbon": {
            "precision": 0.3624733475479744,
            "recall": 0.3648068669527897,
            "f1": 0.3636363636363636,
            "number": 466
        },
        "Tech_Other": {
            "precision": 0.33816425120772947,
            "recall": 0.3977272727272727,
            "f1": 0.3655352480417755,
            "number": 176
        },
        "Time_Compliance": {
            "precision": 0.30701754385964913,
            "recall": 0.5384615384615384,
            "f1": 0.3910614525139665,
            "number": 65
        },
        "Time_InEffect": {
            "precision": 0.1,
            "recall": 0.07692307692307693,
            "f1": 0.08695652173913043,
            "number": 13
        },
        "Time_Monitoring": {
            "precision": 0.3626373626373626,
            "recall": 0.532258064516129,
            "f1": 0.4313725490196078,
            "number": 62
        },
        "Time_PolDuration": {
            "precision": 0.0,
            "recall": 0.0,
            "f1": 0.0,
            "number": 4
        },
        "Time_Resources": {
            "precision": 0.0,
            "recall": 0.0,
            "f1": 0.0,
            "number": 7
        },
        "TradablePermit": {
            "precision": 0.0,
            "recall": 0.0,
            "f1": 0.0,
            "number": 12
        },
        "Unspecified": {
            "precision": 0.32621951219512196,
            "recall": 0.4672489082969432,
            "f1": 0.38420107719928187,
            "number": 229
        },
        "VoluntaryAgrmt": {
            "precision": 0.3333333333333333,
            "recall": 0.25,
            "f1": 0.28571428571428575,
            "number": 12
        }
    },
    "counts": {
        "reals": {
            "O": 29117,
            "B-Energy_LowCarbon": 390,
            "I-Energy_LowCarbon": 558,
            "I-App_LowCarbon": 262,
            "B-Energy_Other": 149,
            "I-Energy_Other": 88,
            "I-App_Other": 278,
            "I-Addressee_sector": 312,
            "B-Addressee_default": 466,
            "I-Addressee_default": 512,
            "I-Tech_LowCarbon": 643,
            "B-Authority_default": 203,
            "B-Ref_OtherPolicy": 173,
            "I-Ref_OtherPolicy": 885,