{
    "metrics": {
        "Addressee_default": {
            "precision": 0.5184563758389261,
            "recall": 0.6464435146443515,
            "f1": 0.5754189944134078,
            "number": 478
        },
        "Addressee_monitored": {
            "precision": 0.4166666666666667,
            "recall": 0.11811023622047244,
            "f1": 0.18404907975460125,
            "number": 127
        },
        "Addressee_resource": {
            "precision": 0.0,
            "recall": 0.0,
            "f1": 0.0,
            "number": 25
        },
        "Addressee_sector": {
            "precision": 0.5238095238095238,
            "recall": 0.7028753993610224,
            "f1": 0.6002728512960437,
            "number": 313
        },
        "App_LowCarbon": {
            "precision": 0.10480349344978165,
            "recall": 0.12307692307692308,
            "f1": 0.11320754716981131,
            "number": 195
        },
        "App_Other": {
            "precision": 0.30726256983240224,
            "recall": 0.3618421052631579,
            "f1": 0.3323262839879154,
            "number": 152
        },
        "Authority_default": {
            "precision": 0.3626760563380282,
            "recall": 0.5754189944134078,
            "f1": 0.4449244060475162,
            "number": 179
        },
        "Authority_established": {
            "precision": 0.0,
            "recall": 0.0,
            "f1": 0.0,
            "number": 2
        },
        "Authority_legislative": {
            "precision": 0.9459459459459459,
            "recall": 0.6363636363636364,
            "f1": 0.7608695652173914,
            "number": 55
        },
        "Authority_monitoring": {
            "precision": 0.7323943661971831,
            "recall": 0.697986577181208,
            "f1": 0.7147766323024054,
            "number": 149
        },
        "Edu_Outreach": {
            "precision": 0.0,
            "recall": 0.0,
            "f1": 0.0,
            "number": 25
        },
        "Energy_LowCarbon": {
            "precision": 0.625,
            "recall": 0.7116788321167883,
            "f1": 0.6655290102389078,
            "number": 274
        },
        "Energy_Other": {
            "precision": 0.43636363636363634,
            "recall": 0.23076923076923078,
            "f1": 0.30188679245283023,
            "number": 104
        },
        "Form_monitoring": {
            "precision": 0.5182795698924731,
            "recall": 0.6392572944297082,
            "f1": 0.5724465558194775,
            "number": 377
        },
        "Form_sanctioning": {
            "precision": 0.0,
            "recall": 0.0,
            "f1": 0.0,
            "number": 25
        },
        "FrameworkPolicy": {
            "precision": 0.4897959183673469,
            "recall": 0.2962962962962963,
            "f1": 0.3692307692307692,
            "number": 81
        },
        "Objective_QualIntention": {
            "precision": 0.15671641791044777,
            "recall": 0.22826086956521738,
            "f1": 0.18584070796460178,
            "number": 92
        },
        "Objective_QualIntention_noCCM": {
            "precision": 0.06666666666666667,
            "recall": 0.02631578947368421,
            "f1": 0.03773584905660377,
            "number": 76
        },
        "Objective_QuantTarget": {
            "precision": 0.0,
            "recall": 0.0,
            "f1": 0.0,
            "number": 60
        },
        "Objective_QuantTarget_noCCM": {
            "precision": 0,
            "recall": 0,
            "f1": 0,
            "number": 0
        },
        "PublicInvt": {
            "precision": 0.0,
            "recall": 0.0,
            "f1": 0.0,
            "number": 25
        },
        "RD_D": {
            "precision": 0.0,
            "recall": 0.0,
            "f1": 0.0,
            "number": 3
        },
        "Ref_OtherPolicy": {
            "precision": 0.5598290598290598,
            "recall": 0.7616279069767442,
            "f1": 0.645320197044335,
            "number": 172
        },
        "Ref_PolicyAmended": {
            "precision": 0.0,
            "recall": 0.0,
            "f1": 0.0,
            "number": 47
        },
        "Ref_Strategy_Agreement": {
            "precision": 0.4444444444444444,
            "recall": 0.45714285714285713,
            "f1": 0.4507042253521127,
            "number": 35
        },
        "RegulatoryInstr": {
            "precision": 0.4853801169590643,
            "recall": 0.49700598802395207,
            "f1": 0.4911242603550296,
            "number": 334
        },
        "Resource_MonRevenues": {
            "precision": 0.0,
            "recall": 0.0,
            "f1": 0.0,
            "number": 10
        },
        "Resource_MonSpending": {
            "precision": 0.0625,
            "recall": 0.03571428571428571,
            "f1": 0.045454545454545456,
            "number": 28
        },
        "Resource_Other": {
            "precision": 0.07692307692307693,
            "recall": 0.02702702702702703,
            "f1": 0.04,
            "number": 37
        },
        "Reversibility_policy": {
            "precision": 0.0,
            "recall": 0.0,
            "f1": 0.0,
            "number": 5
        },
        "Subsidies_Incentives": {
            "precision": 0.5,
            "recall": 0.06896551724137931,
            "f1": 0.1212121212121212,
            "number": 29
        },
        "TaxIncentives": {
            "precision": 0.2413793103448276,
            "recall": 0.3181818181818182,
            "f1": 0.27450980392156865,
            "number": 22
        },
        "Tech_LowCarbon": {
            "precision": 0.30666666666666664,
            "recall": 0.23469387755102042,
            "f1": 0.2658959537572254,
            "number": 294
        },
        "Tech_Other": {
            "precision": 0.42779291553133514,
            "recall": 0.5627240143369175,
            "f1": 0.4860681114551083,
            "number": 279
        },
        "Time_Compliance": {
            "precision": 0.2631578947368421,
            "recall": 0.37735849056603776,
            "f1": 0.3100775193798449,
            "number": 53
        },
        "Time_InEffect": {
            "precision": 0.5,
            "recall": 0.19230769230769232,
            "f1": 0.2777777777777778,
            "number": 26
        },
        "Time_Monitoring": {
            "precision": 0.36363636363636365,
            "recall": 0.4090909090909091,
            "f1": 0.3850267379679145,
            "number": 88
        },
        "Time_PolDuration": {
            "precision": 0.0,
            "recall": 0.0,
            "f1": 0.0,
            "number": 8
        },
        "Time_Resources": {
            "precision": 0.0,
            "recall": 0.0,
            "f1": 0.0,
            "number": 1
        },
        "TradablePermit": {
            "precision": 0.25,
            "recall": 0.10526315789473684,
            "f1": 0.14814814814814814,
            "number": 19
        },
        "Unspecified": {
            "precision": 0.41735537190082644,
            "recall": 0.5838150289017341,
            "f1": 0.48674698795180715,
            "number": 173
        },
        "VoluntaryAgrmt": {
            "precision": 0.0,
            "recall": 0.0,
            "f1": 0.0,
            "number": 2
        }
    },
    "counts": {
        "reals": {
            "O": 26685,
            "B-Energy_Other": 104,
            "I-App_Other": 182,
            "B-Authority_monitoring": 149,
            "B-Form_monitoring": 372,
            "B-Ref_OtherPolicy": 166,
            "I-Ref_OtherPolicy": 797,
            "I-Form_monitoring": 290,
            "I-App_LowCarbon": 313,
            "B-Tech_Other": 259,
            "I-Tech_Other": 285,
            "B-Authority_default": 177,
            "B-Edu_Outreach": 22,
            "B-Time_Compliance": 53,
            "I-Time_Compliance": 100,
            "B-Addressee_sector": 286,