{
    "metrics": {
        "Addressee_default": {
            "precision": 0.46115288220551376,
            "recall": 0.6032786885245902,
            "f1": 0.5227272727272728,
            "number": 305
        },
        "Addressee_monitored": {
            "precision": 0.34615384615384615,
            "recall": 0.2571428571428571,
            "f1": 0.29508196721311475,
            "number": 105
        },
        "Addressee_resource": {
            "precision": 0.0,
            "recall": 0.0,
            "f1": 0.0,
            "number": 23
        },
        "Addressee_sector": {
            "precision": 0.4603174603174603,
            "recall": 0.6682027649769585,
            "f1": 0.5451127819548871,
            "number": 217
        },
        "App_LowCarbon": {
            "precision": 0.2619047619047619,
            "recall": 0.275,
            "f1": 0.26829268292682923,
            "number": 160
        },
        "App_Other": {
            "precision": 0.25153374233128833,
            "recall": 0.3253968253968254,
            "f1": 0.28373702422145325,
            "number": 126
        },
        "Authority_default": {
            "precision": 0.45698924731182794,
            "recall": 0.5,
            "f1": 0.4775280898876404,
            "number": 170
        },
        "Authority_established": {
            "precision": 0.0,
            "recall": 0.0,
            "f1": 0.0,
            "number": 16
        },
        "Authority_legislative": {
            "precision": 0.5581395348837209,
            "recall": 0.6486486486486487,
            "f1": 0.6,
            "number": 37
        },
        "Authority_monitoring": {
            "precision": 0.6568627450980392,
            "recall": 0.5677966101694916,
            "f1": 0.609090909090909,
            "number": 118
        },
        "Edu_Outreach": {
            "precision": 0.23529411764705882,
            "recall": 0.1568627450980392,
            "f1": 0.18823529411764706,
            "number": 51
        },
        "Energy_LowCarbon": {
            "precision": 0.6646153846153846,
            "recall": 0.8212927756653993,
            "f1": 0.7346938775510204,
            "number": 263
        },
        "Energy_Other": {
            "precision": 0.38235294117647056,
            "recall": 0.3880597014925373,
            "f1": 0.3851851851851852,
            "number": 67
        },
        "Form_monitoring": {
            "precision": 0.3992248062015504,
            "recall": 0.5738161559888579,
            "f1": 0.4708571428571428,
            "number": 359
        },
        "Form_sanctioning": {
            "precision": 1.0,
            "recall": 0.1111111111111111,
            "f1": 0.19999999999999998,
            "number": 9
        },
        "FrameworkPolicy": {
            "precision": 0.4084507042253521,
            "recall": 0.5471698113207547,
            "f1": 0.467741935483871,
            "number": 53
        },
        "Objective_QualIntention": {
            "precision": 0.20306513409961685,
            "recall": 0.31547619047619047,
            "f1": 0.24708624708624713,
            "number": 168
        },
        "Objective_QualIntention_noCCM": {
            "precision": 0.029197080291970802,
            "recall": 0.06779661016949153,
            "f1": 0.04081632653061224,
            "number": 59
        },
        "Objective_QuantTarget": {
            "precision": 0.06329113924050633,
            "recall": 0.19230769230769232,
            "f1": 0.09523809523809526,
            "number": 52
        },
        "Objective_QuantTarget_noCCM": {
            "precision": 0.0,
            "recall": 0.0,
            "f1": 0.0,
            "number": 2
        },
        "PublicInvt": {
            "precision": 0.0,
            "recall": 0.0,
            "f1": 0.0,
            "number": 19
        },
        "RD_D": {
            "precision": 0.0,
            "recall": 0.0,
            "f1": 0.0,
            "number": 2
        },
        "Ref_OtherPolicy": {
            "precision": 0.5921787709497207,
            "recall": 0.7737226277372263,
            "f1": 0.6708860759493672,
            "number": 137
        },
        "Ref_PolicyAmended": {
            "precision": 0.0,
            "recall": 0.0,
            "f1": 0.0,
            "number": 26
        },
        "Ref_Strategy_Agreement": {
            "precision": 0.36923076923076925,
            "recall": 0.41379310344827586,
            "f1": 0.39024390243902446,
            "number": 58
        },
        "RegulatoryInstr": {
            "precision": 0.29130434782608694,
            "recall": 0.32524271844660196,
            "f1": 0.30733944954128445,
            "number": 206
        },
        "Resource_MonRevenues": {
            "precision": 0.0,
            "recall": 0.0,
            "f1": 0.0,
            "number": 6
        },
        "Resource_MonSpending": {
            "precision": 0.13333333333333333,
            "recall": 0.18181818181818182,
            "f1": 0.15384615384615383,
            "number": 22
        },
        "Resource_Other": {
            "precision": 0.0,
            "recall": 0.0,
            "f1": 0.0,
            "number": 49
        },
        "Reversibility_policy": {
            "precision": 0.0,
            "recall": 0.0,
            "f1": 0.0,
            "number": 2
        },
        "Subsidies_Incentives": {
            "precision": 0.0,
            "recall": 0.0,
            "f1": 0.0,
            "number": 20
        },
        "TaxIncentives": {
            "precision": 0.0,
            "recall": 0.0,
            "f1": 0.0,
            "number": 12
        },
        "Tech_LowCarbon": {
            "precision": 0.2776203966005666,
            "recall": 0.4827586206896552,
            "f1": 0.35251798561151076,
            "number": 203
        },
        "Tech_Other": {
            "precision": 0.41964285714285715,
            "recall": 0.5465116279069767,
            "f1": 0.47474747474747475,
            "number": 172
        },
        "Time_Compliance": {
            "precision": 0.1111111111111111,
            "recall": 0.08620689655172414,
            "f1": 0.0970873786407767,
            "number": 58
        },
        "Time_InEffect": {
            "precision": 0.23076923076923078,
            "recall": 0.14285714285714285,
            "f1": 0.17647058823529413,
            "number": 21
        },
        "Time_Monitoring": {
            "precision": 0.2868217054263566,
            "recall": 0.5068493150684932,
            "f1": 0.36633663366336633,
            "number": 73
        },
        "Time_PolDuration": {
            "precision": 0.0,
            "recall": 0.0,
            "f1": 0.0,
            "number": 12
        },
        "Time_Resources": {
            "precision": 0,
            "recall": 0,
            "f1": 0,
            "number": 0
        },
        "TradablePermit": {
            "precision": 0.0,
            "recall": 0.0,
            "f1": 0.0,
            "number": 12
        },
        "Unspecified": {
            "precision": 0.4411764705882353,
            "recall": 0.547945205479452,
            "f1": 0.4887983706720977,
            "number": 219
        },
        "VoluntaryAgrmt": {
            "precision": 0.0,
            "recall": 0.0,
            "f1": 0.0,
            "number": 19
        }
    },
    "counts": {
        "reals": {
            "O": 23988,
            "B-Authority_default": 170,
            "B-Ref_OtherPolicy": 134,
            "I-Ref_OtherPolicy": 654,
            "B-Form_monitoring": 347,
            "B-Time_Monitoring": 72,
            "I-Time_Monitoring": 184,
            "B-Authority_monitoring": 118,
            "I-Authority_monitoring": 45,
            "B-Reversibility_policy": 2,
            "I-Reversibility_policy": 19,
            "B-Tech_Other": 165,
            "I-Tech_Other": 178,
            "B-Energy_Other": 65,
            "I-Energy_Other": 49,
            "B-App_LowCarbon": 118,