{
    "metrics": {
        "Addressee_default": {
            "precision": 0.46938775510204084,
            "recall": 0.5835095137420718,
            "f1": 0.5202639019792649,
            "number": 473
        },
        "Addressee_monitored": {
            "precision": 0.408,
            "recall": 0.6144578313253012,
            "f1": 0.4903846153846153,
            "number": 83
        },
        "Addressee_resource": {
            "precision": 0.2,
            "recall": 0.041666666666666664,
            "f1": 0.06896551724137931,
            "number": 48
        },
        "Addressee_sector": {
            "precision": 0.36627906976744184,
            "recall": 0.50199203187251,
            "f1": 0.4235294117647059,
            "number": 251
        },
        "App_LowCarbon": {
            "precision": 0.06557377049180328,
            "recall": 0.09345794392523364,
            "f1": 0.07707129094412332,
            "number": 214
        },
        "App_Other": {
            "precision": 0.27986348122866894,
            "recall": 0.3778801843317972,
            "f1": 0.32156862745098036,
            "number": 217
        },
        "Authority_default": {
            "precision": 0.37943262411347517,
            "recall": 0.5219512195121951,
            "f1": 0.43942505133470233,
            "number": 205
        },
        "Authority_established": {
            "precision": 0.0,
            "recall": 0.0,
            "f1": 0.0,
            "number": 27
        },
        "Authority_legislative": {
            "precision": 0.7090909090909091,
            "recall": 0.5735294117647058,
            "f1": 0.6341463414634145,
            "number": 68
        },
        "Authority_monitoring": {
            "precision": 0.5802469135802469,
            "recall": 0.7175572519083969,
            "f1": 0.6416382252559727,
            "number": 131
        },
        "Edu_Outreach": {
            "precision": 0.08695652173913043,
            "recall": 0.09230769230769231,
            "f1": 0.08955223880597016,
            "number": 65
        },
        "Energy_LowCarbon": {
            "precision": 0.5295358649789029,
            "recall": 0.6553524804177546,
            "f1": 0.5857642940490082,
            "number": 383
        },
        "Energy_Other": {
            "precision": 0.2625482625482625,
            "recall": 0.44155844155844154,
            "f1": 0.32929782082324455,
            "number": 154
        },
        "Form_monitoring": {
            "precision": 0.37884615384615383,
            "recall": 0.42733188720173537,
            "f1": 0.4016309887869521,
            "number": 461
        },
        "Form_sanctioning": {
            "precision": 0.0,
            "recall": 0.0,
            "f1": 0.0,
            "number": 1
        },
        "FrameworkPolicy": {
            "precision": 0.28440366972477066,
            "recall": 0.5081967213114754,
            "f1": 0.3647058823529412,
            "number": 61
        },
        "Objective_QualIntention": {
            "precision": 0.07729468599033816,
            "recall": 0.128,
            "f1": 0.09638554216867469,
            "number": 125
        },
        "Objective_QualIntention_noCCM": {
            "precision": 0.0,
            "recall": 0.0,
            "f1": 0.0,
            "number": 47
        },
        "Objective_QuantTarget": {
            "precision": 0.11224489795918367,
            "recall": 0.2,
            "f1": 0.1437908496732026,
            "number": 55
        },
        "Objective_QuantTarget_noCCM": {
            "precision": 0.0,
            "recall": 0.0,
            "f1": 0.0,
            "number": 2
        },
        "PublicInvt": {
            "precision": 0.13043478260869565,
            "recall": 0.15789473684210525,
            "f1": 0.14285714285714288,
            "number": 19
        },
        "RD_D": {
            "precision": 0.0,
            "recall": 0.0,
            "f1": 0.0,
            "number": 5
        },
        "Ref_OtherPolicy": {
            "precision": 0.3591549295774648,
            "recall": 0.5895953757225434,
            "f1": 0.4463894967177244,
            "number": 173
        },
        "Ref_PolicyAmended": {
            "precision": 0.5757575757575758,
            "recall": 0.7037037037037037,
            "f1": 0.6333333333333334,
            "number": 27
        },
        "Ref_Strategy_Agreement": {
            "precision": 0.29411764705882354,
            "recall": 0.37037037037037035,
            "f1": 0.3278688524590164,
            "number": 81
        },
        "RegulatoryInstr": {
            "precision": 0.2523076923076923,
            "recall": 0.35807860262008734,
            "f1": 0.296028880866426,
            "number": 229
        },
        "Resource_MonRevenues": {
            "precision": 0.0,
            "recall": 0.0,
            "f1": 0.0,
            "number": 8
        },
        "Resource_MonSpending": {
            "precision": 0.0,
            "recall": 0.0,
            "f1": 0.0,
            "number": 15
        },
        "Resource_Other": {
            "precision": 0.25,
            "recall": 0.23529411764705882,
            "f1": 0.24242424242424243,
            "number": 119
        },
        "Reversibility_policy": {
            "precision": 0.0,
            "recall": 0.0,
            "f1": 0.0,
            "number": 3
        },
        "Subsidies_Incentives": {
            "precision": 0.0,
            "recall": 0.0,
            "f1": 0.0,
            "number": 14
        },
        "TaxIncentives": {
            "precision": 0.0,
            "recall": 0.0,
            "f1": 0.0,
            "number": 9
        },
        "Tech_LowCarbon": {
            "precision": 0.34647302904564314,
            "recall": 0.35683760683760685,
            "f1": 0.3515789473684211,
            "number": 468
        },
        "Tech_Other": {
            "precision": 0.1928374655647383,
            "recall": 0.40229885057471265,
            "f1": 0.260707635009311,
            "number": 174
        },
        "Time_Compliance": {
            "precision": 0.273972602739726,
            "recall": 0.5405405405405406,
            "f1": 0.36363636363636365,
            "number": 74
        },
        "Time_InEffect": {
            "precision": 0.1111111111111111,
            "recall": 0.07692307692307693,
            "f1": 0.09090909090909093,
            "number": 13
        },
        "Time_Monitoring": {
            "precision": 0.21052631578947367,
            "recall": 0.19672131147540983,
            "f1": 0.20338983050847456,
            "number": 61
        },
        "Time_PolDuration": {
            "precision": 0.0,
            "recall": 0.0,
            "f1": 0.0,
            "number": 4
        },
        "Time_Resources": {
            "precision": 0.0,
            "recall": 0.0,
            "f1": 0.0,
            "number": 6
        },
        "TradablePermit": {
            "precision": 0.0625,
            "recall": 0.08333333333333333,
            "f1": 0.07142857142857144,
            "number": 12
        },
        "Unspecified": {
            "precision": 0.44879518072289154,
            "recall": 0.596,
            "f1": 0.5120274914089347,
            "number": 250
        },
        "VoluntaryAgrmt": {
            "precision": 0.36363636363636365,
            "recall": 0.3076923076923077,
            "f1": 0.33333333333333337,
            "number": 13
        }
    },
    "counts": {
        "reals": {
            "O": 30295,
            "B-Energy_LowCarbon": 381,
            "I-Energy_LowCarbon": 545,
            "I-App_LowCarbon": 285,
            "B-Energy_Other": 154,
            "I-Energy_Other": 90,
            "I-App_Other": 277,
            "I-Addressee_sector": 335,
            "B-Addressee_default": 471,
            "I-Addressee_default": 622,
            "I-Tech_LowCarbon": 639,
            "B-Authority_default": 205,
            "B-Ref_OtherPolicy": 172,