{
    "metrics": {
        "Addressee_default": {
            "precision": 0.5022354694485842,
            "recall": 0.7170212765957447,
            "f1": 0.5907099035933392,
            "number": 470
        },
        "Addressee_monitored": {
            "precision": 0.30434782608695654,
            "recall": 0.05555555555555555,
            "f1": 0.09395973154362414,
            "number": 126
        },
        "Addressee_resource": {
            "precision": 0.0,
            "recall": 0.0,
            "f1": 0.0,
            "number": 29
        },
        "Addressee_sector": {
            "precision": 0.5423728813559322,
            "recall": 0.7044025157232704,
            "f1": 0.612859097127223,
            "number": 318
        },
        "App_LowCarbon": {
            "precision": 0.13675213675213677,
            "recall": 0.0851063829787234,
            "f1": 0.10491803278688525,
            "number": 188
        },
        "App_Other": {
            "precision": 0.3023255813953488,
            "recall": 0.4513888888888889,
            "f1": 0.362116991643454,
            "number": 144
        },
        "Authority_default": {
            "precision": 0.3607305936073059,
            "recall": 0.4759036144578313,
            "f1": 0.41038961038961036,
            "number": 166
        },
        "Authority_established": {
            "precision": 0.0,
            "recall": 0.0,
            "f1": 0.0,
            "number": 1
        },
        "Authority_legislative": {
            "precision": 0.6274509803921569,
            "recall": 0.6037735849056604,
            "f1": 0.6153846153846154,
            "number": 53
        },
        "Authority_monitoring": {
            "precision": 0.8240740740740741,
            "recall": 0.5973154362416108,
            "f1": 0.6926070038910506,
            "number": 149
        },
        "Edu_Outreach": {
            "precision": 0.1111111111111111,
            "recall": 0.08,
            "f1": 0.09302325581395349,
            "number": 25
        },
        "Energy_LowCarbon": {
            "precision": 0.684887459807074,
            "recall": 0.79182156133829,
            "f1": 0.7344827586206897,
            "number": 269
        },
        "Energy_Other": {
            "precision": 0.5604395604395604,
            "recall": 0.53125,
            "f1": 0.5454545454545454,
            "number": 96
        },
        "Form_monitoring": {
            "precision": 0.6256684491978609,
            "recall": 0.6376021798365122,
            "f1": 0.631578947368421,
            "number": 367
        },
        "Form_sanctioning": {
            "precision": 0.0,
            "recall": 0.0,
            "f1": 0.0,
            "number": 27
        },
        "FrameworkPolicy": {
            "precision": 0.5333333333333333,
            "recall": 0.4266666666666667,
            "f1": 0.4740740740740741,
            "number": 75
        },
        "Objective_QualIntention": {
            "precision": 0.1111111111111111,
            "recall": 0.20454545454545456,
            "f1": 0.14400000000000002,
            "number": 88
        },
        "Objective_QualIntention_noCCM": {
            "precision": 0.2028985507246377,
            "recall": 0.19718309859154928,
            "f1": 0.2,
            "number": 71
        },
        "Objective_QuantTarget": {
            "precision": 0.0,
            "recall": 0.0,
            "f1": 0.0,
            "number": 61
        },
        "Objective_QuantTarget_noCCM": {
            "precision": 0,
            "recall": 0,
            "f1": 0,
            "number": 0
        },
        "PublicInvt": {
            "precision": 0.07692307692307693,
            "recall": 0.038461538461538464,
            "f1": 0.05128205128205129,
            "number": 26
        },
        "RD_D": {
            "precision": 0.0,
            "recall": 0.0,
            "f1": 0.0,
            "number": 2
        },
        "Ref_OtherPolicy": {
            "precision": 0.634020618556701,
            "recall": 0.7192982456140351,
            "f1": 0.673972602739726,
            "number": 171
        },
        "Ref_PolicyAmended": {
            "precision": 0.2916666666666667,
            "recall": 0.16666666666666666,
            "f1": 0.2121212121212121,
            "number": 42
        },
        "Ref_Strategy_Agreement": {
            "precision": 0.2898550724637681,
            "recall": 0.5714285714285714,
            "f1": 0.38461538461538464,
            "number": 35
        },
        "RegulatoryInstr": {
            "precision": 0.40594059405940597,
            "recall": 0.384375,
            "f1": 0.39486356340288925,
            "number": 320
        },
        "Resource_MonRevenues": {
            "precision": 0.0,
            "recall": 0.0,
            "f1": 0.0,
            "number": 10
        },
        "Resource_MonSpending": {
            "precision": 0.1836734693877551,
            "recall": 0.25,
            "f1": 0.21176470588235297,
            "number": 36
        },
        "Resource_Other": {
            "precision": 0.06666666666666667,
            "recall": 0.02702702702702703,
            "f1": 0.038461538461538464,
            "number": 37
        },
        "Reversibility_policy": {
            "precision": 0.0,
            "recall": 0.0,
            "f1": 0.0,
            "number": 5
        },
        "Subsidies_Incentives": {
            "precision": 0.0,
            "recall": 0.0,
            "f1": 0.0,
            "number": 29
        },
        "TaxIncentives": {
            "precision": 0.2,
            "recall": 0.08,
            "f1": 0.11428571428571428,
            "number": 25
        },
        "Tech_LowCarbon": {
            "precision": 0.3609467455621302,
            "recall": 0.44363636363636366,
            "f1": 0.3980424143556281,
            "number": 275
        },
        "Tech_Other": {
            "precision": 0.5610687022900763,
            "recall": 0.5424354243542435,
            "f1": 0.5515947467166978,
            "number": 271
        },
        "Time_Compliance": {
            "precision": 0.14754098360655737,
            "recall": 0.35294117647058826,
            "f1": 0.20809248554913296,
            "number": 51
        },
        "Time_InEffect": {
            "precision": 0.2631578947368421,
            "recall": 0.18518518518518517,
            "f1": 0.21739130434782608,
            "number": 27
        },
        "Time_Monitoring": {
            "precision": 0.35051546391752575,
            "recall": 0.38636363636363635,
            "f1": 0.36756756756756753,
            "number": 88
        },
        "Time_PolDuration": {
            "precision": 0.0,
            "recall": 0.0,
            "f1": 0.0,
            "number": 8
        },
        "Time_Resources": {
            "precision": 0.0,
            "recall": 0.0,
            "f1": 0.0,
            "number": 2
        },
        "TradablePermit": {
            "precision": 0.1,
            "recall": 0.041666666666666664,
            "f1": 0.058823529411764705,
            "number": 24
        },
        "Unspecified": {
            "precision": 0.550561797752809,
            "recall": 0.6163522012578616,
            "f1": 0.5816023738872402,
            "number": 159
        },
        "VoluntaryAgrmt": {
            "precision": 0.0,
            "recall": 0.0,
            "f1": 0.0,
            "number": 4
        }
    },
    "counts": {
        "reals": {
            "O": 26205,
            "B-Energy_Other": 96,
            "I-App_Other": 172,
            "B-Authority_monitoring": 148,
            "B-Form_monitoring": 362,
            "B-Ref_OtherPolicy": 166,
            "I-Ref_OtherPolicy": 795,
            "I-Form_monitoring": 266,
            "I-App_LowCarbon": 290,
            "B-Tech_Other": 255,
            "I-Tech_Other": 278,
            "B-Authority_default": 165,
            "B-Edu_Outreach": 22,
            "B-Time_Compliance": 51,