{
    "Instrumenttypes": {
        "precision": 0.4192546583850932,
        "recall": 0.599112426035503,
        "f1": 0.4933008526187576,
        "number": 676
    },
    "Policydesigncharacteristics": {
        "precision": 0.5646394150880691,
        "recall": 0.7009075907590759,
        "f1": 0.6254371433830296,
        "number": 2424
    },
    "Technologyandapplicationspecificity": {
        "precision": 0.48222365869424694,
        "recall": 0.6119770303527482,
        "f1": 0.5394070860448302,
        "number": 1219
    },
    "overall_precision": 0.5161173487866715,
    "overall_recall": 0.6598749710581153,
    "overall_f1": 0.5792094299359821,
    "overall_accuracy": 0.8588973085968121
}