{
    "Instrumenttypes": {
        "precision": 0.38571428571428573,
        "recall": 0.5076923076923077,
        "f1": 0.4383763837638377,
        "number": 585
    },
    "Policydesigncharacteristics": {
        "precision": 0.5909626719056974,
        "recall": 0.6799276672694394,
        "f1": 0.6323313012402774,
        "number": 2212
    },
    "Technologyandapplicationspecificity": {
        "precision": 0.5508735868448099,
        "recall": 0.5469387755102041,
        "f1": 0.5488991295442909,
        "number": 980
    },
    "overall_precision": 0.5450093283582089,
    "overall_recall": 0.6187450357426529,
    "overall_f1": 0.5795412275263484,
    "overall_accuracy": 0.8615638068685845
}