{
    "Instrumenttypes": {
        "precision": 0.44081172491544535,
        "recall": 0.5827123695976155,
        "f1": 0.5019255455712452,
        "number": 671
    },
    "Policydesigncharacteristics": {
        "precision": 0.6111111111111112,
        "recall": 0.733005366726297,
        "f1": 0.6665311102074014,
        "number": 2236
    },
    "Technologyandapplicationspecificity": {
        "precision": 0.52868068833652,
        "recall": 0.6227477477477478,
        "f1": 0.5718717683557393,
        "number": 888
    },
    "overall_precision": 0.5596966413867822,
    "overall_recall": 0.6806324110671936,
    "overall_f1": 0.614268727705113,
    "overall_accuracy": 0.871579004358301
}