{
    "Instrumenttypes": {
        "precision": 0.42479108635097496,
        "recall": 0.5204778156996587,
        "f1": 0.4677914110429448,
        "number": 586
    },
    "Policydesigncharacteristics": {
        "precision": 0.56789224608664,
        "recall": 0.6986117330944918,
        "f1": 0.6265060240963856,
        "number": 2233
    },
    "Technologyandapplicationspecificity": {
        "precision": 0.4460227272727273,
        "recall": 0.596958174904943,
        "f1": 0.5105691056910568,
        "number": 1052
    },
    "overall_precision": 0.5115945003078186,
    "overall_recall": 0.6440196331697235,
    "overall_f1": 0.5702195791399817,
    "overall_accuracy": 0.8556169704212728
}