{
    "Instrumenttypes": {
        "precision": 0.4194577352472089,
        "recall": 0.43399339933993397,
        "f1": 0.4266017842660178,
        "number": 606
    },
    "Policydesigncharacteristics": {
        "precision": 0.6016096579476862,
        "recall": 0.6332062685302838,
        "f1": 0.6170037144036319,
        "number": 2361
    },
    "Technologyandapplicationspecificity": {
        "precision": 0.5379146919431279,
        "recall": 0.578589634664401,
        "f1": 0.5575112566516578,
        "number": 1177
    },
    "overall_precision": 0.5571037003197807,
    "overall_recall": 0.5885617760617761,
    "overall_f1": 0.5724008448720957,
    "overall_accuracy": 0.8532197200243458
}