{
    "Instrumenttypes": {
        "precision": 0.4666666666666667,
        "recall": 0.4484375,
        "f1": 0.45737051792828687,
        "number": 640
    },
    "Policydesigncharacteristics": {
        "precision": 0.6235703630034809,
        "recall": 0.6450617283950617,
        "f1": 0.634134007585335,
        "number": 1944
    },
    "Technologyandapplicationspecificity": {
        "precision": 0.5278725824800911,
        "recall": 0.64,
        "f1": 0.5785536159600998,
        "number": 725
    },
    "overall_precision": 0.572039942938659,
    "overall_recall": 0.605923239649441,
    "overall_f1": 0.5884942764895804,
    "overall_accuracy": 0.8758080201361478
}