{
    "Instrumenttypes": {
        "precision": 0.39904420549581837,
        "recall": 0.5030120481927711,
        "f1": 0.4450366422385077,
        "number": 664
    },
    "Policydesigncharacteristics": {
        "precision": 0.6124794745484401,
        "recall": 0.6227045075125208,
        "f1": 0.6175496688741722,
        "number": 2396
    },
    "Technologyandapplicationspecificity": {
        "precision": 0.5458298926507019,
        "recall": 0.5444810543657331,
        "f1": 0.5451546391752577,
        "number": 1214
    },
    "overall_precision": 0.5546387154326494,
    "overall_recall": 0.5818905007019186,
    "overall_f1": 0.5679378853619549,
    "overall_accuracy": 0.8574754388415514
}