{
    "Instrumenttypes": {
        "precision": 0.38928939237899074,
        "recall": 0.4760705289672544,
        "f1": 0.428328611898017,
        "number": 794
    },
    "Policydesigncharacteristics": {
        "precision": 0.6333813987022351,
        "recall": 0.6529171311780008,
        "f1": 0.6430009149130833,
        "number": 2691
    },
    "Technologyandapplicationspecificity": {
        "precision": 0.4947289156626506,
        "recall": 0.5302663438256658,
        "f1": 0.5118815738215815,
        "number": 1239
    },
    "overall_precision": 0.5503646757342795,
    "overall_recall": 0.5910245554614734,
    "overall_f1": 0.5699703991017657,
    "overall_accuracy": 0.8588591147275593
}