{
    "Instrumenttypes": {
        "precision": 0.5434412265758092,
        "recall": 0.4732937685459941,
        "f1": 0.5059476605868359,
        "number": 674
    },
    "Policydesigncharacteristics": {
        "precision": 0.642480745845156,
        "recall": 0.7155756207674944,
        "f1": 0.6770610850064075,
        "number": 2215
    },
    "Technologyandapplicationspecificity": {
        "precision": 0.4895549500454133,
        "recall": 0.6138952164009112,
        "f1": 0.5447195553309753,
        "number": 878
    },
    "overall_precision": 0.5879663056558363,
    "overall_recall": 0.6485266790549509,
    "overall_f1": 0.6167634435748548,
    "overall_accuracy": 0.8739172018035251
}