{
    "Instrumenttypes": {
        "precision": 0.410761154855643,
        "recall": 0.515650741350906,
        "f1": 0.45726807888970045,
        "number": 607
    },
    "Policydesigncharacteristics": {
        "precision": 0.5948756034162644,
        "recall": 0.6811224489795918,
        "f1": 0.6350842418235877,
        "number": 2352
    },
    "Technologyandapplicationspecificity": {
        "precision": 0.5294567712318287,
        "recall": 0.5790794979079498,
        "f1": 0.5531574740207833,
        "number": 1195
    },
    "overall_precision": 0.5474590508189836,
    "overall_recall": 0.6275878671160328,
    "overall_f1": 0.5847913862718708,
    "overall_accuracy": 0.8615712486680228
}