{
    "Instrumenttypes": {
        "precision": 0.41196388261851014,
        "recall": 0.4591194968553459,
        "f1": 0.43426531826293874,
        "number": 795
    },
    "Policydesigncharacteristics": {
        "precision": 0.636395885065626,
        "recall": 0.6767257638626933,
        "f1": 0.6559414990859233,
        "number": 2651
    },
    "Technologyandapplicationspecificity": {
        "precision": 0.5486058779201206,
        "recall": 0.6061615320566195,
        "f1": 0.5759493670886076,
        "number": 1201
    },
    "overall_precision": 0.5737281399046105,
    "overall_recall": 0.6212610286206155,
    "overall_f1": 0.5965492302923856,
    "overall_accuracy": 0.864120957951661
}