{
    "Instrumenttypes": {
        "precision": 0.4207436399217221,
        "recall": 0.617816091954023,
        "f1": 0.5005820721769498,
        "number": 696
    },
    "Policydesigncharacteristics": {
        "precision": 0.640279394644936,
        "recall": 0.7278341420379356,
        "f1": 0.6812551610239472,
        "number": 2267
    },
    "Technologyandapplicationspecificity": {
        "precision": 0.48131672597864766,
        "recall": 0.5861321776814734,
        "f1": 0.5285784074255007,
        "number": 923
    },
    "overall_precision": 0.5549438915943257,
    "overall_recall": 0.6744724652599073,
    "overall_f1": 0.6088976652340574,
    "overall_accuracy": 0.8688555048306614
}