{
    "Instrumenttypes": {
        "precision": 0.31529850746268656,
        "recall": 0.639344262295082,
        "f1": 0.42232403165347765,
        "number": 793
    },
    "Policydesigncharacteristics": {
        "precision": 0.6050865418580007,
        "recall": 0.6469033232628398,
        "f1": 0.6252965869684249,
        "number": 2648
    },
    "Technologyandapplicationspecificity": {
        "precision": 0.5336289726533628,
        "recall": 0.5957095709570958,
        "f1": 0.562962962962963,
        "number": 1212
    },
    "overall_precision": 0.5079419889502762,
    "overall_recall": 0.6322802493015259,
    "overall_f1": 0.563331737673528,
    "overall_accuracy": 0.8478894383610032
}