{
    "Instrumenttypes": {
        "precision": 0.4227941176470588,
        "recall": 0.5808080808080808,
        "f1": 0.4893617021276596,
        "number": 594
    },
    "Policydesigncharacteristics": {
        "precision": 0.5673352435530086,
        "recall": 0.7181347150259068,
        "f1": 0.6338897781843128,
        "number": 1930
    },
    "Technologyandapplicationspecificity": {
        "precision": 0.5104972375690607,
        "recall": 0.6647482014388489,
        "f1": 0.5775,
        "number": 695
    },
    "overall_precision": 0.526657060518732,
    "overall_recall": 0.6812674743709226,
    "overall_f1": 0.5940674522551808,
    "overall_accuracy": 0.8657108721624851
}