{
    "Instrumenttypes": {
        "precision": 0.49144634525660963,
        "recall": 0.45664739884393063,
        "f1": 0.4734082397003745,
        "number": 692
    },
    "Policydesigncharacteristics": {
        "precision": 0.6114649681528662,
        "recall": 0.6832740213523132,
        "f1": 0.6453781512605042,
        "number": 2248
    },
    "Technologyandapplicationspecificity": {
        "precision": 0.5009784735812133,
        "recall": 0.5632563256325632,
        "f1": 0.5302951838425687,
        "number": 909
    },
    "overall_precision": 0.5659564280584152,
    "overall_recall": 0.6141855027279813,
    "overall_f1": 0.5890854722153003,
    "overall_accuracy": 0.8720627312040848
}