{
    "metrics": {
        "Policydesigncharacteristics": {
            "precision": [
                0.636395885065626,
                0.6111111111111112,
                0.5775028991109393,
                0.5948756034162644,
                0.5673352435530086
            ],
            "recall": [
                0.6767257638626933,
                0.733005366726297,
                0.6806378132118451,
                0.6811224489795918,
                0.7181347150259068
            ],
            "f1": [
                0.6559414990859233,
                0.6665311102074014,
                0.6248431618569636,
                0.6350842418235877,
                0.6338897781843128
            ],
            "number": [
                2651,
                2236,
                2195,
                2352,
                1930
            ]
        },
        "Technologyandapplicationspecificity": {
            "precision": [
                0.5486058779201206,
                0.52868068833652,
                0.46702453987730064,
                0.5294567712318287,
                0.5104972375690607
            ],
            "recall": [
                0.6061615320566195,
                0.6227477477477478,
                0.602970297029703,
                0.5790794979079498,
                0.6647482014388489
            ],
            "f1": [
                0.5759493670886076,
                0.5718717683557393,
                0.526361279170268,
                0.5531574740207833,
                0.5775
            ],
            "number": [
                1201,
                888,
                1010,
                1195,
                695
            ]
        },
        "Instrumenttypes": {
            "precision": [
                0.41196388261851014,
                0.44081172491544535,
                0.4246376811594203,
                0.410761154855643,
                0.4227941176470588
            ],
            "recall": [
                0.4591194968553459,
                0.5827123695976155,
                0.5086805555555556,
                0.515650741350906,
                0.5808080808080808
            ],
            "f1": [
                0.43426531826293874,
                0.5019255455712452,
                0.46287519747235384,
                0.45726807888970045,
                0.4893617021276596
            ],
            "number": [
                795,
                671,
                576,
                607,
                594
            ]
        }
    },
    "counts": {
        "reals": {
            "O": [
                32964,
                26306,
                28098,
                29210,
                24077
            ],
            "B-Instrumenttypes": [
                766,
                631,
                538,
                593,
                567
            ],
            "I-Instrumenttypes": [
                961,
                691,
                763,
                884,
                721
            ],
            "B-Policydesigncharacteristics": [
                2552,
                2155,
                2093,
                2289,
                1844
            ],
            "I-Policydesigncharacteristics": [
                5087,
                4509,
                4775,
                4875,
                4069
            ],
            "B-Technologyandapplicationspecificity": [
                1198,
                886,
                1007,
                1190,
                691
            ],
            "I-Technologyandapplicationspecificity": [
                1777,
                1763,
                2333,
                2251,
                1511
            ]
        },
        "preds": {
            "O": [
                34933,
                26345,
                29088,
                29395,
                23827
            ],
            "B-Instrumenttypes": [
                886,
                887,
                690,
                762,
                816
            ],
            "I-Instrumenttypes": [
                496,
                616,
                443,
                623,
                642
            ],
            "B-Policydesigncharacteristics": [
                2819,
                2682,
                2587,
                2693,
                2443
            ],
            "I-Policydesigncharacteristics": [
                3582,
                3819,
                3745,
                3901,
                3454
            ],
            "B-Technologyandapplicationspecificity": [
                1327,
                1046,
                1304,
                1307,
                905
            ],
            "I-Technologyandapplicationspecificity": [
                1262,
                1546,
                1750,
                2611,
                1393
            ]
        }
    }
}