{
    "metrics": {
        "Policydesigncharacteristics": {
            "precision": [
                0.6311006395153147,
                0.640279394644936,
                0.56789224608664,
                0.5646394150880691,
                0.5757325629385059
            ],
            "recall": [
                0.6941873380229545,
                0.7278341420379356,
                0.6986117330944918,
                0.7009075907590759,
                0.710285132382892
            ],
            "f1": [
                0.6611424541607898,
                0.6812551610239472,
                0.6265060240963856,
                0.6254371433830296,
                0.6359699111009801
            ],
            "number": [
                2701,
                2267,
                2233,
                2424,
                1964
            ]
        },
        "Technologyandapplicationspecificity": {
            "precision": [
                0.5407166123778502,
                0.48131672597864766,
                0.4460227272727273,
                0.48222365869424694,
                0.518213866039953
            ],
            "recall": [
                0.5359160613397902,
                0.5861321776814734,
                0.596958174904943,
                0.6119770303527482,
                0.5991847826086957
            ],
            "f1": [
                0.5383056343737334,
                0.5285784074255007,
                0.5105691056910568,
                0.5394070860448302,
                0.555765595463138
            ],
            "number": [
                1239,
                923,
                1052,
                1219,
                736
            ]
        },
        "Instrumenttypes": {
            "precision": [
                0.4916387959866221,
                0.4207436399217221,
                0.42479108635097496,
                0.4192546583850932,
                0.4114002478314746
            ],
            "recall": [
                0.36704119850187267,
                0.617816091954023,
                0.5204778156996587,
                0.599112426035503,
                0.5179407176287052
            ],
            "f1": [
                0.42030021443888493,
                0.5005820721769498,
                0.4677914110429448,
                0.4933008526187576,
                0.4585635359116022
            ],
            "number": [
                801,
                696,
                586,
                676,
                641
            ]
        }
    },
    "counts": {
        "reals": {
            "O": [
                33278,
                26788,
                28246,
                29670,
                24602
            ],
            "B-Instrumenttypes": [
                768,
                655,
                542,
                659,
                608
            ],
            "I-Instrumenttypes": [
                975,
                753,
                769,
                920,
                769
            ],
            "B-Policydesigncharacteristics": [
                2597,
                2182,
                2123,
                2345,
                1873
            ],
            "I-Policydesigncharacteristics": [
                5075,
                4534,
                4947,
                5053,
                4109
            ],
            "B-Technologyandapplicationspecificity": [
                1237,
                918,
                1047,
                1214,
                732
            ],
            "I-Technologyandapplicationspecificity": [
                1851,
                1846,
                2490,
                2236,
                1546
            ]
        },
        "preds": {
            "O": [
                35378,
                26684,
                29083,
                29914,
                24506
            ],
            "B-Instrumenttypes": [
                598,
                1022,
                718,
                966,
                807
            ],
            "I-Instrumenttypes": [
                370,
                585,
                554,
                798,
                766
            ],
            "B-Policydesigncharacteristics": [
                2971,
                2577,
                2747,
                3009,
                2423
            ],
            "I-Policydesigncharacteristics": [
                3335,
                3580,
                3536,
                3834,
                3200
            ],
            "B-Technologyandapplicationspecificity": [
                1228,
                1124,
                1408,
                1547,
                851
            ],
            "I-Technologyandapplicationspecificity": [
                1901,
                2104,
                2118,
                2029,
                1686
            ]
        }
    }
}