{
    "metrics": {
        "Policydesigncharacteristics": {
            "precision": [
                0.6050865418580007,
                0.642480745845156,
                0.5909626719056974,
                0.6016096579476862,
                0.6170970614425646
            ],
            "recall": [
                0.6469033232628398,
                0.7155756207674944,
                0.6799276672694394,
                0.6332062685302838,
                0.7114989733059548
            ],
            "f1": [
                0.6252965869684249,
                0.6770610850064075,
                0.6323313012402774,
                0.6170037144036319,
                0.6609442060085837
            ],
            "number": [
                2648,
                2215,
                2212,
                2361,
                1948
            ]
        },
        "Technologyandapplicationspecificity": {
            "precision": [
                0.5336289726533628,
                0.4895549500454133,
                0.5508735868448099,
                0.5379146919431279,
                0.5458768873403019
            ],
            "recall": [
                0.5957095709570958,
                0.6138952164009112,
                0.5469387755102041,
                0.578589634664401,
                0.6695156695156695
            ],
            "f1": [
                0.562962962962963,
                0.5447195553309753,
                0.5488991295442909,
                0.5575112566516578,
                0.601407549584133
            ],
            "number": [
                1212,
                878,
                980,
                1177,
                702
            ]
        },
        "Instrumenttypes": {
            "precision": [
                0.31529850746268656,
                0.5434412265758092,
                0.38571428571428573,
                0.4194577352472089,
                0.45685997171145687
            ],
            "recall": [
                0.639344262295082,
                0.4732937685459941,
                0.5076923076923077,
                0.43399339933993397,
                0.5456081081081081
            ],
            "f1": [
                0.42232403165347765,
                0.5059476605868359,
                0.4383763837638377,
                0.4266017842660178,
                0.49730561970746723
            ],
            "number": [
                793,
                674,
                585,
                606,
                592
            ]
        }
    },
    "counts": {
        "reals": {
            "O": [
                32913,
                26082,
                27920,
                29013,
                23938
            ],
            "B-Instrumenttypes": [
                762,
                635,
                547,
                589,
                563
            ],
            "I-Instrumenttypes": [
                967,
                685,
                766,
                876,
                721
            ],
            "B-Policydesigncharacteristics": [
                2546,
                2137,
                2104,
                2296,
                1864
            ],
            "I-Policydesigncharacteristics": [
                5034,
                4436,
                4820,
                4927,
                4128
            ],
            "B-Technologyandapplicationspecificity": [
                1212,
                877,
                979,
                1175,
                700
            ],
            "I-Technologyandapplicationspecificity": [
                1862,
                1743,
                2319,
                2199,
                1535
            ]
        },
        "preds": {
            "O": [
                33030,
                26653,
                27733,
                29216,
                24125
            ],
            "B-Instrumenttypes": [
                1608,
                587,
                770,
                627,
                707
            ],
            "I-Instrumenttypes": [
                1381,
                352,
                753,
                639,
                589
            ],
            "B-Policydesigncharacteristics": [
                2831,
                2467,
                2545,
                2485,
                2246
            ],
            "I-Policydesigncharacteristics": [
                3436,
                3560,
                4312,
                4466,
                3435
            ],
            "B-Technologyandapplicationspecificity": [
                1353,
                1101,
                973,
                1266,
                861
            ],
            "I-Technologyandapplicationspecificity": [
                1657,
                1875,
                2369,
                2376,
                1486
            ]
        }
    }
}