{
    "metrics": {
        "Policydesigncharacteristics": {
            "precision": [
                0.6333813987022351,
                0.6114649681528662,
                0.5022561610551892,
                0.6124794745484401,
                0.6235703630034809
            ],
            "recall": [
                0.6529171311780008,
                0.6832740213523132,
                0.6465594280607685,
                0.6227045075125208,
                0.6450617283950617
            ],
            "f1": [
                0.6430009149130833,
                0.6453781512605042,
                0.5653447939050597,
                0.6175496688741722,
                0.634134007585335
            ],
            "number": [
                2691,
                2248,
                2238,
                2396,
                1944
            ]
        },
        "Technologyandapplicationspecificity": {
            "precision": [
                0.4947289156626506,
                0.5009784735812133,
                0.4168530947054437,
                0.5458298926507019,
                0.5278725824800911
            ],
            "recall": [
                0.5302663438256658,
                0.5632563256325632,
                0.5375,
                0.5444810543657331,
                0.64
            ],
            "f1": [
                0.5118815738215815,
                0.5302951838425687,
                0.4695506089878202,
                0.5451546391752577,
                0.5785536159600998
            ],
            "number": [
                1239,
                909,
                1040,
                1214,
                725
            ]
        },
        "Instrumenttypes": {
            "precision": [
                0.38928939237899074,
                0.49144634525660963,
                0.3384253819036428,
                0.39904420549581837,
                0.4666666666666667
            ],
            "recall": [
                0.4760705289672544,
                0.45664739884393063,
                0.4948453608247423,
                0.5030120481927711,
                0.4484375
            ],
            "f1": [
                0.428328611898017,
                0.4734082397003745,
                0.40195394277739016,
                0.4450366422385077,
                0.45737051792828687
            ],
            "number": [
                794,
                692,
                582,
                664,
                640
            ]
        }
    },
    "counts": {
        "reals": {
            "O": [
                34171,
                27376,
                28953,
                30389,
                25250
            ],
            "B-Instrumenttypes": [
                762,
                653,
                540,
                651,
                609
            ],
            "I-Instrumenttypes": [
                981,
                740,
                771,
                899,
                762
            ],
            "B-Policydesigncharacteristics": [
                2587,
                2172,
                2130,
                2326,
                1853
            ],
            "I-Policydesigncharacteristics": [
                5378,
                4739,
                5150,
                5247,
                4236
            ],
            "B-Technologyandapplicationspecificity": [
                1235,
                906,
                1034,
                1210,
                723
            ],
            "I-Technologyandapplicationspecificity": [
                1832,
                1800,
                2469,
                2232,
                1529
            ]
        },
        "preds": {
            "O": [
                35877,
                27823,
                28734,
                31978,
                26844
            ],
            "B-Instrumenttypes": [
                971,
                643,
                851,
                837,
                615
            ],
            "I-Instrumenttypes": [
                607,
                430,
                655,
                687,
                466
            ],
            "B-Policydesigncharacteristics": [
                2774,
                2512,
                2881,
                2436,
                2011
            ],
            "I-Policydesigncharacteristics": [
                3384,
                3861,
                4233,
                3878,
                2835
            ],
            "B-Technologyandapplicationspecificity": [
                1328,
                1022,
                1341,
                1211,
                879
            ],
            "I-Technologyandapplicationspecificity": [
                2005,
                2095,
                2352,
                1927,
                1312
            ]
        }
    }
}