{
    "metrics": {
        "Policydesigncharacteristics": {
            "precision": 0.6111111111111112,
            "recall": 0.733005366726297,
            "f1": 0.6665311102074014,
            "number": 2236
        },
        "Technologyandapplicationspecificity": {
            "precision": 0.52868068833652,
            "recall": 0.6227477477477478,
            "f1": 0.5718717683557393,
            "number": 888
        },
        "Instrumenttypes": {
            "precision": 0.44081172491544535,
            "recall": 0.5827123695976155,
            "f1": 0.5019255455712452,
            "number": 671
        }
    },
    "counts": {
        "reals": {
            "O": 26306,
            "B-Technologyandapplicationspecificity": 886,
            "I-Technologyandapplicationspecificity": 1763,
            "B-Policydesigncharacteristics": 2155,
            "I-Policydesigncharacteristics": 4509,
            "B-Instrumenttypes": 631,
            "I-Instrumenttypes": 691
        },
        "preds": {
            "O": 26345,
            "B-Technologyandapplicationspecificity": 1046,
            "I-Technologyandapplicationspecificity": 1546,
            "B-Policydesigncharacteristics": 2682,
            "I-Policydesigncharacteristics": 3819,
            "B-Instrumenttypes": 887,
            "I-Instrumenttypes": 616
        }
    }
}