{
    "metrics": {
        "Policydesigncharacteristics": {
            "precision": 0.5909626719056974,
            "recall": 0.6799276672694394,
            "f1": 0.6323313012402774,
            "number": 2212
        },
        "Technologyandapplicationspecificity": {
            "precision": 0.5508735868448099,
            "recall": 0.5469387755102041,
            "f1": 0.5488991295442909,
            "number": 980
        },
        "Instrumenttypes": {
            "precision": 0.38571428571428573,
            "recall": 0.5076923076923077,
            "f1": 0.4383763837638377,
            "number": 585
        }
    },
    "counts": {
        "reals": {
            "O": 27920,
            "B-Policydesigncharacteristics": 2104,
            "I-Policydesigncharacteristics": 4820,
            "B-Instrumenttypes": 547,
            "B-Technologyandapplicationspecificity": 979,
            "I-Technologyandapplicationspecificity": 2319,
            "I-Instrumenttypes": 766
        },
        "preds": {
            "O": 27733,
            "B-Policydesigncharacteristics": 2545,
            "I-Policydesigncharacteristics": 4312,
            "B-Instrumenttypes": 770,
            "B-Technologyandapplicationspecificity": 973,
            "I-Technologyandapplicationspecificity": 2369,
            "I-Instrumenttypes": 753
        }
    }
}