{
    "metrics": {
        "Policydesigncharacteristics": {
            "precision": 0.636395885065626,
            "recall": 0.6767257638626933,
            "f1": 0.6559414990859233,
            "number": 2651
        },
        "Technologyandapplicationspecificity": {
            "precision": 0.5486058779201206,
            "recall": 0.6061615320566195,
            "f1": 0.5759493670886076,
            "number": 1201
        },
        "Instrumenttypes": {
            "precision": 0.41196388261851014,
            "recall": 0.4591194968553459,
            "f1": 0.43426531826293874,
            "number": 795
        }
    },
    "counts": {
        "reals": {
            "O": 32964,
            "B-Instrumenttypes": 766,
            "B-Policydesigncharacteristics": 2552,
            "I-Policydesigncharacteristics": 5087,
            "B-Technologyandapplicationspecificity": 1198,
            "I-Technologyandapplicationspecificity": 1777,
            "I-Instrumenttypes": 961
        },
        "preds": {
            "O": 34933,
            "B-Policydesigncharacteristics": 2819,
            "I-Policydesigncharacteristics": 3582,
            "B-Technologyandapplicationspecificity": 1327,
            "I-Technologyandapplicationspecificity": 1262,
            "B-Instrumenttypes": 886,
            "I-Instrumenttypes": 496
        }
    }
}