{
    "metrics": {
        "Policydesigncharacteristics": {
            "precision": 0.6333813987022351,
            "recall": 0.6529171311780008,
            "f1": 0.6430009149130833,
            "number": 2691
        },
        "Technologyandapplicationspecificity": {
            "precision": 0.4947289156626506,
            "recall": 0.5302663438256658,
            "f1": 0.5118815738215815,
            "number": 1239
        },
        "Instrumenttypes": {
            "precision": 0.38928939237899074,
            "recall": 0.4760705289672544,
            "f1": 0.428328611898017,
            "number": 794
        }
    },
    "counts": {
        "reals": {
            "O": 34171,
            "B-Instrumenttypes": 762,
            "B-Policydesigncharacteristics": 2587,
            "I-Policydesigncharacteristics": 5378,
            "B-Technologyandapplicationspecificity": 1235,
            "I-Technologyandapplicationspecificity": 1832,
            "I-Instrumenttypes": 981
        },
        "preds": {
            "O": 35877,
            "B-Instrumenttypes": 971,
            "B-Policydesigncharacteristics": 2774,
            "I-Policydesigncharacteristics": 3384,
            "B-Technologyandapplicationspecificity": 1328,
            "I-Technologyandapplicationspecificity": 2005,
            "I-Instrumenttypes": 607
        }
    }
}