{
    "metrics": {
        "Policydesigncharacteristics": {
            "precision": 0.6124794745484401,
            "recall": 0.6227045075125208,
            "f1": 0.6175496688741722,
            "number": 2396
        },
        "Technologyandapplicationspecificity": {
            "precision": 0.5458298926507019,
            "recall": 0.5444810543657331,
            "f1": 0.5451546391752577,
            "number": 1214
        },
        "Instrumenttypes": {
            "precision": 0.39904420549581837,
            "recall": 0.5030120481927711,
            "f1": 0.4450366422385077,
            "number": 664
        }
    },
    "counts": {
        "reals": {
            "O": 30389,
            "B-Technologyandapplicationspecificity": 1210,
            "I-Technologyandapplicationspecificity": 2232,
            "I-Policydesigncharacteristics": 5247,
            "B-Policydesigncharacteristics": 2326,
            "B-Instrumenttypes": 651,
            "I-Instrumenttypes": 899
        },
        "preds": {
            "O": 31978,
            "B-Technologyandapplicationspecificity": 1211,
            "I-Technologyandapplicationspecificity": 1927,
            "B-Policydesigncharacteristics": 2436,
            "I-Policydesigncharacteristics": 3878,
            "B-Instrumenttypes": 837,
            "I-Instrumenttypes": 687
        }
    }
}