{
    "metrics": {
        "Policydesigncharacteristics": {
            "precision": 0.6170970614425646,
            "recall": 0.7114989733059548,
            "f1": 0.6609442060085837,
            "number": 1948
        },
        "Technologyandapplicationspecificity": {
            "precision": 0.5458768873403019,
            "recall": 0.6695156695156695,
            "f1": 0.601407549584133,
            "number": 702
        },
        "Instrumenttypes": {
            "precision": 0.45685997171145687,
            "recall": 0.5456081081081081,
            "f1": 0.49730561970746723,
            "number": 592
        }
    },
    "counts": {
        "reals": {
            "O": 23938,
            "B-Policydesigncharacteristics": 1864,
            "I-Policydesigncharacteristics": 4128,
            "B-Technologyandapplicationspecificity": 700,
            "I-Technologyandapplicationspecificity": 1535,
            "B-Instrumenttypes": 563,
            "I-Instrumenttypes": 721
        },
        "preds": {
            "O": 24125,
            "B-Policydesigncharacteristics": 2246,
            "I-Policydesigncharacteristics": 3435,
            "B-Technologyandapplicationspecificity": 861,
            "I-Technologyandapplicationspecificity": 1486,
            "B-Instrumenttypes": 707,
            "I-Instrumenttypes": 589
        }
    }
}