{
    "metrics": {
        "Policydesigncharacteristics": {
            "precision": 0.642480745845156,
            "recall": 0.7155756207674944,
            "f1": 0.6770610850064075,
            "number": 2215
        },
        "Technologyandapplicationspecificity": {
            "precision": 0.4895549500454133,
            "recall": 0.6138952164009112,
            "f1": 0.5447195553309753,
            "number": 878
        },
        "Instrumenttypes": {
            "precision": 0.5434412265758092,
            "recall": 0.4732937685459941,
            "f1": 0.5059476605868359,
            "number": 674
        }
    },
    "counts": {
        "reals": {
            "O": 26082,
            "B-Technologyandapplicationspecificity": 877,
            "I-Technologyandapplicationspecificity": 1743,
            "B-Policydesigncharacteristics": 2137,
            "I-Policydesigncharacteristics": 4436,
            "B-Instrumenttypes": 635,
            "I-Instrumenttypes": 685
        },
        "preds": {
            "O": 26653,
            "B-Technologyandapplicationspecificity": 1101,
            "I-Technologyandapplicationspecificity": 1875,
            "B-Policydesigncharacteristics": 2467,
            "I-Policydesigncharacteristics": 3560,
            "B-Instrumenttypes": 587,
            "I-Instrumenttypes": 352
        }
    }
}