{
    "metrics": {
        "Policydesigncharacteristics": {
            "precision": 0.5646394150880691,
            "recall": 0.7009075907590759,
            "f1": 0.6254371433830296,
            "number": 2424
        },
        "Technologyandapplicationspecificity": {
            "precision": 0.48222365869424694,
            "recall": 0.6119770303527482,
            "f1": 0.5394070860448302,
            "number": 1219
        },
        "Instrumenttypes": {
            "precision": 0.4192546583850932,
            "recall": 0.599112426035503,
            "f1": 0.4933008526187576,
            "number": 676
        }
    },
    "counts": {
        "reals": {
            "O": 29670,
            "B-Technologyandapplicationspecificity": 1214,
            "I-Technologyandapplicationspecificity": 2236,
            "I-Policydesigncharacteristics": 5053,
            "B-Policydesigncharacteristics": 2345,
            "B-Instrumenttypes": 659,
            "I-Instrumenttypes": 920
        },
        "preds": {
            "O": 29914,
            "B-Instrumenttypes": 966,
            "I-Instrumenttypes": 798,
            "B-Technologyandapplicationspecificity": 1547,
            "I-Technologyandapplicationspecificity": 2029,
            "B-Policydesigncharacteristics": 3009,
            "I-Policydesigncharacteristics": 3834
        }
    }
}