{
    "metrics": {
        "Policydesigncharacteristics": {
            "precision": 0.640279394644936,
            "recall": 0.7278341420379356,
            "f1": 0.6812551610239472,
            "number": 2267
        },
        "Technologyandapplicationspecificity": {
            "precision": 0.48131672597864766,
            "recall": 0.5861321776814734,
            "f1": 0.5285784074255007,
            "number": 923
        },
        "Instrumenttypes": {
            "precision": 0.4207436399217221,
            "recall": 0.617816091954023,
            "f1": 0.5005820721769498,
            "number": 696
        }
    },
    "counts": {
        "reals": {
            "O": 26788,
            "B-Technologyandapplicationspecificity": 918,
            "I-Technologyandapplicationspecificity": 1846,
            "B-Policydesigncharacteristics": 2182,
            "I-Policydesigncharacteristics": 4534,
            "B-Instrumenttypes": 655,
            "I-Instrumenttypes": 753
        },
        "preds": {
            "O": 26684,
            "B-Technologyandapplicationspecificity": 1124,
            "I-Technologyandapplicationspecificity": 2104,
            "B-Policydesigncharacteristics": 2577,
            "I-Policydesigncharacteristics": 3580,
            "B-Instrumenttypes": 1022,
            "I-Instrumenttypes": 585
        }
    }
}