{
    "metrics": {
        "Policydesigncharacteristics": {
            "precision": 0.5948756034162644,
            "recall": 0.6811224489795918,
            "f1": 0.6350842418235877,
            "number": 2352
        },
        "Technologyandapplicationspecificity": {
            "precision": 0.5294567712318287,
            "recall": 0.5790794979079498,
            "f1": 0.5531574740207833,
            "number": 1195
        },
        "Instrumenttypes": {
            "precision": 0.410761154855643,
            "recall": 0.515650741350906,
            "f1": 0.45726807888970045,
            "number": 607
        }
    },
    "counts": {
        "reals": {
            "O": 29210,
            "B-Technologyandapplicationspecificity": 1190,
            "I-Technologyandapplicationspecificity": 2251,
            "I-Policydesigncharacteristics": 4875,
            "B-Policydesigncharacteristics": 2289,
            "B-Instrumenttypes": 593,
            "I-Instrumenttypes": 884
        },
        "preds": {
            "O": 29395,
            "B-Technologyandapplicationspecificity": 1307,
            "I-Technologyandapplicationspecificity": 2611,
            "B-Policydesigncharacteristics": 2693,
            "I-Policydesigncharacteristics": 3901,
            "B-Instrumenttypes": 762,
            "I-Instrumenttypes": 623
        }
    }
}