{
    "metrics": {
        "Policydesigncharacteristics": {
            "precision": 0.6114649681528662,
            "recall": 0.6832740213523132,
            "f1": 0.6453781512605042,
            "number": 2248
        },
        "Technologyandapplicationspecificity": {
            "precision": 0.5009784735812133,
            "recall": 0.5632563256325632,
            "f1": 0.5302951838425687,
            "number": 909
        },
        "Instrumenttypes": {
            "precision": 0.49144634525660963,
            "recall": 0.45664739884393063,
            "f1": 0.4734082397003745,
            "number": 692
        }
    },
    "counts": {
        "reals": {
            "O": 27376,
            "B-Technologyandapplicationspecificity": 906,
            "I-Technologyandapplicationspecificity": 1800,
            "B-Policydesigncharacteristics": 2172,
            "I-Policydesigncharacteristics": 4739,
            "B-Instrumenttypes": 653,
            "I-Instrumenttypes": 740
        },
        "preds": {
            "O": 27823,
            "B-Technologyandapplicationspecificity": 1022,
            "I-Technologyandapplicationspecificity": 2095,
            "B-Policydesigncharacteristics": 2512,
            "I-Policydesigncharacteristics": 3861,
            "B-Instrumenttypes": 643,
            "I-Instrumenttypes": 430
        }
    }
}