{
    "metrics": {
        "Policydesigncharacteristics": {
            "precision": 0.6016096579476862,
            "recall": 0.6332062685302838,
            "f1": 0.6170037144036319,
            "number": 2361
        },
        "Technologyandapplicationspecificity": {
            "precision": 0.5379146919431279,
            "recall": 0.578589634664401,
            "f1": 0.5575112566516578,
            "number": 1177
        },
        "Instrumenttypes": {
            "precision": 0.4194577352472089,
            "recall": 0.43399339933993397,
            "f1": 0.4266017842660178,
            "number": 606
        }
    },
    "counts": {
        "reals": {
            "O": 29013,
            "B-Technologyandapplicationspecificity": 1175,
            "I-Technologyandapplicationspecificity": 2199,
            "I-Policydesigncharacteristics": 4927,
            "B-Policydesigncharacteristics": 2296,
            "B-Instrumenttypes": 589,
            "I-Instrumenttypes": 876
        },
        "preds": {
            "O": 29216,
            "B-Policydesigncharacteristics": 2485,
            "I-Policydesigncharacteristics": 4466,
            "B-Technologyandapplicationspecificity": 1266,
            "I-Technologyandapplicationspecificity": 2376,
            "B-Instrumenttypes": 627,
            "I-Instrumenttypes": 639
        }
    }
}