{
    "metrics": {
        "Policydesigncharacteristics": {
            "precision": 0.6050865418580007,
            "recall": 0.6469033232628398,
            "f1": 0.6252965869684249,
            "number": 2648
        },
        "Technologyandapplicationspecificity": {
            "precision": 0.5336289726533628,
            "recall": 0.5957095709570958,
            "f1": 0.562962962962963,
            "number": 1212
        },
        "Instrumenttypes": {
            "precision": 0.31529850746268656,
            "recall": 0.639344262295082,
            "f1": 0.42232403165347765,
            "number": 793
        }
    },
    "counts": {
        "reals": {
            "O": 32913,
            "B-Instrumenttypes": 762,
            "B-Policydesigncharacteristics": 2546,
            "I-Policydesigncharacteristics": 5034,
            "B-Technologyandapplicationspecificity": 1212,
            "I-Technologyandapplicationspecificity": 1862,
            "I-Instrumenttypes": 967
        },
        "preds": {
            "O": 33030,
            "B-Instrumenttypes": 1608,
            "B-Policydesigncharacteristics": 2831,
            "I-Policydesigncharacteristics": 3436,
            "B-Technologyandapplicationspecificity": 1353,
            "I-Technologyandapplicationspecificity": 1657,
            "I-Instrumenttypes": 1381
        }
    }
}