{
    "Addressee_default": {
        "_": {
            "precision": 0.5571687840290381,
            "recall": 0.6476793248945147,
            "f1": 0.5990243902439023,
            "number": 474
        },
        "overall_precision": 0.5571687840290381,
        "overall_recall": 0.6476793248945147,
        "overall_f1": 0.5990243902439023,
        "overall_accuracy": 0.9820795322270648
    },
    "Addressee_monitored": {
        "_": {
            "precision": 0.5972222222222222,
            "recall": 0.3359375,
            "f1": 0.43,
            "number": 128
        },
        "overall_precision": 0.5972222222222222,
        "overall_recall": 0.3359375,
        "overall_f1": 0.43,
        "overall_accuracy": 0.9939092065726428
    },
    "Addressee_resource": {
        "_": {
            "precision": 0.0,
            "recall": 0.0,
            "f1": 0.0,
            "number": 28
        },
        "overall_precision": 0.0,
        "overall_recall": 0.0,
        "overall_f1": 0.0,
        "overall_accuracy": 0.9979155951381934
    },
    "Addressee_sector": {
        "_": {
            "precision": 0.5683453237410072,
            "recall": 0.7269938650306749,
            "f1": 0.6379542395693136,
            "number": 326
        },
        "overall_precision": 0.5683453237410072,
        "overall_recall": 0.7269938650306749,
        "overall_f1": 0.6379542395693136,
        "overall_accuracy": 0.9841910072818819
    },
    "App_LowCarbon": {
        "_": {
            "precision": 0.20175438596491227,
            "recall": 0.12921348314606743,
            "f1": 0.15753424657534246,
            "number": 178
        },
        "overall_precision": 0.20175438596491227,
        "overall_recall": 0.12921348314606743,
        "overall_f1": 0.15753424657534246,
        "overall_accuracy": 0.9830811293684524
    },
    "App_Other": {
        "_": {
            "precision": 0.3939393939393939,
            "recall": 0.29545454545454547,
            "f1": 0.3376623376623376,
            "number": 132
        },
        "overall_precision": 0.3939393939393939,
        "overall_recall": 0.29545454545454547,
        "overall_f1": 0.3376623376623376,
        "overall_accuracy": 0.9922849949920143
    },
    "Authority_default": {
        "_": {
            "precision": 0.42105263157894735,
            "recall": 0.3575418994413408,
            "f1": 0.38670694864048333,
            "number": 179
        },
        "overall_precision": 0.42105263157894735,
        "overall_recall": 0.3575418994413408,
        "overall_f1": 0.38670694864048333,
        "overall_accuracy": 0.9920142930619096
    },
    "Authority_established": {
        "_": {
            "precision": 0.0,
            "recall": 0.0,
            "f1": 0.0,
            "number": 1
        },
        "overall_precision": 0.0,
        "overall_recall": 0.0,
        "overall_f1": 0.0,
        "overall_accuracy": 0.9999458596139791
    },
    "Authority_legislative": {
        "_": {
            "precision": 0.7407407407407407,
            "recall": 0.37735849056603776,
            "f1": 0.5,
            "number": 53
        },
        "overall_precision": 0.7407407407407407,
        "overall_recall": 0.37735849056603776,
        "overall_f1": 0.5,
        "overall_accuracy": 0.998917192279581
    },
    "Authority_monitoring": {
        "_": {
            "precision": 0.6265822784810127,
            "recall": 0.6513157894736842,
            "f1": 0.6387096774193548,
            "number": 152
        },
        "overall_precision": 0.6265822784810127,
        "overall_recall": 0.6513157894736842,
        "overall_f1": 0.6387096774193548,
        "overall_accuracy": 0.9965620854876696
    },
    "Edu_Outreach": {
        "_": {
            "precision": 0.10526315789473684,
            "recall": 0.05,
            "f1": 0.06779661016949153,
            "number": 40
        },
        "overall_precision": 0.10526315789473684,
        "overall_recall": 0.05,
        "overall_f1": 0.06779661016949153,
        "overall_accuracy": 0.9963725941365962
    },
    "Energy_LowCarbon": {
        "_": {
            "precision": 0.6566666666666666,
            "recall": 0.7242647058823529,
            "f1": 0.6888111888111887,
            "number": 272
        },
        "overall_precision": 0.6566666666666666,
        "overall_recall": 0.7242647058823529,
        "overall_f1": 0.6888111888111887,
        "overall_accuracy": 0.9929346796242657
    },
    "Energy_Other": {
        "_": {
            "precision": 0.6190476190476191,
            "recall": 0.13541666666666666,
            "f1": 0.2222222222222222,
            "number": 96
        },
        "overall_precision": 0.6190476190476191,
        "overall_recall": 0.13541666666666666,
        "overall_f1": 0.2222222222222222,
        "overall_accuracy": 0.9973741912779838
    },
    "Form_monitoring": {
        "_": {
            "precision": 0.48394004282655245,
            "recall": 0.6174863387978142,
            "f1": 0.5426170468187275,
            "number": 366
        },
        "overall_precision": 0.48394004282655245,
        "overall_recall": 0.6174863387978142,
        "overall_f1": 0.5426170468187275,
        "overall_accuracy": 0.9871687285130343
    },
    "Form_sanctioning": {
        "_": {
            "precision": 0.0,
            "recall": 0.0,
            "f1": 0.0,
            "number": 16
        },
        "overall_precision": 0.0,
        "overall_recall": 0.0,
        "overall_f1": 0.0,
        "overall_accuracy": 0.9958853306624076
    },
    "FrameworkPolicy": {
        "_": {
            "precision": 0.6363636363636364,
            "recall": 0.4605263157894737,
            "f1": 0.5343511450381679,
            "number": 76
        },
        "overall_precision": 0.6363636363636364,
        "overall_recall": 0.4605263157894737,
        "overall_f1": 0.5343511450381679,
        "overall_accuracy": 0.9973200508919629
    },
    "Objective_QualIntention": {
        "_": {
            "precision": 0.19852941176470587,
            "recall": 0.375,
            "f1": 0.25961538461538464,
            "number": 72
        },
        "overall_precision": 0.19852941176470587,
        "overall_recall": 0.375,
        "overall_f1": 0.25961538461538464,
        "overall_accuracy": 0.9852738150023009
    },
    "Objective_QualIntention_noCCM": {
        "_": {
            "precision": 0.0,
            "recall": 0.0,
            "f1": 0.0,
            "number": 53
        },
        "overall_precision": 0.0,
        "overall_recall": 0.0,
        "overall_f1": 0.0,
        "overall_accuracy": 0.9847865515281123
    },
    "Objective_QuantTarget": {
        "_": {
            "precision": 0.09090909090909091,
            "recall": 0.10869565217391304,
            "f1": 0.099009900990099,
            "number": 46
        },
        "overall_precision": 0.09090909090909091,
        "overall_recall": 0.10869565217391304,
        "overall_f1": 0.099009900990099,
        "overall_accuracy": 0.9885493083565686
    },
    "Objective_QuantTarget_noCCM": {
        "overall_precision": 0.0,
        "overall_recall": 0.0,
        "overall_f1": 0.0,
        "overall_accuracy": 1.0
    },
    "PublicInvt": {
        "_": {
            "precision": 0.0,
            "recall": 0.0,
            "f1": 0.0,
            "number": 24
        },
        "overall_precision": 0.0,
        "overall_recall": 0.0,
        "overall_f1": 0.0,
        "overall_accuracy": 0.9985111393844238
    },
    "RD_D": {
        "_": {
            "precision": 0.0,
            "recall": 0.0,
            "f1": 0.0,
            "number": 2
        },
        "overall_precision": 0.0,
        "overall_recall": 0.0,
        "overall_f1": 0.0,
        "overall_accuracy": 0.9999187894209686
    },
    "Ref_OtherPolicy": {
        "_": {
            "precision": 0.675531914893617,
            "recall": 0.7470588235294118,
            "f1": 0.7094972067039106,
            "number": 170
        },