{
    "Addressee_default": {
        "_": {
            "precision": 0.6157303370786517,
            "recall": 0.5684647302904564,
            "f1": 0.5911542610571737,
            "number": 482
        },
        "overall_precision": 0.6157303370786517,
        "overall_recall": 0.5684647302904564,
        "overall_f1": 0.5911542610571737,
        "overall_accuracy": 0.9833050217645185
    },
    "Addressee_monitored": {
        "_": {
            "precision": 0.4827586206896552,
            "recall": 0.546875,
            "f1": 0.5128205128205128,
            "number": 128
        },
        "overall_precision": 0.4827586206896552,
        "overall_recall": 0.546875,
        "overall_f1": 0.5128205128205128,
        "overall_accuracy": 0.9936564391124323
    },
    "Addressee_resource": {
        "_": {
            "precision": 0.0,
            "recall": 0.0,
            "f1": 0.0,
            "number": 24
        },
        "overall_precision": 0.0,
        "overall_recall": 0.0,
        "overall_f1": 0.0,
        "overall_accuracy": 0.9981685953922922
    },
    "Addressee_sector": {
        "_": {
            "precision": 0.5656324582338902,
            "recall": 0.7429467084639498,
            "f1": 0.6422764227642277,
            "number": 319
        },
        "overall_precision": 0.5656324582338902,
        "overall_recall": 0.7429467084639498,
        "overall_f1": 0.6422764227642277,
        "overall_accuracy": 0.985216052659518
    },
    "App_LowCarbon": {
        "_": {
            "precision": 0.184,
            "recall": 0.12432432432432433,
            "f1": 0.14838709677419357,
            "number": 185
        },
        "overall_precision": 0.184,
        "overall_recall": 0.12432432432432433,
        "overall_f1": 0.14838709677419357,
        "overall_accuracy": 0.9815267013483384
    },
    "App_Other": {
        "_": {
            "precision": 0.29591836734693877,
            "recall": 0.20714285714285716,
            "f1": 0.24369747899159663,
            "number": 140
        },
        "overall_precision": 0.29591836734693877,
        "overall_recall": 0.20714285714285716,
        "overall_f1": 0.24369747899159663,
        "overall_accuracy": 0.9919046607920161
    },
    "Authority_default": {
        "_": {
            "precision": 0.4806201550387597,
            "recall": 0.31958762886597936,
            "f1": 0.3839009287925697,
            "number": 194
        },
        "overall_precision": 0.4806201550387597,
        "overall_recall": 0.31958762886597936,
        "overall_f1": 0.3839009287925697,
        "overall_accuracy": 0.9922762501327105
    },
    "Authority_established": {
        "_": {
            "precision": 0.0,
            "recall": 0.0,
            "f1": 0.0,
            "number": 2
        },
        "overall_precision": 0.0,
        "overall_recall": 0.0,
        "overall_f1": 0.0,
        "overall_accuracy": 0.9998938316169445
    },
    "Authority_legislative": {
        "_": {
            "precision": 0.8222222222222222,
            "recall": 0.6727272727272727,
            "f1": 0.7400000000000001,
            "number": 55
        },
        "overall_precision": 0.8222222222222222,
        "overall_recall": 0.6727272727272727,
        "overall_f1": 0.7400000000000001,
        "overall_accuracy": 0.9992037371270835
    },
    "Authority_monitoring": {
        "_": {
            "precision": 0.6382978723404256,
            "recall": 0.7894736842105263,
            "f1": 0.7058823529411764,
            "number": 152
        },
        "overall_precision": 0.6382978723404256,
        "overall_recall": 0.7894736842105263,
        "overall_f1": 0.7058823529411764,
        "overall_accuracy": 0.9968414906040981
    },
    "Edu_Outreach": {
        "_": {
            "precision": 0.06060606060606061,
            "recall": 0.05128205128205128,
            "f1": 0.05555555555555555,
            "number": 39
        },
        "overall_precision": 0.06060606060606061,
        "overall_recall": 0.05128205128205128,
        "overall_f1": 0.05555555555555555,
        "overall_accuracy": 0.99596560144389
    },
    "Energy_LowCarbon": {
        "_": {
            "precision": 0.684931506849315,
            "recall": 0.7272727272727273,
            "f1": 0.7054673721340389,
            "number": 275
        },
        "overall_precision": 0.684931506849315,
        "overall_recall": 0.7272727272727273,
        "overall_f1": 0.7054673721340389,
        "overall_accuracy": 0.9933644760590297
    },
    "Energy_Other": {
        "_": {
            "precision": 0.5714285714285714,
            "recall": 0.11538461538461539,
            "f1": 0.192,
            "number": 104
        },
        "overall_precision": 0.5714285714285714,
        "overall_recall": 0.11538461538461539,
        "overall_f1": 0.192,
        "overall_accuracy": 0.9971334536575008
    },
    "Form_monitoring": {
        "_": {
            "precision": 0.40197693574958815,
            "recall": 0.6472148541114059,
            "f1": 0.49593495934959353,
            "number": 377
        },
        "overall_precision": 0.40197693574958815,
        "overall_recall": 0.6472148541114059,
        "overall_f1": 0.49593495934959353,
        "overall_accuracy": 0.9837562373925045
    },
    "Form_sanctioning": {
        "_": {
            "precision": 0.0,
            "recall": 0.0,
            "f1": 0.0,
            "number": 15
        },
        "overall_precision": 0.0,
        "overall_recall": 0.0,
        "overall_f1": 0.0,
        "overall_accuracy": 0.9959921435396539
    },
    "FrameworkPolicy": {
        "_": {
            "precision": 0.6,
            "recall": 0.5121951219512195,
            "f1": 0.5526315789473684,
            "number": 82
        },
        "overall_precision": 0.6,
        "overall_recall": 0.5121951219512195,
        "overall_f1": 0.5526315789473684,
        "overall_accuracy": 0.9970272852744453
    },
    "Objective_QualIntention": {
        "_": {
            "precision": 0.13380281690140844,
            "recall": 0.24675324675324675,
            "f1": 0.1735159817351598,
            "number": 77
        },
        "overall_precision": 0.13380281690140844,
        "overall_recall": 0.24675324675324675,
        "overall_f1": 0.1735159817351598,
        "overall_accuracy": 0.986994373075698
    },
    "Objective_QualIntention_noCCM": {
        "_": {
            "precision": 0.07766990291262135,
            "recall": 0.14035087719298245,
            "f1": 0.09999999999999999,
            "number": 57
        },
        "overall_precision": 0.07766990291262135,
        "overall_recall": 0.14035087719298245,
        "overall_f1": 0.09999999999999999,
        "overall_accuracy": 0.9862246522985455
    },
    "Objective_QuantTarget": {
        "_": {
            "precision": 0.0,
            "recall": 0.0,
            "f1": 0.0,
            "number": 45
        },
        "overall_precision": 0.0,
        "overall_recall": 0.0,
        "overall_f1": 0.0,
        "overall_accuracy": 0.9842605372120182
    },
    "Objective_QuantTarget_noCCM": {
        "overall_precision": 0.0,
        "overall_recall": 0.0,
        "overall_f1": 0.0,
        "overall_accuracy": 1.0
    },
    "PublicInvt": {
        "_": {
            "precision": 0.0,
            "recall": 0.0,
            "f1": 0.0,
            "number": 24
        },
        "overall_precision": 0.0,
        "overall_recall": 0.0,
        "overall_f1": 0.0,
        "overall_accuracy": 0.9983013058711115
    },
    "RD_D": {
        "_": {
            "precision": 0.0,
            "recall": 0.0,
            "f1": 0.0,
            "number": 3
        },
        "overall_precision": 0.0,
        "overall_recall": 0.0,
        "overall_f1": 0.0,
        "overall_accuracy": 0.9998938316169445
    },
    "Ref_OtherPolicy": {
        "_": {
            "precision": 0.5555555555555556,
            "recall": 0.7602339181286549,
            "f1": 0.6419753086419753,