{
    "Addressee_default": {
        "_": {
            "precision": 0.45125348189415043,
            "recall": 0.3347107438016529,
            "f1": 0.3843416370106762,
            "number": 484
        },
        "overall_precision": 0.45125348189415043,
        "overall_recall": 0.3347107438016529,
        "overall_f1": 0.3843416370106762,
        "overall_accuracy": 0.9803743539600502
    },
    "Addressee_monitored": {
        "_": {
            "precision": 0.29310344827586204,
            "recall": 0.19540229885057472,
            "f1": 0.23448275862068962,
            "number": 87
        },
        "overall_precision": 0.29310344827586204,
        "overall_recall": 0.19540229885057472,
        "overall_f1": 0.23448275862068962,
        "overall_accuracy": 0.995925874190995
    },
    "Addressee_resource": {
        "_": {
            "precision": 0.0,
            "recall": 0.0,
            "f1": 0.0,
            "number": 51
        },
        "overall_precision": 0.0,
        "overall_recall": 0.0,
        "overall_f1": 0.0,
        "overall_accuracy": 0.99767192810914
    },
    "Addressee_sector": {
        "_": {
            "precision": 0.40860215053763443,
            "recall": 0.13620071684587814,
            "f1": 0.20430107526881722,
            "number": 279
        },
        "overall_precision": 0.40860215053763443,
        "overall_recall": 0.13620071684587814,
        "overall_f1": 0.20430107526881722,
        "overall_accuracy": 0.9847511291148671
    },
    "App_LowCarbon": {
        "_": {
            "precision": 0.07042253521126761,
            "recall": 0.023923444976076555,
            "f1": 0.03571428571428572,
            "number": 209
        },
        "overall_precision": 0.07042253521126761,
        "overall_recall": 0.023923444976076555,
        "overall_f1": 0.03571428571428572,
        "overall_accuracy": 0.9850537784606789
    },
    "App_Other": {
        "_": {
            "precision": 0.22641509433962265,
            "recall": 0.057692307692307696,
            "f1": 0.09195402298850575,
            "number": 208
        },
        "overall_precision": 0.22641509433962265,
        "overall_recall": 0.057692307692307696,
        "overall_f1": 0.09195402298850575,
        "overall_accuracy": 0.9886855706104204
    },
    "Authority_default": {
        "_": {
            "precision": 0.3904761904761905,
            "recall": 0.3886255924170616,
            "f1": 0.38954869358669836,
            "number": 211
        },
        "overall_precision": 0.3904761904761905,
        "overall_recall": 0.3886255924170616,
        "overall_f1": 0.38954869358669836,
        "overall_accuracy": 0.9912464496903665
    },
    "Authority_established": {
        "_": {
            "precision": 0.0,
            "recall": 0.0,
            "f1": 0.0,
            "number": 29
        },
        "overall_precision": 0.0,
        "overall_recall": 0.0,
        "overall_f1": 0.0,
        "overall_accuracy": 0.99883596405457
    },
    "Authority_legislative": {
        "_": {
            "precision": 0.8958333333333334,
            "recall": 0.6323529411764706,
            "f1": 0.7413793103448276,
            "number": 68
        },
        "overall_precision": 0.8958333333333334,
        "overall_recall": 0.6323529411764706,
        "overall_f1": 0.7413793103448276,
        "overall_accuracy": 0.9991153326814732
    },
    "Authority_monitoring": {
        "_": {
            "precision": 0.6204379562043796,
            "recall": 0.6439393939393939,
            "f1": 0.6319702602230483,
            "number": 132
        },
        "overall_precision": 0.6204379562043796,
        "overall_recall": 0.6439393939393939,
        "overall_f1": 0.6319702602230483,
        "overall_accuracy": 0.9968803836662476
    },
    "Edu_Outreach": {
        "_": {
            "precision": 0.0,
            "recall": 0.0,
            "f1": 0.0,
            "number": 76
        },
        "overall_precision": 0.0,
        "overall_recall": 0.0,
        "overall_f1": 0.0,
        "overall_accuracy": 0.9937840480514039
    },
    "Energy_LowCarbon": {
        "_": {
            "precision": 0.44651162790697674,
            "recall": 0.5013054830287206,
            "f1": 0.47232472324723246,
            "number": 383
        },
        "overall_precision": 0.44651162790697674,
        "overall_recall": 0.5013054830287206,
        "overall_f1": 0.47232472324723246,
        "overall_accuracy": 0.9854961121199423
    },
    "Energy_Other": {
        "_": {
            "precision": 0.07142857142857142,
            "recall": 0.012987012987012988,
            "f1": 0.02197802197802198,
            "number": 154
        },
        "overall_precision": 0.07142857142857142,
        "overall_recall": 0.012987012987012988,
        "overall_f1": 0.02197802197802198,
        "overall_accuracy": 0.9938073287703124
    },
    "Form_monitoring": {
        "_": {
            "precision": 0.48091603053435117,
            "recall": 0.27631578947368424,
            "f1": 0.350974930362117,
            "number": 456
        },
        "overall_precision": 0.48091603053435117,
        "overall_recall": 0.27631578947368424,
        "overall_f1": 0.350974930362117,
        "overall_accuracy": 0.9777436327233785
    },
    "Form_sanctioning": {
        "_": {
            "precision": 0.0,
            "recall": 0.0,
            "f1": 0.0,
            "number": 1
        },
        "overall_precision": 0.0,
        "overall_recall": 0.0,
        "overall_f1": 0.0,
        "overall_accuracy": 0.9999534385621828
    },
    "FrameworkPolicy": {
        "_": {
            "precision": 0.18181818181818182,
            "recall": 0.14492753623188406,
            "f1": 0.16129032258064516,
            "number": 69
        },
        "overall_precision": 0.18181818181818182,
        "overall_recall": 0.14492753623188406,
        "overall_f1": 0.16129032258064516,
        "overall_accuracy": 0.994994645434651
    },
    "Objective_QualIntention": {
        "_": {
            "precision": 0.13245033112582782,
            "recall": 0.19801980198019803,
            "f1": 0.15873015873015875,
            "number": 101
        },
        "overall_precision": 0.13245033112582782,
        "overall_recall": 0.19801980198019803,
        "overall_f1": 0.15873015873015875,
        "overall_accuracy": 0.9811891791218513
    },
    "Objective_QualIntention_noCCM": {
        "_": {
            "precision": 0.08823529411764706,
            "recall": 0.08333333333333333,
            "f1": 0.08571428571428572,
            "number": 36
        },
        "overall_precision": 0.08823529411764706,
        "overall_recall": 0.08333333333333333,
        "overall_f1": 0.08571428571428572,
        "overall_accuracy": 0.9914326954416353
    },
    "Objective_QuantTarget": {
        "_": {
            "precision": 0.0390625,
            "recall": 0.13157894736842105,
            "f1": 0.060240963855421686,
            "number": 38
        },
        "overall_precision": 0.0390625,
        "overall_recall": 0.13157894736842105,
        "overall_f1": 0.060240963855421686,
        "overall_accuracy": 0.9856125157144853
    },
    "Objective_QuantTarget_noCCM": {
        "_": {
            "precision": 0.0,
            "recall": 0.0,
            "f1": 0.0,
            "number": 2
        },
        "overall_precision": 0.0,
        "overall_recall": 0.0,
        "overall_f1": 0.0,
        "overall_accuracy": 0.9997206313730967
    },
    "PublicInvt": {
        "_": {
            "precision": 0.0,
            "recall": 0.0,
            "f1": 0.0,
            "number": 20
        },
        "overall_precision": 0.0,
        "overall_recall": 0.0,
        "overall_f1": 0.0,
        "overall_accuracy": 0.9987661218978442
    },
    "RD_D": {
        "_": {
            "precision": 0.0,
            "recall": 0.0,
            "f1": 0.0,
            "number": 5
        },
        "overall_precision": 0.0,