{
    "Addressee_default": {
        "_": {
            "precision": 0.5941558441558441,
            "recall": 0.6203389830508474,
            "f1": 0.6069651741293532,
            "number": 590
        },
        "overall_precision": 0.5941558441558441,
        "overall_recall": 0.6203389830508474,
        "overall_f1": 0.6069651741293532,
        "overall_accuracy": 0.9833539385376192
    },
    "Addressee_monitored": {
        "_": {
            "precision": 0.4782608695652174,
            "recall": 0.36666666666666664,
            "f1": 0.41509433962264153,
            "number": 120
        },
        "overall_precision": 0.4782608695652174,
        "overall_recall": 0.36666666666666664,
        "overall_f1": 0.41509433962264153,
        "overall_accuracy": 0.996048216178029
    },
    "Addressee_resource": {
        "_": {
            "precision": 0.0,
            "recall": 0.0,
            "f1": 0.0,
            "number": 28
        },
        "overall_precision": 0.0,
        "overall_recall": 0.0,
        "overall_f1": 0.0,
        "overall_accuracy": 0.9984104556693748
    },
    "Addressee_sector": {
        "_": {
            "precision": 0.48704663212435234,
            "recall": 0.6123778501628665,
            "f1": 0.5425685425685426,
            "number": 307
        },
        "overall_precision": 0.48704663212435234,
        "overall_recall": 0.6123778501628665,
        "overall_f1": 0.5425685425685426,
        "overall_accuracy": 0.9894030377958318
    },
    "App_LowCarbon": {
        "_": {
            "precision": 0.057692307692307696,
            "recall": 0.01875,
            "f1": 0.02830188679245283,
            "number": 160
        },
        "overall_precision": 0.057692307692307696,
        "overall_recall": 0.01875,
        "overall_f1": 0.02830188679245283,
        "overall_accuracy": 0.9857603320381491
    },
    "App_Other": {
        "_": {
            "precision": 0.30526315789473685,
            "recall": 0.18238993710691823,
            "f1": 0.22834645669291334,
            "number": 159
        },
        "overall_precision": 0.30526315789473685,
        "overall_recall": 0.18238993710691823,
        "overall_f1": 0.22834645669291334,
        "overall_accuracy": 0.9927366654892265
    },
    "Authority_default": {
        "_": {
            "precision": 0.6231884057971014,
            "recall": 0.6164874551971327,
            "f1": 0.6198198198198197,
            "number": 279
        },
        "overall_precision": 0.6231884057971014,
        "overall_recall": 0.6164874551971327,
        "overall_f1": 0.6198198198198197,
        "overall_accuracy": 0.9929574355351466
    },
    "Authority_established": {
        "_": {
            "precision": 0.0,
            "recall": 0.0,
            "f1": 0.0,
            "number": 11
        },
        "overall_precision": 0.0,
        "overall_recall": 0.0,
        "overall_f1": 0.0,
        "overall_accuracy": 0.9995805369127517
    },
    "Authority_legislative": {
        "_": {
            "precision": 0.525,
            "recall": 0.3387096774193548,
            "f1": 0.4117647058823529,
            "number": 62
        },
        "overall_precision": 0.525,
        "overall_recall": 0.3387096774193548,
        "overall_f1": 0.4117647058823529,
        "overall_accuracy": 0.9989403037795832
    },
    "Authority_monitoring": {
        "_": {
            "precision": 0.6374269005847953,
            "recall": 0.6646341463414634,
            "f1": 0.6507462686567164,
            "number": 164
        },
        "overall_precision": 0.6374269005847953,
        "overall_recall": 0.6646341463414634,
        "overall_f1": 0.6507462686567164,
        "overall_accuracy": 0.9962248322147651
    },
    "Edu_Outreach": {
        "_": {
            "precision": 0.3235294117647059,
            "recall": 0.09649122807017543,
            "f1": 0.14864864864864863,
            "number": 114
        },
        "overall_precision": 0.3235294117647059,
        "overall_recall": 0.09649122807017543,
        "overall_f1": 0.14864864864864863,
        "overall_accuracy": 0.9914120452137054
    },
    "Energy_LowCarbon": {
        "_": {
            "precision": 0.6732283464566929,
            "recall": 0.6286764705882353,
            "f1": 0.6501901140684412,
            "number": 272
        },
        "overall_precision": 0.6732283464566929,
        "overall_recall": 0.6286764705882353,
        "overall_f1": 0.6501901140684412,
        "overall_accuracy": 0.9942379018014835
    },
    "Energy_Other": {
        "_": {
            "precision": 0.5,
            "recall": 0.08333333333333333,
            "f1": 0.14285714285714285,
            "number": 96
        },
        "overall_precision": 0.5,
        "overall_recall": 0.08333333333333333,
        "overall_f1": 0.14285714285714285,
        "overall_accuracy": 0.997416990462734
    },
    "Form_monitoring": {
        "_": {
            "precision": 0.5437881873727087,
            "recall": 0.5632911392405063,
            "f1": 0.5533678756476684,
            "number": 474
        },
        "overall_precision": 0.5437881873727087,
        "overall_recall": 0.5632911392405063,
        "overall_f1": 0.5533678756476684,
        "overall_accuracy": 0.9835747085835393
    },
    "Form_sanctioning": {
        "_": {
            "precision": 0.0,
            "recall": 0.0,
            "f1": 0.0,
            "number": 15
        },
        "overall_precision": 0.0,
        "overall_recall": 0.0,
        "overall_f1": 0.0,
        "overall_accuracy": 0.9994039208760156
    },
    "FrameworkPolicy": {
        "_": {
            "precision": 0.6842105263157895,
            "recall": 0.6190476190476191,
            "f1": 0.6500000000000001,
            "number": 63
        },
        "overall_precision": 0.6842105263157895,
        "overall_recall": 0.6190476190476191,
        "overall_f1": 0.6500000000000001,
        "overall_accuracy": 0.9980351465913105
    },
    "Objective_QualIntention": {
        "_": {
            "precision": 0.1484375,
            "recall": 0.16666666666666666,
            "f1": 0.15702479338842976,
            "number": 114
        },
        "overall_precision": 0.1484375,
        "overall_recall": 0.16666666666666666,
        "overall_f1": 0.15702479338842976,
        "overall_accuracy": 0.9818968562345461
    },
    "Objective_QualIntention_noCCM": {
        "_": {
            "precision": 0.025974025974025976,
            "recall": 0.04819277108433735,
            "f1": 0.03375527426160338,
            "number": 83
        },
        "overall_precision": 0.025974025974025976,
        "overall_recall": 0.04819277108433735,
        "overall_f1": 0.03375527426160338,
        "overall_accuracy": 0.9770619922288943
    },
    "Objective_QuantTarget": {
        "_": {
            "precision": 0.0,
            "recall": 0.0,
            "f1": 0.0,
            "number": 11
        },
        "overall_precision": 0.0,
        "overall_recall": 0.0,
        "overall_f1": 0.0,
        "overall_accuracy": 0.9966663723066055
    },
    "Objective_QuantTarget_noCCM": {
        "overall_precision": 0.0,
        "overall_recall": 0.0,
        "overall_f1": 0.0,
        "overall_accuracy": 1.0
    },
    "PublicInvt": {
        "_": {
            "precision": 0.0,
            "recall": 0.0,
            "f1": 0.0,
            "number": 11
        },
        "overall_precision": 0.0,
        "overall_recall": 0.0,
        "overall_f1": 0.0,
        "overall_accuracy": 0.9994701518897916
    },
    "RD_D": {
        "_": {
            "precision": 0.0,
            "recall": 0.0,
            "f1": 0.0,
            "number": 5
        },
        "overall_precision": 0.0,
        "overall_recall": 0.0,
        "overall_f1": 0.0,
        "overall_accuracy": 0.9997571529494879
    },
    "Ref_OtherPolicy": {
        "_": {
            "precision": 0.6918238993710691,
            "recall": 0.6432748538011696,