{
    "Addressee_default": {
        "_": {
            "precision": 0.5667808219178082,
            "recall": 0.6968421052631579,
            "f1": 0.6251180358829085,
            "number": 475
        },
        "overall_precision": 0.5667808219178082,
        "overall_recall": 0.6968421052631579,
        "overall_f1": 0.6251180358829085,
        "overall_accuracy": 0.9844430919050517
    },
    "Addressee_monitored": {
        "_": {
            "precision": 0.6049382716049383,
            "recall": 0.5833333333333334,
            "f1": 0.5939393939393939,
            "number": 84
        },
        "overall_precision": 0.6049382716049383,
        "overall_recall": 0.5833333333333334,
        "overall_f1": 0.5939393939393939,
        "overall_accuracy": 0.9973463177115034
    },
    "Addressee_resource": {
        "_": {
            "precision": 0.0,
            "recall": 0.0,
            "f1": 0.0,
            "number": 48
        },
        "overall_precision": 0.0,
        "overall_recall": 0.0,
        "overall_f1": 0.0,
        "overall_accuracy": 0.9977358490566037
    },
    "Addressee_sector": {
        "_": {
            "precision": 0.4777777777777778,
            "recall": 0.4942528735632184,
            "f1": 0.4858757062146893,
            "number": 261
        },
        "overall_precision": 0.4777777777777778,
        "overall_recall": 0.4942528735632184,
        "overall_f1": 0.4858757062146893,
        "overall_accuracy": 0.9873889227023737
    },
    "App_LowCarbon": {
        "_": {
            "precision": 0.022222222222222223,
            "recall": 0.009345794392523364,
            "f1": 0.013157894736842106,
            "number": 214
        },
        "overall_precision": 0.022222222222222223,
        "overall_recall": 0.009345794392523364,
        "overall_f1": 0.013157894736842106,
        "overall_accuracy": 0.9835179549604383
    },
    "App_Other": {
        "_": {
            "precision": 0.3333333333333333,
            "recall": 0.3096446700507614,
            "f1": 0.32105263157894737,
            "number": 197
        },
        "overall_precision": 0.3333333333333333,
        "overall_recall": 0.3096446700507614,
        "overall_f1": 0.32105263157894737,
        "overall_accuracy": 0.9883140596469873
    },
    "Authority_default": {
        "_": {
            "precision": 0.5070422535211268,
            "recall": 0.5192307692307693,
            "f1": 0.513064133016627,
            "number": 208
        },
        "overall_precision": 0.5070422535211268,
        "overall_recall": 0.5192307692307693,
        "overall_f1": 0.513064133016627,
        "overall_accuracy": 0.9918441874619598
    },
    "Authority_established": {
        "_": {
            "precision": 0.0,
            "recall": 0.0,
            "f1": 0.0,
            "number": 28
        },
        "overall_precision": 0.0,
        "overall_recall": 0.0,
        "overall_f1": 0.0,
        "overall_accuracy": 0.9985636031649422
    },
    "Authority_legislative": {
        "_": {
            "precision": 0.45161290322580644,
            "recall": 0.2413793103448276,
            "f1": 0.31460674157303375,
            "number": 58
        },
        "overall_precision": 0.45161290322580644,
        "overall_recall": 0.2413793103448276,
        "overall_f1": 0.31460674157303375,
        "overall_accuracy": 0.9985392574558734
    },
    "Authority_monitoring": {
        "_": {
            "precision": 0.6853146853146853,
            "recall": 0.6712328767123288,
            "f1": 0.6782006920415224,
            "number": 146
        },
        "overall_precision": 0.6853146853146853,
        "overall_recall": 0.6712328767123288,
        "overall_f1": 0.6782006920415224,
        "overall_accuracy": 0.9969324406573341
    },
    "Edu_Outreach": {
        "_": {
            "precision": 0.0,
            "recall": 0.0,
            "f1": 0.0,
            "number": 70
        },
        "overall_precision": 0.0,
        "overall_recall": 0.0,
        "overall_f1": 0.0,
        "overall_accuracy": 0.9927936701156421
    },
    "Energy_LowCarbon": {
        "_": {
            "precision": 0.5543478260869565,
            "recall": 0.6555269922879178,
            "f1": 0.6007067137809189,
            "number": 389
        },
        "overall_precision": 0.5543478260869565,
        "overall_recall": 0.6555269922879178,
        "overall_f1": 0.6007067137809189,
        "overall_accuracy": 0.9879975654290931
    },
    "Energy_Other": {
        "_": {
            "precision": 0.5,
            "recall": 0.034482758620689655,
            "f1": 0.06451612903225806,
            "number": 145
        },
        "overall_precision": 0.5,
        "overall_recall": 0.034482758620689655,
        "overall_f1": 0.06451612903225806,
        "overall_accuracy": 0.9943031040779062
    },
    "Form_monitoring": {
        "_": {
            "precision": 0.5078947368421053,
            "recall": 0.4251101321585903,
            "f1": 0.46282973621103113,
            "number": 454
        },
        "overall_precision": 0.5078947368421053,
        "overall_recall": 0.4251101321585903,
        "overall_f1": 0.46282973621103113,
        "overall_accuracy": 0.9799147900182593
    },
    "Form_sanctioning": {
        "_": {
            "precision": 0.0,
            "recall": 0.0,
            "f1": 0.0,
            "number": 2
        },
        "overall_precision": 0.0,
        "overall_recall": 0.0,
        "overall_f1": 0.0,
        "overall_accuracy": 0.9999026171637249
    },
    "FrameworkPolicy": {
        "_": {
            "precision": 0.5520833333333334,
            "recall": 0.7162162162162162,
            "f1": 0.6235294117647059,
            "number": 74
        },
        "overall_precision": 0.5520833333333334,
        "overall_recall": 0.7162162162162162,
        "overall_f1": 0.6235294117647059,
        "overall_accuracy": 0.9956908094948266
    },
    "Objective_QualIntention": {
        "_": {
            "precision": 0.1366906474820144,
            "recall": 0.19791666666666666,
            "f1": 0.16170212765957448,
            "number": 96
        },
        "overall_precision": 0.1366906474820144,
        "overall_recall": 0.19791666666666666,
        "overall_f1": 0.16170212765957448,
        "overall_accuracy": 0.9840292148508826
    },
    "Objective_QualIntention_noCCM": {
        "_": {
            "precision": 0.05405405405405406,
            "recall": 0.05714285714285714,
            "f1": 0.05555555555555556,
            "number": 35
        },
        "overall_precision": 0.05405405405405406,
        "overall_recall": 0.05714285714285714,
        "overall_f1": 0.05555555555555556,
        "overall_accuracy": 0.9919902617163725
    },
    "Objective_QuantTarget": {
        "_": {
            "precision": 0.012658227848101266,
            "recall": 0.03125,
            "f1": 0.018018018018018018,
            "number": 32
        },
        "overall_precision": 0.012658227848101266,
        "overall_recall": 0.03125,
        "overall_f1": 0.018018018018018018,
        "overall_accuracy": 0.9920146074254412
    },
    "Objective_QuantTarget_noCCM": {
        "_": {
            "precision": 0.0,
            "recall": 0.0,
            "f1": 0.0,
            "number": 1
        },
        "overall_precision": 0.0,
        "overall_recall": 0.0,
        "overall_f1": 0.0,
        "overall_accuracy": 0.9998782714546561
    },
    "PublicInvt": {
        "_": {
            "precision": 0.0,
            "recall": 0.0,
            "f1": 0.0,
            "number": 14
        },
        "overall_precision": 0.0,
        "overall_recall": 0.0,
        "overall_f1": 0.0,
        "overall_accuracy": 0.9991235544735241
    },
    "RD_D": {
        "_": {
            "precision": 0.0,
            "recall": 0.0,
            "f1": 0.0,
            "number": 3
        },
        "overall_precision": 0.0,
        "overall_recall": 0.0,
        "overall_f1": 0.0,