{
    "Addressee_default": {
        "_": {
            "precision": 0.42857142857142855,
            "recall": 0.3990498812351544,
            "f1": 0.41328413284132837,
            "number": 421
        },
        "overall_precision": 0.42857142857142855,
        "overall_recall": 0.3990498812351544,
        "overall_f1": 0.41328413284132837,
        "overall_accuracy": 0.9836285234000048
    },
    "Addressee_monitored": {
        "_": {
            "precision": 0.13953488372093023,
            "recall": 0.10619469026548672,
            "f1": 0.12060301507537688,
            "number": 113
        },
        "overall_precision": 0.13953488372093023,
        "overall_recall": 0.10619469026548672,
        "overall_f1": 0.12060301507537688,
        "overall_accuracy": 0.9936414354276805
    },
    "Addressee_resource": {
        "_": {
            "precision": 0.0,
            "recall": 0.0,
            "f1": 0.0,
            "number": 40
        },
        "overall_precision": 0.0,
        "overall_recall": 0.0,
        "overall_f1": 0.0,
        "overall_accuracy": 0.9980022900577387
    },
    "Addressee_sector": {
        "_": {
            "precision": 0.5470085470085471,
            "recall": 0.37209302325581395,
            "f1": 0.4429065743944637,
            "number": 344
        },
        "overall_precision": 0.5470085470085471,
        "overall_recall": 0.37209302325581395,
        "overall_f1": 0.4429065743944637,
        "overall_accuracy": 0.9850659000657782
    },
    "App_LowCarbon": {
        "_": {
            "precision": 0.1111111111111111,
            "recall": 0.007692307692307693,
            "f1": 0.014388489208633094,
            "number": 130
        },
        "overall_precision": 0.1111111111111111,
        "overall_recall": 0.007692307692307693,
        "overall_f1": 0.014388489208633094,
        "overall_accuracy": 0.9836285234000048
    },
    "App_Other": {
        "_": {
            "precision": 0.14583333333333334,
            "recall": 0.03977272727272727,
            "f1": 0.0625,
            "number": 176
        },
        "overall_precision": 0.14583333333333334,
        "overall_recall": 0.03977272727272727,
        "overall_f1": 0.0625,
        "overall_accuracy": 0.9902550734523838
    },
    "Authority_default": {
        "_": {
            "precision": 0.3736842105263158,
            "recall": 0.39226519337016574,
            "f1": 0.3827493261455525,
            "number": 181
        },
        "overall_precision": 0.3736842105263158,
        "overall_recall": 0.39226519337016574,
        "overall_f1": 0.3827493261455525,
        "overall_accuracy": 0.9914975515872049
    },
    "Authority_established": {
        "_": {
            "precision": 0.0,
            "recall": 0.0,
            "f1": 0.0,
            "number": 22
        },
        "overall_precision": 0.0,
        "overall_recall": 0.0,
        "overall_f1": 0.0,
        "overall_accuracy": 0.9990498696616075
    },
    "Authority_legislative": {
        "_": {
            "precision": 0.5344827586206896,
            "recall": 0.5081967213114754,
            "f1": 0.5210084033613445,
            "number": 61
        },
        "overall_precision": 0.5344827586206896,
        "overall_recall": 0.5081967213114754,
        "overall_f1": 0.5210084033613445,
        "overall_accuracy": 0.9984408117523814
    },
    "Authority_monitoring": {
        "_": {
            "precision": 0.6875,
            "recall": 0.3618421052631579,
            "f1": 0.47413793103448276,
            "number": 152
        },
        "overall_precision": 0.6875,
        "overall_recall": 0.3618421052631579,
        "overall_f1": 0.47413793103448276,
        "overall_accuracy": 0.9956635076863108
    },
    "Edu_Outreach": {
        "_": {
            "precision": 0.0,
            "recall": 0.0,
            "f1": 0.0,
            "number": 50
        },
        "overall_precision": 0.0,
        "overall_recall": 0.0,
        "overall_f1": 0.0,
        "overall_accuracy": 0.9948351889297634
    },
    "Energy_LowCarbon": {
        "_": {
            "precision": 0.44469525959367945,
            "recall": 0.5143603133159269,
            "f1": 0.47699757869249393,
            "number": 383
        },
        "overall_precision": 0.44469525959367945,
        "overall_recall": 0.5143603133159269,
        "overall_f1": 0.47699757869249393,
        "overall_accuracy": 0.9833361756035763
    },
    "Energy_Other": {
        "_": {
            "precision": 0.0,
            "recall": 0.0,
            "f1": 0.0,
            "number": 128
        },
        "overall_precision": 0.0,
        "overall_recall": 0.0,
        "overall_f1": 0.0,
        "overall_accuracy": 0.9958340439008941
    },
    "Form_monitoring": {
        "_": {
            "precision": 0.48186528497409326,
            "recall": 0.27844311377245506,
            "f1": 0.3529411764705882,
            "number": 334
        },
        "overall_precision": 0.48186528497409326,
        "overall_recall": 0.27844311377245506,
        "overall_f1": 0.3529411764705882,
        "overall_accuracy": 0.9799741759446489
    },
    "Form_sanctioning": {
        "_": {
            "precision": 0.0,
            "recall": 0.0,
            "f1": 0.0,
            "number": 10
        },
        "overall_precision": 0.0,
        "overall_recall": 0.0,
        "overall_f1": 0.0,
        "overall_accuracy": 0.9988549711306551
    },
    "FrameworkPolicy": {
        "_": {
            "precision": 0.532258064516129,
            "recall": 0.5238095238095238,
            "f1": 0.5280000000000001,
            "number": 63
        },
        "overall_precision": 0.532258064516129,
        "overall_recall": 0.5238095238095238,
        "overall_f1": 0.5280000000000001,
        "overall_accuracy": 0.996979072770239
    },
    "Objective_QualIntention": {
        "_": {
            "precision": 0.0,
            "recall": 0.0,
            "f1": 0.0,
            "number": 131
        },
        "overall_precision": 0.0,
        "overall_recall": 0.0,
        "overall_f1": 0.0,
        "overall_accuracy": 0.9811192048139937
    },
    "Objective_QualIntention_noCCM": {
        "_": {
            "precision": 0.0,
            "recall": 0.0,
            "f1": 0.0,
            "number": 51
        },
        "overall_precision": 0.0,
        "overall_recall": 0.0,
        "overall_f1": 0.0,
        "overall_accuracy": 0.9869417984261943
    },
    "Objective_QuantTarget": {
        "_": {
            "precision": 0.09473684210526316,
            "recall": 0.2,
            "f1": 0.12857142857142856,
            "number": 45
        },
        "overall_precision": 0.09473684210526316,
        "overall_recall": 0.2,
        "overall_f1": 0.12857142857142856,
        "overall_accuracy": 0.9870148853753015
    },
    "Objective_QuantTarget_noCCM": {
        "_": {
            "precision": 0.0,
            "recall": 0.0,
            "f1": 0.0,
            "number": 2
        },
        "overall_precision": 0.0,
        "overall_recall": 0.0,
        "overall_f1": 0.0,
        "overall_accuracy": 0.9994640290398811
    },
    "PublicInvt": {
        "_": {
            "precision": 0.0,
            "recall": 0.0,
            "f1": 0.0,
            "number": 21
        },
        "overall_precision": 0.0,
        "overall_recall": 0.0,
        "overall_f1": 0.0,
        "overall_accuracy": 0.998781884181548
    },
    "RD_D": {
        "_": {
            "precision": 0.0,
            "recall": 0.0,
            "f1": 0.0,
            "number": 6
        },
        "overall_precision": 0.0,
        "overall_recall": 0.0,
        "overall_f1": 0.0,
        "overall_accuracy": 0.999390942090774
    },
    "Ref_OtherPolicy": {
        "_": {
            "precision": 0.6140350877192983,
            "recall": 0.6645569620253164,
            "f1": 0.6382978723404255,
            "number": 158
        },
        "overall_precision": 0.6140350877192983,