{
    "Addressee_default": {
        "_": {
            "precision": 0.6022944550669216,
            "recall": 0.6645569620253164,
            "f1": 0.6318956870611835,
            "number": 474
        },
        "overall_precision": 0.6022944550669216,
        "overall_recall": 0.6645569620253164,
        "overall_f1": 0.6318956870611835,
        "overall_accuracy": 0.9845060800655827
    },
    "Addressee_monitored": {
        "_": {
            "precision": 0.5794392523364486,
            "recall": 0.4806201550387597,
            "f1": 0.5254237288135593,
            "number": 129
        },
        "overall_precision": 0.5794392523364486,
        "overall_recall": 0.4806201550387597,
        "overall_f1": 0.5254237288135593,
        "overall_accuracy": 0.9944254679601039
    },
    "Addressee_resource": {
        "_": {
            "precision": 0.0,
            "recall": 0.0,
            "f1": 0.0,
            "number": 27
        },
        "overall_precision": 0.0,
        "overall_recall": 0.0,
        "overall_f1": 0.0,
        "overall_accuracy": 0.9979505396912146
    },
    "Addressee_sector": {
        "_": {
            "precision": 0.5450346420323325,
            "recall": 0.7306501547987616,
            "f1": 0.6243386243386244,
            "number": 323
        },
        "overall_precision": 0.5450346420323325,
        "overall_recall": 0.7306501547987616,
        "overall_f1": 0.6243386243386244,
        "overall_accuracy": 0.9828118595436535
    },
    "App_LowCarbon": {
        "_": {
            "precision": 0.1357142857142857,
            "recall": 0.10857142857142857,
            "f1": 0.12063492063492062,
            "number": 175
        },
        "overall_precision": 0.1357142857142857,
        "overall_recall": 0.10857142857142857,
        "overall_f1": 0.12063492063492062,
        "overall_accuracy": 0.9815275310834813
    },
    "App_Other": {
        "_": {
            "precision": 0.3,
            "recall": 0.16279069767441862,
            "f1": 0.21105527638190955,
            "number": 129
        },
        "overall_precision": 0.3,
        "overall_recall": 0.16279069767441862,
        "overall_f1": 0.21105527638190955,
        "overall_accuracy": 0.9917201803525072
    },
    "Authority_default": {
        "_": {
            "precision": 0.44324324324324327,
            "recall": 0.4632768361581921,
            "f1": 0.4530386740331491,
            "number": 177
        },
        "overall_precision": 0.44324324324324327,
        "overall_recall": 0.4632768361581921,
        "overall_f1": 0.4530386740331491,
        "overall_accuracy": 0.9920207678644624
    },
    "Authority_established": {
        "_": {
            "precision": 0.0,
            "recall": 0.0,
            "f1": 0.0,
            "number": 1
        },
        "overall_precision": 0.0,
        "overall_recall": 0.0,
        "overall_f1": 0.0,
        "overall_accuracy": 0.999945347725099
    },
    "Authority_legislative": {
        "_": {
            "precision": 0.7142857142857143,
            "recall": 0.37037037037037035,
            "f1": 0.4878048780487805,
            "number": 54
        },
        "overall_precision": 0.7142857142857143,
        "overall_recall": 0.37037037037037035,
        "overall_f1": 0.4878048780487805,
        "overall_accuracy": 0.9987429976772784
    },
    "Authority_monitoring": {
        "_": {
            "precision": 0.6310679611650486,
            "recall": 0.8441558441558441,
            "f1": 0.7222222222222222,
            "number": 154
        },
        "overall_precision": 0.6310679611650486,
        "overall_recall": 0.8441558441558441,
        "overall_f1": 0.7222222222222222,
        "overall_accuracy": 0.9968848203306463
    },
    "Edu_Outreach": {
        "_": {
            "precision": 0.1111111111111111,
            "recall": 0.05128205128205128,
            "f1": 0.07017543859649122,
            "number": 39
        },
        "overall_precision": 0.1111111111111111,
        "overall_recall": 0.05128205128205128,
        "overall_f1": 0.07017543859649122,
        "overall_accuracy": 0.996638885093592
    },
    "Energy_LowCarbon": {
        "_": {
            "precision": 0.6645367412140575,
            "recall": 0.7591240875912408,
            "f1": 0.7086882453151618,
            "number": 274
        },
        "overall_precision": 0.6645367412140575,
        "overall_recall": 0.7591240875912408,
        "overall_f1": 0.7086882453151618,
        "overall_accuracy": 0.9936603361114906
    },
    "Energy_Other": {
        "_": {
            "precision": 0.5454545454545454,
            "recall": 0.1348314606741573,
            "f1": 0.2162162162162162,
            "number": 89
        },
        "overall_precision": 0.5454545454545454,
        "overall_recall": 0.1348314606741573,
        "overall_f1": 0.2162162162162162,
        "overall_accuracy": 0.9974313430796556
    },
    "Form_monitoring": {
        "_": {
            "precision": 0.5528846153846154,
            "recall": 0.6388888888888888,
            "f1": 0.5927835051546392,
            "number": 360
        },
        "overall_precision": 0.5528846153846154,
        "overall_recall": 0.6388888888888888,
        "overall_f1": 0.5927835051546392,
        "overall_accuracy": 0.9892061757070638
    },
    "Form_sanctioning": {
        "_": {
            "precision": 0.0,
            "recall": 0.0,
            "f1": 0.0,
            "number": 15
        },
        "overall_precision": 0.0,
        "overall_recall": 0.0,
        "overall_f1": 0.0,
        "overall_accuracy": 0.9949993168465637
    },
    "FrameworkPolicy": {
        "_": {
            "precision": 0.6730769230769231,
            "recall": 0.45454545454545453,
            "f1": 0.5426356589147286,
            "number": 77
        },
        "overall_precision": 0.6730769230769231,
        "overall_recall": 0.45454545454545453,
        "overall_f1": 0.5426356589147286,
        "overall_accuracy": 0.9972673862549528
    },
    "Objective_QualIntention": {
        "_": {
            "precision": 0.16806722689075632,
            "recall": 0.2777777777777778,
            "f1": 0.20942408376963353,
            "number": 72
        },
        "overall_precision": 0.16806722689075632,
        "overall_recall": 0.2777777777777778,
        "overall_f1": 0.20942408376963353,
        "overall_accuracy": 0.9864189096871158
    },
    "Objective_QualIntention_noCCM": {
        "_": {
            "precision": 0.08139534883720931,
            "recall": 0.14,
            "f1": 0.10294117647058824,
            "number": 50
        },
        "overall_precision": 0.08139534883720931,
        "overall_recall": 0.14,
        "overall_f1": 0.10294117647058824,
        "overall_accuracy": 0.9865282142369176
    },
    "Objective_QuantTarget": {
        "_": {
            "precision": 0.01818181818181818,
            "recall": 0.021739130434782608,
            "f1": 0.019801980198019802,
            "number": 46
        },
        "overall_precision": 0.01818181818181818,
        "overall_recall": 0.021739130434782608,
        "overall_f1": 0.019801980198019802,
        "overall_accuracy": 0.9894247848066676
    },
    "Objective_QuantTarget_noCCM": {
        "overall_precision": 0.0,
        "overall_recall": 0.0,
        "overall_f1": 0.0,
        "overall_accuracy": 1.0
    },
    "PublicInvt": {
        "_": {
            "precision": 0.0,
            "recall": 0.0,
            "f1": 0.0,
            "number": 24
        },
        "overall_precision": 0.0,
        "overall_recall": 0.0,
        "overall_f1": 0.0,
        "overall_accuracy": 0.9984150840278727
    },
    "RD_D": {
        "_": {
            "precision": 0.0,
            "recall": 0.0,
            "f1": 0.0,
            "number": 2
        },
        "overall_precision": 0.0,
        "overall_recall": 0.0,
        "overall_f1": 0.0,
        "overall_accuracy": 0.9999180215876485
    },