{
    "Addressee_default": {
        "_": {
            "precision": 0.5612903225806452,
            "recall": 0.54375,
            "f1": 0.5523809523809524,
            "number": 320
        },
        "overall_precision": 0.5612903225806452,
        "overall_recall": 0.54375,
        "overall_f1": 0.5523809523809524,
        "overall_accuracy": 0.9868456456097342
    },
    "Addressee_monitored": {
        "_": {
            "precision": 0.33962264150943394,
            "recall": 0.16363636363636364,
            "f1": 0.22085889570552147,
            "number": 110
        },
        "overall_precision": 0.33962264150943394,
        "overall_recall": 0.16363636363636364,
        "overall_f1": 0.22085889570552147,
        "overall_accuracy": 0.9938114741845795
    },
    "Addressee_resource": {
        "_": {
            "precision": 0.0,
            "recall": 0.0,
            "f1": 0.0,
            "number": 24
        },
        "overall_precision": 0.0,
        "overall_recall": 0.0,
        "overall_f1": 0.0,
        "overall_accuracy": 0.9987144608209513
    },
    "Addressee_sector": {
        "_": {
            "precision": 0.622568093385214,
            "recall": 0.6530612244897959,
            "f1": 0.6374501992031872,
            "number": 245
        },
        "overall_precision": 0.622568093385214,
        "overall_recall": 0.6530612244897959,
        "overall_f1": 0.6374501992031872,
        "overall_accuracy": 0.9908218481867919
    },
    "App_LowCarbon": {
        "_": {
            "precision": 0.09183673469387756,
            "recall": 0.060810810810810814,
            "f1": 0.07317073170731707,
            "number": 148
        },
        "overall_precision": 0.09183673469387756,
        "overall_recall": 0.060810810810810814,
        "overall_f1": 0.07317073170731707,
        "overall_accuracy": 0.9823911028730306
    },
    "App_Other": {
        "_": {
            "precision": 0.273972602739726,
            "recall": 0.1694915254237288,
            "f1": 0.2094240837696335,
            "number": 118
        },
        "overall_precision": 0.273972602739726,
        "overall_recall": 0.1694915254237288,
        "overall_f1": 0.2094240837696335,
        "overall_accuracy": 0.99127029208646
    },
    "Authority_default": {
        "_": {
            "precision": 0.47368421052631576,
            "recall": 0.20689655172413793,
            "f1": 0.288,
            "number": 174
        },
        "overall_precision": 0.47368421052631576,
        "overall_recall": 0.20689655172413793,
        "overall_f1": 0.288,
        "overall_accuracy": 0.9923764537056414
    },
    "Authority_established": {
        "_": {
            "precision": 0.0,
            "recall": 0.0,
            "f1": 0.0,
            "number": 18
        },
        "overall_precision": 0.0,
        "overall_recall": 0.0,
        "overall_f1": 0.0,
        "overall_accuracy": 0.9987443570809291
    },
    "Authority_legislative": {
        "_": {
            "precision": 0.5384615384615384,
            "recall": 0.175,
            "f1": 0.2641509433962264,
            "number": 40
        },
        "overall_precision": 0.5384615384615384,
        "overall_recall": 0.175,
        "overall_f1": 0.2641509433962264,
        "overall_accuracy": 0.9987742533409071
    },
    "Authority_monitoring": {
        "_": {
            "precision": 0.5307262569832403,
            "recall": 0.7723577235772358,
            "f1": 0.6291390728476822,
            "number": 123
        },
        "overall_precision": 0.5307262569832403,
        "overall_recall": 0.7723577235772358,
        "overall_f1": 0.6291390728476822,
        "overall_accuracy": 0.9960835899428981
    },
    "Edu_Outreach": {
        "_": {
            "precision": 0.34146341463414637,
            "recall": 0.2641509433962264,
            "f1": 0.2978723404255319,
            "number": 53
        },
        "overall_precision": 0.34146341463414637,
        "overall_recall": 0.2641509433962264,
        "overall_f1": 0.2978723404255319,
        "overall_accuracy": 0.9940506442644025
    },
    "Energy_LowCarbon": {
        "_": {
            "precision": 0.5930232558139535,
            "recall": 0.5817490494296578,
            "f1": 0.5873320537428024,
            "number": 263
        },
        "overall_precision": 0.5930232558139535,
        "overall_recall": 0.5817490494296578,
        "overall_f1": 0.5873320537428024,
        "overall_accuracy": 0.9907919519268139
    },
    "Energy_Other": {
        "_": {
            "precision": 0.2222222222222222,
            "recall": 0.029850746268656716,
            "f1": 0.052631578947368425,
            "number": 67
        },
        "overall_precision": 0.2222222222222222,
        "overall_recall": 0.029850746268656716,
        "overall_f1": 0.052631578947368425,
        "overall_accuracy": 0.9963227600227211
    },
    "Form_monitoring": {
        "_": {
            "precision": 0.3505338078291815,
            "recall": 0.5596590909090909,
            "f1": 0.43107221006564556,
            "number": 352
        },
        "overall_precision": 0.3505338078291815,
        "overall_recall": 0.5596590909090909,
        "overall_f1": 0.43107221006564556,
        "overall_accuracy": 0.9759335107178092
    },
    "Form_sanctioning": {
        "_": {
            "precision": 0.0,
            "recall": 0.0,
            "f1": 0.0,
            "number": 9
        },
        "overall_precision": 0.0,
        "overall_recall": 0.0,
        "overall_f1": 0.0,
        "overall_accuracy": 0.9994020748004425
    },
    "FrameworkPolicy": {
        "_": {
            "precision": 0.3333333333333333,
            "recall": 0.36065573770491804,
            "f1": 0.3464566929133858,
            "number": 61
        },
        "overall_precision": 0.3333333333333333,
        "overall_recall": 0.36065573770491804,
        "overall_f1": 0.3464566929133858,
        "overall_accuracy": 0.9959341086430088
    },
    "Objective_QualIntention": {
        "_": {
            "precision": 0.1038961038961039,
            "recall": 0.1103448275862069,
            "f1": 0.10702341137123746,
            "number": 145
        },
        "overall_precision": 0.1038961038961039,
        "overall_recall": 0.1103448275862069,
        "overall_f1": 0.10702341137123746,
        "overall_accuracy": 0.9727047146401985
    },
    "Objective_QualIntention_noCCM": {
        "_": {
            "precision": 0.05,
            "recall": 0.06666666666666667,
            "f1": 0.05714285714285715,
            "number": 45
        },
        "overall_precision": 0.05,
        "overall_recall": 0.06666666666666667,
        "overall_f1": 0.05714285714285715,
        "overall_accuracy": 0.9831684056324553
    },
    "Objective_QuantTarget": {
        "_": {
            "precision": 0.0967741935483871,
            "recall": 0.16216216216216217,
            "f1": 0.12121212121212119,
            "number": 37
        },
        "overall_precision": 0.0967741935483871,
        "overall_recall": 0.16216216216216217,
        "overall_f1": 0.12121212121212119,
        "overall_accuracy": 0.9897754790875661
    },
    "Objective_QuantTarget_noCCM": {
        "_": {
            "precision": 0.0,
            "recall": 0.0,
            "f1": 0.0,
            "number": 1
        },
        "overall_precision": 0.0,
        "overall_recall": 0.0,
        "overall_f1": 0.0,
        "overall_accuracy": 0.9997010374002212
    },
    "PublicInvt": {
        "_": {
            "precision": 0.0,
            "recall": 0.0,
            "f1": 0.0,
            "number": 29
        },
        "overall_precision": 0.0,
        "overall_recall": 0.0,
        "overall_f1": 0.0,
        "overall_accuracy": 0.997578402941792
    },
    "RD_D": {
        "_": {
            "precision": 0.0,
            "recall": 0.0,
            "f1": 0.0,
            "number": 2
        },
        "overall_precision": 0.0,
        "overall_recall": 0.0,