{
    "Addressee_default": {
        "_": {
            "precision": 0.5733082706766918,
            "recall": 0.7331730769230769,
            "f1": 0.6434599156118143,
            "number": 416
        },
        "overall_precision": 0.5733082706766918,
        "overall_recall": 0.7331730769230769,
        "overall_f1": 0.6434599156118143,
        "overall_accuracy": 0.9843872766442783
    },
    "Addressee_monitored": {
        "_": {
            "precision": 0.6595744680851063,
            "recall": 0.5585585585585585,
            "f1": 0.6048780487804877,
            "number": 111
        },
        "overall_precision": 0.6595744680851063,
        "overall_recall": 0.5585585585585585,
        "overall_f1": 0.6048780487804877,
        "overall_accuracy": 0.996299581802053
    },
    "Addressee_resource": {
        "_": {
            "precision": 0.0,
            "recall": 0.0,
            "f1": 0.0,
            "number": 37
        },
        "overall_precision": 0.0,
        "overall_recall": 0.0,
        "overall_f1": 0.0,
        "overall_accuracy": 0.9980484095805348
    },
    "Addressee_sector": {
        "_": {
            "precision": 0.6313868613138686,
            "recall": 0.5274390243902439,
            "f1": 0.574750830564784,
            "number": 328
        },
        "overall_precision": 0.6313868613138686,
        "overall_recall": 0.5274390243902439,
        "overall_f1": 0.574750830564784,
        "overall_accuracy": 0.9872512989481688
    },
    "App_LowCarbon": {
        "_": {
            "precision": 0.226890756302521,
            "recall": 0.2076923076923077,
            "f1": 0.21686746987951808,
            "number": 130
        },
        "overall_precision": 0.226890756302521,
        "overall_recall": 0.2076923076923077,
        "overall_f1": 0.21686746987951808,
        "overall_accuracy": 0.9832720821188696
    },
    "App_Other": {
        "_": {
            "precision": 0.2717391304347826,
            "recall": 0.1524390243902439,
            "f1": 0.19531249999999997,
            "number": 164
        },
        "overall_precision": 0.2717391304347826,
        "overall_recall": 0.1524390243902439,
        "overall_f1": 0.19531249999999997,
        "overall_accuracy": 0.9905968825243949
    },
    "Authority_default": {
        "_": {
            "precision": 0.5185185185185185,
            "recall": 0.4540540540540541,
            "f1": 0.484149855907781,
            "number": 185
        },
        "overall_precision": 0.5185185185185185,
        "overall_recall": 0.4540540540540541,
        "overall_f1": 0.484149855907781,
        "overall_accuracy": 0.9914586237485743
    },
    "Authority_established": {
        "_": {
            "precision": 0.0,
            "recall": 0.0,
            "f1": 0.0,
            "number": 19
        },
        "overall_precision": 0.0,
        "overall_recall": 0.0,
        "overall_f1": 0.0,
        "overall_accuracy": 0.9988341148143455
    },
    "Authority_legislative": {
        "_": {
            "precision": 0.42857142857142855,
            "recall": 0.34615384615384615,
            "f1": 0.3829787234042554,
            "number": 52
        },
        "overall_precision": 0.42857142857142855,
        "overall_recall": 0.34615384615384615,
        "overall_f1": 0.3829787234042554,
        "overall_accuracy": 0.9988594601444684
    },
    "Authority_monitoring": {
        "_": {
            "precision": 0.7192982456140351,
            "recall": 0.7639751552795031,
            "f1": 0.7409638554216867,
            "number": 161
        },
        "overall_precision": 0.7192982456140351,
        "overall_recall": 0.7639751552795031,
        "overall_f1": 0.7409638554216867,
        "overall_accuracy": 0.9975668483081992
    },
    "Edu_Outreach": {
        "_": {
            "precision": 0.0,
            "recall": 0.0,
            "f1": 0.0,
            "number": 50
        },
        "overall_precision": 0.0,
        "overall_recall": 0.0,
        "overall_f1": 0.0,
        "overall_accuracy": 0.9945507540235712
    },
    "Energy_LowCarbon": {
        "_": {
            "precision": 0.5040431266846361,
            "recall": 0.5026881720430108,
            "f1": 0.5033647375504711,
            "number": 372
        },
        "overall_precision": 0.5040431266846361,
        "overall_recall": 0.5026881720430108,
        "overall_f1": 0.5033647375504711,
        "overall_accuracy": 0.9859079964516538
    },
    "Energy_Other": {
        "_": {
            "precision": 0.325,
            "recall": 0.10483870967741936,
            "f1": 0.15853658536585366,
            "number": 124
        },
        "overall_precision": 0.325,
        "overall_recall": 0.10483870967741936,
        "overall_f1": 0.15853658536585366,
        "overall_accuracy": 0.9957166392092257
    },
    "Form_monitoring": {
        "_": {
            "precision": 0.5039164490861618,
            "recall": 0.5693215339233039,
            "f1": 0.5346260387811634,
            "number": 339
        },
        "overall_precision": 0.5039164490861618,
        "overall_recall": 0.5693215339233039,
        "overall_f1": 0.5346260387811634,
        "overall_accuracy": 0.9829425928272716
    },
    "Form_sanctioning": {
        "_": {
            "precision": 0.0,
            "recall": 0.0,
            "f1": 0.0,
            "number": 12
        },
        "overall_precision": 0.0,
        "overall_recall": 0.0,
        "overall_f1": 0.0,
        "overall_accuracy": 0.9987327334938537
    },
    "FrameworkPolicy": {
        "_": {
            "precision": 0.5441176470588235,
            "recall": 0.6065573770491803,
            "f1": 0.5736434108527132,
            "number": 61
        },
        "overall_precision": 0.5441176470588235,
        "overall_recall": 0.6065573770491803,
        "overall_f1": 0.5736434108527132,
        "overall_accuracy": 0.9975668483081992
    },
    "Objective_QualIntention": {
        "_": {
            "precision": 0.13953488372093023,
            "recall": 0.22727272727272727,
            "f1": 0.1729106628242075,
            "number": 132
        },
        "overall_precision": 0.13953488372093023,
        "overall_recall": 0.22727272727272727,
        "overall_f1": 0.1729106628242075,
        "overall_accuracy": 0.9748067418578127
    },
    "Objective_QualIntention_noCCM": {
        "_": {
            "precision": 0.0,
            "recall": 0.0,
            "f1": 0.0,
            "number": 50
        },
        "overall_precision": 0.0,
        "overall_recall": 0.0,
        "overall_f1": 0.0,
        "overall_accuracy": 0.9815485996705107
    },
    "Objective_QuantTarget": {
        "_": {
            "precision": 0.031578947368421054,
            "recall": 0.075,
            "f1": 0.044444444444444446,
            "number": 40
        },
        "overall_precision": 0.031578947368421054,
        "overall_recall": 0.075,
        "overall_f1": 0.044444444444444446,
        "overall_accuracy": 0.9889240907362818
    },
    "Objective_QuantTarget_noCCM": {
        "_": {
            "precision": 0.0,
            "recall": 0.0,
            "f1": 0.0,
            "number": 1
        },
        "overall_precision": 0.0,
        "overall_recall": 0.0,
        "overall_f1": 0.0,
        "overall_accuracy": 0.9997465466987707
    },
    "PublicInvt": {
        "_": {
            "precision": 0.0,
            "recall": 0.0,
            "f1": 0.0,
            "number": 20
        },
        "overall_precision": 0.0,
        "overall_recall": 0.0,
        "overall_f1": 0.0,
        "overall_accuracy": 0.9988341148143455
    },
    "RD_D": {
        "_": {
            "precision": 0.0,
            "recall": 0.0,
            "f1": 0.0,
            "number": 4
        },
        "overall_precision": 0.0,
        "overall_recall": 0.0,
        "overall_f1": 0.0,
        "overall_accuracy": 0.9996451653782791
    },