{
    "Addressee_default": {
        "_": {
            "precision": 0.5408163265306123,
            "recall": 0.6708860759493671,
            "f1": 0.5988700564971752,
            "number": 316
        },
        "overall_precision": 0.5408163265306123,
        "overall_recall": 0.6708860759493671,
        "overall_f1": 0.5988700564971752,
        "overall_accuracy": 0.9865591397849462
    },
    "Addressee_monitored": {
        "_": {
            "precision": 0.574468085106383,
            "recall": 0.4954128440366973,
            "f1": 0.5320197044334977,
            "number": 109
        },
        "overall_precision": 0.574468085106383,
        "overall_recall": 0.4954128440366973,
        "overall_f1": 0.5320197044334977,
        "overall_accuracy": 0.9948924731182796
    },
    "Addressee_resource": {
        "_": {
            "precision": 0.0,
            "recall": 0.0,
            "f1": 0.0,
            "number": 23
        },
        "overall_precision": 0.0,
        "overall_recall": 0.0,
        "overall_f1": 0.0,
        "overall_accuracy": 0.998805256869773
    },
    "Addressee_sector": {
        "_": {
            "precision": 0.6156716417910447,
            "recall": 0.673469387755102,
            "f1": 0.6432748538011696,
            "number": 245
        },
        "overall_precision": 0.6156716417910447,
        "overall_recall": 0.673469387755102,
        "overall_f1": 0.6432748538011696,
        "overall_accuracy": 0.9908303464755077
    },
    "App_LowCarbon": {
        "_": {
            "precision": 0.09259259259259259,
            "recall": 0.10135135135135136,
            "f1": 0.09677419354838711,
            "number": 148
        },
        "overall_precision": 0.09259259259259259,
        "overall_recall": 0.10135135135135136,
        "overall_f1": 0.09677419354838711,
        "overall_accuracy": 0.9812724014336918
    },
    "App_Other": {
        "_": {
            "precision": 0.4722222222222222,
            "recall": 0.29310344827586204,
            "f1": 0.36170212765957444,
            "number": 116
        },
        "overall_precision": 0.4722222222222222,
        "overall_recall": 0.29310344827586204,
        "overall_f1": 0.36170212765957444,
        "overall_accuracy": 0.9925029868578256
    },
    "Authority_default": {
        "_": {
            "precision": 0.46511627906976744,
            "recall": 0.4624277456647399,
            "f1": 0.463768115942029,
            "number": 173
        },
        "overall_precision": 0.46511627906976744,
        "overall_recall": 0.4624277456647399,
        "overall_f1": 0.463768115942029,
        "overall_accuracy": 0.9920549581839905
    },
    "Authority_established": {
        "_": {
            "precision": 0.0,
            "recall": 0.0,
            "f1": 0.0,
            "number": 17
        },
        "overall_precision": 0.0,
        "overall_recall": 0.0,
        "overall_f1": 0.0,
        "overall_accuracy": 0.9987753882915174
    },
    "Authority_legislative": {
        "_": {
            "precision": 0.5,
            "recall": 0.24324324324324326,
            "f1": 0.3272727272727273,
            "number": 37
        },
        "overall_precision": 0.5,
        "overall_recall": 0.24324324324324326,
        "overall_f1": 0.3272727272727273,
        "overall_accuracy": 0.9989247311827957
    },
    "Authority_monitoring": {
        "_": {
            "precision": 0.5655172413793104,
            "recall": 0.6833333333333333,
            "f1": 0.6188679245283019,
            "number": 120
        },
        "overall_precision": 0.5655172413793104,
        "overall_recall": 0.6833333333333333,
        "overall_f1": 0.6188679245283019,
        "overall_accuracy": 0.996415770609319
    },
    "Edu_Outreach": {
        "_": {
            "precision": 0.43478260869565216,
            "recall": 0.18867924528301888,
            "f1": 0.26315789473684215,
            "number": 53
        },
        "overall_precision": 0.43478260869565216,
        "overall_recall": 0.18867924528301888,
        "overall_f1": 0.26315789473684215,
        "overall_accuracy": 0.9946535244922342
    },
    "Energy_LowCarbon": {
        "_": {
            "precision": 0.6418918918918919,
            "recall": 0.7364341085271318,
            "f1": 0.6859205776173285,
            "number": 258
        },
        "overall_precision": 0.6418918918918919,
        "overall_recall": 0.7364341085271318,
        "overall_f1": 0.6859205776173285,
        "overall_accuracy": 0.9910095579450419
    },
    "Energy_Other": {
        "_": {
            "precision": 0.32432432432432434,
            "recall": 0.1791044776119403,
            "f1": 0.23076923076923078,
            "number": 67
        },
        "overall_precision": 0.32432432432432434,
        "overall_recall": 0.1791044776119403,
        "overall_f1": 0.23076923076923078,
        "overall_accuracy": 0.996505376344086
    },
    "Form_monitoring": {
        "_": {
            "precision": 0.38104448742746616,
            "recall": 0.556497175141243,
            "f1": 0.452353616532721,
            "number": 354
        },
        "overall_precision": 0.38104448742746616,
        "overall_recall": 0.556497175141243,
        "overall_f1": 0.452353616532721,
        "overall_accuracy": 0.9778076463560335
    },
    "Form_sanctioning": {
        "_": {
            "precision": 0.0,
            "recall": 0.0,
            "f1": 0.0,
            "number": 8
        },
        "overall_precision": 0.0,
        "overall_recall": 0.0,
        "overall_f1": 0.0,
        "overall_accuracy": 0.9994623655913979
    },
    "FrameworkPolicy": {
        "_": {
            "precision": 0.5254237288135594,
            "recall": 0.543859649122807,
            "f1": 0.5344827586206897,
            "number": 57
        },
        "overall_precision": 0.5254237288135594,
        "overall_recall": 0.543859649122807,
        "overall_f1": 0.5344827586206897,
        "overall_accuracy": 0.9970131421744325
    },
    "Objective_QualIntention": {
        "_": {
            "precision": 0.15508021390374332,
            "recall": 0.20279720279720279,
            "f1": 0.17575757575757578,
            "number": 143
        },
        "overall_precision": 0.15508021390374332,
        "overall_recall": 0.20279720279720279,
        "overall_f1": 0.17575757575757578,
        "overall_accuracy": 0.9716248506571087
    },
    "Objective_QualIntention_noCCM": {
        "_": {
            "precision": 0.0,
            "recall": 0.0,
            "f1": 0.0,
            "number": 44
        },
        "overall_precision": 0.0,
        "overall_recall": 0.0,
        "overall_f1": 0.0,
        "overall_accuracy": 0.981063321385902
    },
    "Objective_QuantTarget": {
        "_": {
            "precision": 0.09230769230769231,
            "recall": 0.15789473684210525,
            "f1": 0.11650485436893204,
            "number": 38
        },
        "overall_precision": 0.09230769230769231,
        "overall_recall": 0.15789473684210525,
        "overall_f1": 0.11650485436893204,
        "overall_accuracy": 0.9872162485065711
    },
    "Objective_QuantTarget_noCCM": {
        "_": {
            "precision": 0.0,
            "recall": 0.0,
            "f1": 0.0,
            "number": 1
        },
        "overall_precision": 0.0,
        "overall_recall": 0.0,
        "overall_f1": 0.0,
        "overall_accuracy": 0.9997013142174432
    },
    "PublicInvt": {
        "_": {
            "precision": 0.0,
            "recall": 0.0,
            "f1": 0.0,
            "number": 27
        },
        "overall_precision": 0.0,
        "overall_recall": 0.0,
        "overall_f1": 0.0,
        "overall_accuracy": 0.99778972520908
    },
    "RD_D": {
        "_": {
            "precision": 0.0,
            "recall": 0.0,
            "f1": 0.0,
            "number": 2
        },
        "overall_precision": 0.0,
        "overall_recall": 0.0,
        "overall_f1": 0.0,