{
    "Addressee_default": {
        "_": {
            "precision": 0.4722792607802875,
            "recall": 0.7098765432098766,
            "f1": 0.5672009864364982,
            "number": 324
        },
        "overall_precision": 0.4722792607802875,
        "overall_recall": 0.7098765432098766,
        "overall_f1": 0.5672009864364982,
        "overall_accuracy": 0.9843161307281171
    },
    "Addressee_monitored": {
        "_": {
            "precision": 0.5531914893617021,
            "recall": 0.4727272727272727,
            "f1": 0.5098039215686275,
            "number": 110
        },
        "overall_precision": 0.5531914893617021,
        "overall_recall": 0.4727272727272727,
        "overall_f1": 0.5098039215686275,
        "overall_accuracy": 0.9950641081807295
    },
    "Addressee_resource": {
        "_": {
            "precision": 0.0,
            "recall": 0.0,
            "f1": 0.0,
            "number": 26
        },
        "overall_precision": 0.0,
        "overall_recall": 0.0,
        "overall_f1": 0.0,
        "overall_accuracy": 0.9987149157393616
    },
    "Addressee_sector": {
        "_": {
            "precision": 0.5833333333333334,
            "recall": 0.6414342629482072,
            "f1": 0.6110056925996205,
            "number": 251
        },
        "overall_precision": 0.5833333333333334,
        "overall_recall": 0.6414342629482072,
        "overall_f1": 0.6110056925996205,
        "overall_accuracy": 0.9908875843336546
    },
    "App_LowCarbon": {
        "_": {
            "precision": 0.25654450261780104,
            "recall": 0.3223684210526316,
            "f1": 0.2857142857142857,
            "number": 152
        },
        "overall_precision": 0.25654450261780104,
        "overall_recall": 0.3223684210526316,
        "overall_f1": 0.2857142857142857,
        "overall_accuracy": 0.9839656532024884
    },
    "App_Other": {
        "_": {
            "precision": 0.37623762376237624,
            "recall": 0.2923076923076923,
            "f1": 0.329004329004329,
            "number": 130
        },
        "overall_precision": 0.37623762376237624,
        "overall_recall": 0.2923076923076923,
        "overall_f1": 0.329004329004329,
        "overall_accuracy": 0.9923771138175764
    },
    "Authority_default": {
        "_": {
            "precision": 0.5769230769230769,
            "recall": 0.6451612903225806,
            "f1": 0.6091370558375634,
            "number": 186
        },
        "overall_precision": 0.5769230769230769,
        "overall_recall": 0.6451612903225806,
        "overall_f1": 0.6091370558375634,
        "overall_accuracy": 0.9929028301060194
    },
    "Authority_established": {
        "_": {
            "precision": 0.0,
            "recall": 0.0,
            "f1": 0.0,
            "number": 22
        },
        "overall_precision": 0.0,
        "overall_recall": 0.0,
        "overall_f1": 0.0,
        "overall_accuracy": 0.998948567423114
    },
    "Authority_legislative": {
        "_": {
            "precision": 0.875,
            "recall": 0.6363636363636364,
            "f1": 0.7368421052631579,
            "number": 44
        },
        "overall_precision": 0.875,
        "overall_recall": 0.6363636363636364,
        "overall_f1": 0.7368421052631579,
        "overall_accuracy": 0.9993282514092117
    },
    "Authority_monitoring": {
        "_": {
            "precision": 0.6370370370370371,
            "recall": 0.7413793103448276,
            "f1": 0.6852589641434264,
            "number": 116
        },
        "overall_precision": 0.6370370370370371,
        "overall_recall": 0.7413793103448276,
        "overall_f1": 0.6852589641434264,
        "overall_accuracy": 0.997400625018254
    },
    "Edu_Outreach": {
        "_": {
            "precision": 0.22727272727272727,
            "recall": 0.2542372881355932,
            "f1": 0.23999999999999996,
            "number": 59
        },
        "overall_precision": 0.22727272727272727,
        "overall_recall": 0.2542372881355932,
        "overall_f1": 0.23999999999999996,
        "overall_accuracy": 0.9937498174596221
    },
    "Energy_LowCarbon": {
        "_": {
            "precision": 0.7172413793103448,
            "recall": 0.7819548872180451,
            "f1": 0.7482014388489208,
            "number": 266
        },
        "overall_precision": 0.7172413793103448,
        "overall_recall": 0.7819548872180451,
        "overall_f1": 0.7482014388489208,
        "overall_accuracy": 0.9932533076316481
    },
    "Energy_Other": {
        "_": {
            "precision": 0.3559322033898305,
            "recall": 0.2916666666666667,
            "f1": 0.32061068702290074,
            "number": 72
        },
        "overall_precision": 0.3559322033898305,
        "overall_recall": 0.2916666666666667,
        "overall_f1": 0.32061068702290074,
        "overall_accuracy": 0.9964660182832442
    },
    "Form_monitoring": {
        "_": {
            "precision": 0.4896907216494845,
            "recall": 0.5539358600583091,
            "f1": 0.5198358413132694,
            "number": 343
        },
        "overall_precision": 0.4896907216494845,
        "overall_recall": 0.5539358600583091,
        "overall_f1": 0.5198358413132694,
        "overall_accuracy": 0.9830894593884167
    },
    "Form_sanctioning": {
        "_": {
            "precision": 0.0,
            "recall": 0.0,
            "f1": 0.0,
            "number": 7
        },
        "overall_precision": 0.0,
        "overall_recall": 0.0,
        "overall_f1": 0.0,
        "overall_accuracy": 0.9995326966324951
    },
    "FrameworkPolicy": {
        "_": {
            "precision": 0.6571428571428571,
            "recall": 0.6865671641791045,
            "f1": 0.6715328467153284,
            "number": 67
        },
        "overall_precision": 0.6571428571428571,
        "overall_recall": 0.6865671641791045,
        "overall_f1": 0.6715328467153284,
        "overall_accuracy": 0.9976926896229446
    },
    "Objective_QualIntention": {
        "_": {
            "precision": 0.1752136752136752,
            "recall": 0.2867132867132867,
            "f1": 0.21750663129973474,
            "number": 143
        },
        "overall_precision": 0.1752136752136752,
        "overall_recall": 0.2867132867132867,
        "overall_f1": 0.21750663129973474,
        "overall_accuracy": 0.9735097403545664
    },
    "Objective_QualIntention_noCCM": {
        "_": {
            "precision": 0.03636363636363636,
            "recall": 0.043478260869565216,
            "f1": 0.039603960396039604,
            "number": 46
        },
        "overall_precision": 0.03636363636363636,
        "overall_recall": 0.043478260869565216,
        "overall_f1": 0.039603960396039604,
        "overall_accuracy": 0.9860977248167294
    },
    "Objective_QuantTarget": {
        "_": {
            "precision": 0.11267605633802817,
            "recall": 0.21621621621621623,
            "f1": 0.14814814814814814,
            "number": 37
        },
        "overall_precision": 0.11267605633802817,
        "overall_recall": 0.21621621621621623,
        "overall_f1": 0.14814814814814814,
        "overall_accuracy": 0.9892228160869184
    },
    "Objective_QuantTarget_noCCM": {
        "_": {
            "precision": 0.0,
            "recall": 0.0,
            "f1": 0.0,
            "number": 1
        },
        "overall_precision": 0.0,
        "overall_recall": 0.0,
        "overall_f1": 0.0,
        "overall_accuracy": 0.9997079353953094
    },
    "PublicInvt": {
        "_": {
            "precision": 0.75,
            "recall": 0.09090909090909091,
            "f1": 0.16216216216216214,
            "number": 33
        },
        "overall_precision": 0.75,
        "overall_recall": 0.09090909090909091,
        "overall_f1": 0.16216216216216214,
        "overall_accuracy": 0.9975174508601302
    },
    "RD_D": {
        "_": {
            "precision": 0.0,
            "recall": 0.0,