{
    "Addressee_default": {
        "_": {
            "precision": 0.5415162454873647,
            "recall": 0.7142857142857143,
            "f1": 0.6160164271047228,
            "number": 420
        },
        "overall_precision": 0.5415162454873647,
        "overall_recall": 0.7142857142857143,
        "overall_f1": 0.6160164271047228,
        "overall_accuracy": 0.9848869634498556
    },
    "Addressee_monitored": {
        "_": {
            "precision": 0.62,
            "recall": 0.5535714285714286,
            "f1": 0.5849056603773586,
            "number": 112
        },
        "overall_precision": 0.62,
        "overall_recall": 0.5535714285714286,
        "overall_f1": 0.5849056603773586,
        "overall_accuracy": 0.9961906184642964
    },
    "Addressee_resource": {
        "_": {
            "precision": 0.0,
            "recall": 0.0,
            "f1": 0.0,
            "number": 39
        },
        "overall_precision": 0.0,
        "overall_recall": 0.0,
        "overall_f1": 0.0,
        "overall_accuracy": 0.9979832685987452
    },
    "Addressee_sector": {
        "_": {
            "precision": 0.5464190981432361,
            "recall": 0.6058823529411764,
            "f1": 0.5746164574616457,
            "number": 340
        },
        "overall_precision": 0.5464190981432361,
        "overall_recall": 0.6058823529411764,
        "overall_f1": 0.5746164574616457,
        "overall_accuracy": 0.9873518573847226
    },
    "App_LowCarbon": {
        "_": {
            "precision": 0.0744336569579288,
            "recall": 0.17164179104477612,
            "f1": 0.10383747178329572,
            "number": 134
        },
        "overall_precision": 0.0744336569579288,
        "overall_recall": 0.17164179104477612,
        "overall_f1": 0.10383747178329572,
        "overall_accuracy": 0.9789114630016931
    },
    "App_Other": {
        "_": {
            "precision": 0.40298507462686567,
            "recall": 0.30337078651685395,
            "f1": 0.3461538461538462,
            "number": 178
        },
        "overall_precision": 0.40298507462686567,
        "overall_recall": 0.30337078651685395,
        "overall_f1": 0.3461538461538462,
        "overall_accuracy": 0.9912857285130963
    },
    "Authority_default": {
        "_": {
            "precision": 0.5,
            "recall": 0.43783783783783786,
            "f1": 0.46685878962536026,
            "number": 185
        },
        "overall_precision": 0.5,
        "overall_recall": 0.43783783783783786,
        "overall_f1": 0.46685878962536026,
        "overall_accuracy": 0.9924310327656608
    },
    "Authority_established": {
        "_": {
            "precision": 0.0,
            "recall": 0.0,
            "f1": 0.0,
            "number": 23
        },
        "overall_precision": 0.0,
        "overall_recall": 0.0,
        "overall_f1": 0.0,
        "overall_accuracy": 0.9990040832586395
    },
    "Authority_legislative": {
        "_": {
            "precision": 0.7636363636363637,
            "recall": 0.6774193548387096,
            "f1": 0.7179487179487181,
            "number": 62
        },
        "overall_precision": 0.7636363636363637,
        "overall_recall": 0.6774193548387096,
        "overall_f1": 0.7179487179487181,
        "overall_accuracy": 0.9990538790957076
    },
    "Authority_monitoring": {
        "_": {
            "precision": 0.6263736263736264,
            "recall": 0.7549668874172185,
            "f1": 0.6846846846846847,
            "number": 151
        },
        "overall_precision": 0.6263736263736264,
        "overall_recall": 0.7549668874172185,
        "overall_f1": 0.6846846846846847,
        "overall_accuracy": 0.9968379643461807
    },
    "Edu_Outreach": {
        "_": {
            "precision": 0.05,
            "recall": 0.02,
            "f1": 0.02857142857142857,
            "number": 50
        },
        "overall_precision": 0.05,
        "overall_recall": 0.02,
        "overall_f1": 0.02857142857142857,
        "overall_accuracy": 0.9939249078777014
    },
    "Energy_LowCarbon": {
        "_": {
            "precision": 0.5783898305084746,
            "recall": 0.7072538860103627,
            "f1": 0.6363636363636364,
            "number": 386
        },
        "overall_precision": 0.5783898305084746,
        "overall_recall": 0.7072538860103627,
        "overall_f1": 0.6363636363636364,
        "overall_accuracy": 0.9878996115924709
    },
    "Energy_Other": {
        "_": {
            "precision": 0.3125,
            "recall": 0.3007518796992481,
            "f1": 0.3065134099616858,
            "number": 133
        },
        "overall_precision": 0.3125,
        "overall_recall": 0.3007518796992481,
        "overall_f1": 0.3065134099616858,
        "overall_accuracy": 0.9949208246190618
    },
    "Form_monitoring": {
        "_": {
            "precision": 0.4523809523809524,
            "recall": 0.5705705705705706,
            "f1": 0.50464807436919,
            "number": 333
        },
        "overall_precision": 0.4523809523809524,
        "overall_recall": 0.5705705705705706,
        "overall_f1": 0.50464807436919,
        "overall_accuracy": 0.9818743153072403
    },
    "Form_sanctioning": {
        "_": {
            "precision": 0.0,
            "recall": 0.0,
            "f1": 0.0,
            "number": 10
        },
        "overall_precision": 0.0,
        "overall_recall": 0.0,
        "overall_f1": 0.0,
        "overall_accuracy": 0.9988297978289015
    },
    "FrameworkPolicy": {
        "_": {
            "precision": 0.5737704918032787,
            "recall": 0.5737704918032787,
            "f1": 0.5737704918032787,
            "number": 61
        },
        "overall_precision": 0.5737704918032787,
        "overall_recall": 0.5737704918032787,
        "overall_f1": 0.5737704918032787,
        "overall_accuracy": 0.9980081665172792
    },
    "Objective_QualIntention": {
        "_": {
            "precision": 0.14732142857142858,
            "recall": 0.2619047619047619,
            "f1": 0.1885714285714286,
            "number": 126
        },
        "overall_precision": 0.14732142857142858,
        "overall_recall": 0.2619047619047619,
        "overall_f1": 0.1885714285714286,
        "overall_accuracy": 0.980953092321482
    },
    "Objective_QualIntention_noCCM": {
        "_": {
            "precision": 0.0,
            "recall": 0.0,
            "f1": 0.0,
            "number": 50
        },
        "overall_precision": 0.0,
        "overall_recall": 0.0,
        "overall_f1": 0.0,
        "overall_accuracy": 0.9846877801015835
    },
    "Objective_QuantTarget": {
        "_": {
            "precision": 0.08602150537634409,
            "recall": 0.17391304347826086,
            "f1": 0.11510791366906474,
            "number": 46
        },
        "overall_precision": 0.08602150537634409,
        "overall_recall": 0.17391304347826086,
        "overall_f1": 0.11510791366906474,
        "overall_accuracy": 0.990513893038542
    },
    "Objective_QuantTarget_noCCM": {
        "_": {
            "precision": 0.0,
            "recall": 0.0,
            "f1": 0.0,
            "number": 2
        },
        "overall_precision": 0.0,
        "overall_recall": 0.0,
        "overall_f1": 0.0,
        "overall_accuracy": 0.9995020416293198
    },
    "PublicInvt": {
        "_": {
            "precision": 0.0,
            "recall": 0.0,
            "f1": 0.0,
            "number": 21
        },
        "overall_precision": 0.0,
        "overall_recall": 0.0,
        "overall_f1": 0.0,
        "overall_accuracy": 0.9987551040732995
    },
    "RD_D": {
        "_": {
            "precision": 0.0,
            "recall": 0.0,
            "f1": 0.0,
            "number": 6
        },
        "overall_precision": 0.0,
        "overall_recall": 0.0,
        "overall_f1": 0.0,
        "overall_accuracy": 0.9993775520366497
    },