{
    "Addressee_default": {
        "metrics": {
            "precision": 0.6127320954907162,
            "recall": 0.47530864197530864,
            "f1": 0.5353418308227115,
            "number": 486
        },
        "counts": {
            "reals": {
                "O": 373,
                "B": 5,
                "I": 3
            },
            "preds": {
                "O": 375,
                "B": 3,
                "I": 3
            }
        }
    },
    "Addressee_monitored": {
        "metrics": {
            "precision": 0.4927536231884058,
            "recall": 0.3655913978494624,
            "f1": 0.41975308641975306,
            "number": 93
        },
        "counts": {
            "reals": {
                "O": 381
            },
            "preds": {
                "O": 381
            }
        }
    },
    "Addressee_resource": {
        "metrics": {
            "precision": 0.0,
            "recall": 0.0,
            "f1": 0.0,
            "number": 51
        },
        "counts": {
            "reals": {
                "O": 381
            },
            "preds": {
                "O": 381
            }
        }
    },
    "Addressee_sector": {
        "metrics": {
            "precision": 0.43870967741935485,
            "recall": 0.49097472924187724,
            "f1": 0.4633730834752981,
            "number": 277
        },
        "counts": {
            "reals": {
                "O": 359,
                "B": 6,
                "I": 16
            },
            "preds": {
                "O": 368,
                "B": 6,
                "I": 7
            }
        }
    },
    "App_LowCarbon": {
        "metrics": {
            "precision": 0.05502392344497608,
            "recall": 0.11057692307692307,
            "f1": 0.07348242811501597,
            "number": 208
        },
        "counts": {
            "reals": {
                "O": 349,
                "B": 4,
                "I": 28
            },
            "preds": {
                "O": 344,
                "B": 14,
                "I": 23
            }
        }
    },
    "App_Other": {
        "metrics": {
            "precision": 0.3423913043478261,
            "recall": 0.3088235294117647,
            "f1": 0.32474226804123707,
            "number": 204
        },
        "counts": {
            "reals": {
                "O": 323,
                "B": 3,
                "I": 55
            },
            "preds": {
                "O": 379,
                "B": 2
            }
        }
    },
    "Authority_default": {
        "metrics": {
            "precision": 0.4351464435146444,
            "recall": 0.4748858447488584,
            "f1": 0.4541484716157205,
            "number": 219
        },
        "counts": {
            "reals": {
                "O": 379,
                "B": 2
            },
            "preds": {
                "O": 379,
                "B": 2
            }
        }
    },
    "Authority_established": {
        "metrics": {
            "precision": 0.0,
            "recall": 0.0,
            "f1": 0.0,
            "number": 31
        },
        "counts": {
            "reals": {
                "O": 381
            },
            "preds": {
                "O": 381
            }
        }
    },
    "Authority_legislative": {
        "metrics": {
            "precision": 0.8780487804878049,
            "recall": 0.5294117647058824,
            "f1": 0.6605504587155964,
            "number": 68
        },
        "counts": {
            "reals": {
                "O": 381
            },
            "preds": {
                "O": 381
            }
        }
    },
    "Authority_monitoring": {
        "metrics": {
            "precision": 0.7474747474747475,
            "recall": 0.5441176470588235,
            "f1": 0.6297872340425532,
            "number": 136
        },
        "counts": {
            "reals": {
                "O": 381
            },
            "preds": {
                "O": 381
            }
        }
    },
    "Edu_Outreach": {
        "metrics": {
            "precision": 0.06818181818181818,
            "recall": 0.07894736842105263,
            "f1": 0.07317073170731707,
            "number": 76
        },
        "counts": {
            "reals": {
                "O": 381
            },
            "preds": {
                "O": 381
            }
        }
    },
    "Energy_LowCarbon": {
        "metrics": {
            "precision": 0.5925058548009368,
            "recall": 0.6487179487179487,
            "f1": 0.6193390452876378,
            "number": 390
        },
        "counts": {
            "reals": {
                "O": 352,
                "B": 14,
                "I": 15
            },
            "preds": {
                "O": 355,
                "B": 16,
                "I": 10
            }
        }
    },
    "Energy_Other": {
        "metrics": {
            "precision": 0.47474747474747475,
            "recall": 0.2974683544303797,
            "f1": 0.3657587548638132,
            "number": 158
        },
        "counts": {
            "reals": {
                "O": 358,
                "B": 10,
                "I": 13
            },
            "preds": {
                "O": 361,
                "B": 16,
                "I": 4
            }
        }
    },
    "Form_monitoring": {
        "metrics": {
            "precision": 0.4368029739776952,
            "recall": 0.5064655172413793,
            "f1": 0.469061876247505,
            "number": 464
        },
        "counts": {
            "reals": {
                "O": 381
            },
            "preds": {
                "O": 381
            }
        }
    },
    "Form_sanctioning": {
        "metrics": {
            "precision": 0.0,
            "recall": 0.0,
            "f1": 0.0,
            "number": 1
        },
        "counts": {
            "reals": {
                "O": 381
            },
            "preds": {
                "O": 381
            }
        }
    },
    "FrameworkPolicy": {
        "metrics": {
            "precision": 0.53125,
            "recall": 0.7391304347826086,
            "f1": 0.6181818181818182,
            "number": 69
        },
        "counts": {
            "reals": {
                "O": 381
            },
            "preds": {
                "O": 381
            }
        }
    },
    "Objective_QualIntention": {
        "metrics": {
            "precision": 0.16556291390728478,
            "recall": 0.25252525252525254,
            "f1": 0.2,
            "number": 99
        },
        "counts": {
            "reals": {
                "O": 381
            },
            "preds": {
                "O": 381
            }
        }
    },
    "Objective_QualIntention_noCCM": {
        "metrics": {
            "precision": 0.02857142857142857,
            "recall": 0.02631578947368421,
            "f1": 0.027397260273972605,
            "number": 38
        },
        "counts": {
            "reals": {
                "O": 381
            },
            "preds": {
                "O": 381
            }
        }
    },
    "Objective_QuantTarget": {
        "metrics": {
            "precision": 0.0847457627118644,
            "recall": 0.13157894736842105,
            "f1": 0.10309278350515463,
            "number": 38
        },
        "counts": {
            "reals": {
                "O": 381
            },
            "preds": {
                "O": 381
            }
        }
    },
    "Objective_QuantTarget_noCCM": {
        "metrics": {
            "precision": 0.0,
            "recall": 0.0,
            "f1": 0.0,
            "number": 2
        },
        "counts": {
            "reals": {
                "O": 381
            },
            "preds": {
                "O": 381
            }
        }
    },
    "PublicInvt": {
        "metrics": {
            "precision": 0.0,
            "recall": 0.0,
            "f1": 0.0,