{
    "Addressee_default": {
        "metrics": {
            "precision": 0.5408163265306123,
            "recall": 0.6708860759493671,
            "f1": 0.5988700564971752,
            "number": 316
        },
        "counts": {
            "reals": {
                "O": 58
            },
            "preds": {
                "O": 58
            }
        }
    },
    "Addressee_monitored": {
        "metrics": {
            "precision": 0.574468085106383,
            "recall": 0.4954128440366973,
            "f1": 0.5320197044334977,
            "number": 109
        },
        "counts": {
            "reals": {
                "O": 58
            },
            "preds": {
                "O": 58
            }
        }
    },
    "Addressee_resource": {
        "metrics": {
            "precision": 0.0,
            "recall": 0.0,
            "f1": 0.0,
            "number": 23
        },
        "counts": {
            "reals": {
                "O": 58
            },
            "preds": {
                "O": 58
            }
        }
    },
    "Addressee_sector": {
        "metrics": {
            "precision": 0.6156716417910447,
            "recall": 0.673469387755102,
            "f1": 0.6432748538011696,
            "number": 245
        },
        "counts": {
            "reals": {
                "O": 58
            },
            "preds": {
                "O": 58
            }
        }
    },
    "App_LowCarbon": {
        "metrics": {
            "precision": 0.09259259259259259,
            "recall": 0.10135135135135136,
            "f1": 0.09677419354838711,
            "number": 148
        },
        "counts": {
            "reals": {
                "O": 58
            },
            "preds": {
                "O": 58
            }
        }
    },
    "App_Other": {
        "metrics": {
            "precision": 0.4722222222222222,
            "recall": 0.29310344827586204,
            "f1": 0.36170212765957444,
            "number": 116
        },
        "counts": {
            "reals": {
                "O": 58
            },
            "preds": {
                "O": 58
            }
        }
    },
    "Authority_default": {
        "metrics": {
            "precision": 0.46511627906976744,
            "recall": 0.4624277456647399,
            "f1": 0.463768115942029,
            "number": 173
        },
        "counts": {
            "reals": {
                "O": 53,
                "B": 5
            },
            "preds": {
                "O": 53,
                "B": 5
            }
        }
    },
    "Authority_established": {
        "metrics": {
            "precision": 0.0,
            "recall": 0.0,
            "f1": 0.0,
            "number": 17
        },
        "counts": {
            "reals": {
                "O": 58
            },
            "preds": {
                "O": 58
            }
        }
    },
    "Authority_legislative": {
        "metrics": {
            "precision": 0.5,
            "recall": 0.24324324324324326,
            "f1": 0.3272727272727273,
            "number": 37
        },
        "counts": {
            "reals": {
                "O": 58
            },
            "preds": {
                "O": 58
            }
        }
    },
    "Authority_monitoring": {
        "metrics": {
            "precision": 0.5655172413793104,
            "recall": 0.6833333333333333,
            "f1": 0.6188679245283019,
            "number": 120
        },
        "counts": {
            "reals": {
                "O": 58
            },
            "preds": {
                "O": 58
            }
        }
    },
    "Edu_Outreach": {
        "metrics": {
            "precision": 0.43478260869565216,
            "recall": 0.18867924528301888,
            "f1": 0.26315789473684215,
            "number": 53
        },
        "counts": {
            "reals": {
                "O": 58
            },
            "preds": {
                "O": 58
            }
        }
    },
    "Energy_LowCarbon": {
        "metrics": {
            "precision": 0.6418918918918919,
            "recall": 0.7364341085271318,
            "f1": 0.6859205776173285,
            "number": 258
        },
        "counts": {
            "reals": {
                "O": 58
            },
            "preds": {
                "O": 58
            }
        }
    },
    "Energy_Other": {
        "metrics": {
            "precision": 0.32432432432432434,
            "recall": 0.1791044776119403,
            "f1": 0.23076923076923078,
            "number": 67
        },
        "counts": {
            "reals": {
                "O": 58
            },
            "preds": {
                "O": 58
            }
        }
    },
    "Form_monitoring": {
        "metrics": {
            "precision": 0.38104448742746616,
            "recall": 0.556497175141243,
            "f1": 0.452353616532721,
            "number": 354
        },
        "counts": {
            "reals": {
                "O": 58
            },
            "preds": {
                "O": 58
            }
        }
    },
    "Form_sanctioning": {
        "metrics": {
            "precision": 0.0,
            "recall": 0.0,
            "f1": 0.0,
            "number": 8
        },
        "counts": {
            "reals": {
                "O": 58
            },
            "preds": {
                "O": 58
            }
        }
    },
    "FrameworkPolicy": {
        "metrics": {
            "precision": 0.5254237288135594,
            "recall": 0.543859649122807,
            "f1": 0.5344827586206897,
            "number": 57
        },
        "counts": {
            "reals": {
                "O": 58
            },
            "preds": {
                "O": 58
            }
        }
    },
    "Objective_QualIntention": {
        "metrics": {
            "precision": 0.15508021390374332,
            "recall": 0.20279720279720279,
            "f1": 0.17575757575757578,
            "number": 143
        },
        "counts": {
            "reals": {
                "O": 58
            },
            "preds": {
                "O": 58
            }
        }
    },
    "Objective_QualIntention_noCCM": {
        "metrics": {
            "precision": 0.0,
            "recall": 0.0,
            "f1": 0.0,
            "number": 44
        },
        "counts": {
            "reals": {
                "O": 58
            },
            "preds": {
                "O": 58
            }
        }
    },
    "Objective_QuantTarget": {
        "metrics": {
            "precision": 0.09230769230769231,
            "recall": 0.15789473684210525,
            "f1": 0.11650485436893204,
            "number": 38
        },
        "counts": {
            "reals": {
                "O": 58
            },
            "preds": {
                "O": 58
            }
        }
    },
    "Objective_QuantTarget_noCCM": {
        "metrics": {
            "precision": 0.0,
            "recall": 0.0,
            "f1": 0.0,
            "number": 1
        },
        "counts": {
            "reals": {
                "O": 58
            },
            "preds": {
                "O": 58
            }
        }
    },
    "PublicInvt": {
        "metrics": {
            "precision": 0.0,
            "recall": 0.0,
            "f1": 0.0,
            "number": 27
        },
        "counts": {
            "reals": {
                "O": 58
            },
            "preds": {
                "O": 58
            }
        }
    },
    "RD_D": {
        "metrics": {
            "precision": 0.0,
            "recall": 0.0,
            "f1": 0.0,
            "number": 2
        },
        "counts": {
            "reals": {
                "O": 58
            },
            "preds": {
                "O": 58
            }
        }
    },
    "Ref_OtherPolicy": {
        "metrics": {
            "precision": 0.6347305389221557,
            "recall": 0.7794117647058824,