{
    "Addressee_default": {
        "metrics": {
            "precision": 0.5571687840290381,
            "recall": 0.6476793248945147,
            "f1": 0.5990243902439023,
            "number": 474
        },
        "counts": {
            "reals": {
                "O": 463,
                "B": 1,
                "I": 1
            },
            "preds": {
                "O": 465
            }
        }
    },
    "Addressee_monitored": {
        "metrics": {
            "precision": 0.5972222222222222,
            "recall": 0.3359375,
            "f1": 0.43,
            "number": 128
        },
        "counts": {
            "reals": {
                "O": 464,
                "B": 1
            },
            "preds": {
                "O": 465
            }
        }
    },
    "Addressee_resource": {
        "metrics": {
            "precision": 0.0,
            "recall": 0.0,
            "f1": 0.0,
            "number": 28
        },
        "counts": {
            "reals": {
                "O": 465
            },
            "preds": {
                "O": 465
            }
        }
    },
    "Addressee_sector": {
        "metrics": {
            "precision": 0.5683453237410072,
            "recall": 0.7269938650306749,
            "f1": 0.6379542395693136,
            "number": 326
        },
        "counts": {
            "reals": {
                "O": 461,
                "B": 4
            },
            "preds": {
                "O": 461,
                "B": 4
            }
        }
    },
    "App_LowCarbon": {
        "metrics": {
            "precision": 0.20175438596491227,
            "recall": 0.12921348314606743,
            "f1": 0.15753424657534246,
            "number": 178
        },
        "counts": {
            "reals": {
                "O": 455,
                "B": 3,
                "I": 7
            },
            "preds": {
                "O": 465
            }
        }
    },
    "App_Other": {
        "metrics": {
            "precision": 0.3939393939393939,
            "recall": 0.29545454545454547,
            "f1": 0.3376623376623376,
            "number": 132
        },
        "counts": {
            "reals": {
                "O": 427,
                "B": 8,
                "I": 30
            },
            "preds": {
                "O": 441,
                "B": 11,
                "I": 13
            }
        }
    },
    "Authority_default": {
        "metrics": {
            "precision": 0.42105263157894735,
            "recall": 0.3575418994413408,
            "f1": 0.38670694864048333,
            "number": 179
        },
        "counts": {
            "reals": {
                "O": 462,
                "B": 3
            },
            "preds": {
                "O": 465
            }
        }
    },
    "Authority_established": {
        "metrics": {
            "precision": 0.0,
            "recall": 0.0,
            "f1": 0.0,
            "number": 1
        },
        "counts": {
            "reals": {
                "O": 465
            },
            "preds": {
                "O": 465
            }
        }
    },
    "Authority_legislative": {
        "metrics": {
            "precision": 0.7407407407407407,
            "recall": 0.37735849056603776,
            "f1": 0.5,
            "number": 53
        },
        "counts": {
            "reals": {
                "O": 465
            },
            "preds": {
                "O": 465
            }
        }
    },
    "Authority_monitoring": {
        "metrics": {
            "precision": 0.6265822784810127,
            "recall": 0.6513157894736842,
            "f1": 0.6387096774193548,
            "number": 152
        },
        "counts": {
            "reals": {
                "O": 460,
                "B": 5
            },
            "preds": {
                "O": 458,
                "B": 7
            }
        }
    },
    "Edu_Outreach": {
        "metrics": {
            "precision": 0.10526315789473684,
            "recall": 0.05,
            "f1": 0.06779661016949153,
            "number": 40
        },
        "counts": {
            "reals": {
                "O": 464,
                "B": 1
            },
            "preds": {
                "O": 465
            }
        }
    },
    "Energy_LowCarbon": {
        "metrics": {
            "precision": 0.6566666666666666,
            "recall": 0.7242647058823529,
            "f1": 0.6888111888111887,
            "number": 272
        },
        "counts": {
            "reals": {
                "O": 461,
                "B": 2,
                "I": 2
            },
            "preds": {
                "O": 465
            }
        }
    },
    "Energy_Other": {
        "metrics": {
            "precision": 0.6190476190476191,
            "recall": 0.13541666666666666,
            "f1": 0.2222222222222222,
            "number": 96
        },
        "counts": {
            "reals": {
                "O": 449,
                "B": 16
            },
            "preds": {
                "O": 461,
                "B": 4
            }
        }
    },
    "Form_monitoring": {
        "metrics": {
            "precision": 0.48394004282655245,
            "recall": 0.6174863387978142,
            "f1": 0.5426170468187275,
            "number": 366
        },
        "counts": {
            "reals": {
                "O": 436,
                "B": 8,
                "I": 21
            },
            "preds": {
                "O": 442,
                "B": 13,
                "I": 10
            }
        }
    },
    "Form_sanctioning": {
        "metrics": {
            "precision": 0.0,
            "recall": 0.0,
            "f1": 0.0,
            "number": 16
        },
        "counts": {
            "reals": {
                "O": 465
            },
            "preds": {
                "O": 465
            }
        }
    },
    "FrameworkPolicy": {
        "metrics": {
            "precision": 0.6363636363636364,
            "recall": 0.4605263157894737,
            "f1": 0.5343511450381679,
            "number": 76
        },
        "counts": {
            "reals": {
                "O": 465
            },
            "preds": {
                "O": 465
            }
        }
    },
    "Objective_QualIntention": {
        "metrics": {
            "precision": 0.19852941176470587,
            "recall": 0.375,
            "f1": 0.25961538461538464,
            "number": 72
        },
        "counts": {
            "reals": {
                "O": 452,
                "B": 2,
                "I": 11
            },
            "preds": {
                "O": 464,
                "B": 1
            }
        }
    },
    "Objective_QualIntention_noCCM": {
        "metrics": {
            "precision": 0.0,
            "recall": 0.0,
            "f1": 0.0,
            "number": 53
        },
        "counts": {
            "reals": {
                "O": 465
            },
            "preds": {
                "O": 465
            }
        }
    },
    "Objective_QuantTarget": {
        "metrics": {
            "precision": 0.09090909090909091,
            "recall": 0.10869565217391304,
            "f1": 0.099009900990099,
            "number": 46
        },
        "counts": {
            "reals": {
                "O": 465
            },
            "preds": {
                "O": 465
            }
        }
    },
    "Objective_QuantTarget_noCCM": {
        "metrics": {
            "overall_precision": 0.0,
            "overall_recall": 0.0,
            "overall_f1": 0.0,
            "overall_accuracy": 1.0
        },
        "counts": {
            "reals": {
                "O": 465
            },
            "preds": {
                "O": 465
            }
        }
    },
    "PublicInvt": {
        "metrics": {
            "precision": 0.0,
            "recall": 0.0,
            "f1": 0.0,
            "number": 24
        },