{
    "Addressee_default": {
        "metrics": {
            "precision": 0.4722792607802875,
            "recall": 0.7098765432098766,
            "f1": 0.5672009864364982,
            "number": 324
        },
        "counts": {
            "reals": {
                "O": 58
            },
            "preds": {
                "O": 58
            }
        }
    },
    "Addressee_monitored": {
        "metrics": {
            "precision": 0.5531914893617021,
            "recall": 0.4727272727272727,
            "f1": 0.5098039215686275,
            "number": 110
        },
        "counts": {
            "reals": {
                "O": 58
            },
            "preds": {
                "O": 58
            }
        }
    },
    "Addressee_resource": {
        "metrics": {
            "precision": 0.0,
            "recall": 0.0,
            "f1": 0.0,
            "number": 26
        },
        "counts": {
            "reals": {
                "O": 58
            },
            "preds": {
                "O": 58
            }
        }
    },
    "Addressee_sector": {
        "metrics": {
            "precision": 0.5833333333333334,
            "recall": 0.6414342629482072,
            "f1": 0.6110056925996205,
            "number": 251
        },
        "counts": {
            "reals": {
                "O": 58
            },
            "preds": {
                "O": 58
            }
        }
    },
    "App_LowCarbon": {
        "metrics": {
            "precision": 0.25654450261780104,
            "recall": 0.3223684210526316,
            "f1": 0.2857142857142857,
            "number": 152
        },
        "counts": {
            "reals": {
                "O": 58
            },
            "preds": {
                "O": 58
            }
        }
    },
    "App_Other": {
        "metrics": {
            "precision": 0.37623762376237624,
            "recall": 0.2923076923076923,
            "f1": 0.329004329004329,
            "number": 130
        },
        "counts": {
            "reals": {
                "O": 58
            },
            "preds": {
                "O": 58
            }
        }
    },
    "Authority_default": {
        "metrics": {
            "precision": 0.5769230769230769,
            "recall": 0.6451612903225806,
            "f1": 0.6091370558375634,
            "number": 186
        },
        "counts": {
            "reals": {
                "O": 53,
                "B": 5
            },
            "preds": {
                "O": 53,
                "B": 5
            }
        }
    },
    "Authority_established": {
        "metrics": {
            "precision": 0.0,
            "recall": 0.0,
            "f1": 0.0,
            "number": 22
        },
        "counts": {
            "reals": {
                "O": 58
            },
            "preds": {
                "O": 58
            }
        }
    },
    "Authority_legislative": {
        "metrics": {
            "precision": 0.875,
            "recall": 0.6363636363636364,
            "f1": 0.7368421052631579,
            "number": 44
        },
        "counts": {
            "reals": {
                "O": 58
            },
            "preds": {
                "O": 58
            }
        }
    },
    "Authority_monitoring": {
        "metrics": {
            "precision": 0.6370370370370371,
            "recall": 0.7413793103448276,
            "f1": 0.6852589641434264,
            "number": 116
        },
        "counts": {
            "reals": {
                "O": 58
            },
            "preds": {
                "O": 58
            }
        }
    },
    "Edu_Outreach": {
        "metrics": {
            "precision": 0.22727272727272727,
            "recall": 0.2542372881355932,
            "f1": 0.23999999999999996,
            "number": 59
        },
        "counts": {
            "reals": {
                "O": 58
            },
            "preds": {
                "O": 58
            }
        }
    },
    "Energy_LowCarbon": {
        "metrics": {
            "precision": 0.7172413793103448,
            "recall": 0.7819548872180451,
            "f1": 0.7482014388489208,
            "number": 266
        },
        "counts": {
            "reals": {
                "O": 58
            },
            "preds": {
                "O": 58
            }
        }
    },
    "Energy_Other": {
        "metrics": {
            "precision": 0.3559322033898305,
            "recall": 0.2916666666666667,
            "f1": 0.32061068702290074,
            "number": 72
        },
        "counts": {
            "reals": {
                "O": 58
            },
            "preds": {
                "O": 58
            }
        }
    },
    "Form_monitoring": {
        "metrics": {
            "precision": 0.4896907216494845,
            "recall": 0.5539358600583091,
            "f1": 0.5198358413132694,
            "number": 343
        },
        "counts": {
            "reals": {
                "O": 58
            },
            "preds": {
                "O": 58
            }
        }
    },
    "Form_sanctioning": {
        "metrics": {
            "precision": 0.0,
            "recall": 0.0,
            "f1": 0.0,
            "number": 7
        },
        "counts": {
            "reals": {
                "O": 58
            },
            "preds": {
                "O": 58
            }
        }
    },
    "FrameworkPolicy": {
        "metrics": {
            "precision": 0.6571428571428571,
            "recall": 0.6865671641791045,
            "f1": 0.6715328467153284,
            "number": 67
        },
        "counts": {
            "reals": {
                "O": 58
            },
            "preds": {
                "O": 58
            }
        }
    },
    "Objective_QualIntention": {
        "metrics": {
            "precision": 0.1752136752136752,
            "recall": 0.2867132867132867,
            "f1": 0.21750663129973474,
            "number": 143
        },
        "counts": {
            "reals": {
                "O": 58
            },
            "preds": {
                "O": 58
            }
        }
    },
    "Objective_QualIntention_noCCM": {
        "metrics": {
            "precision": 0.03636363636363636,
            "recall": 0.043478260869565216,
            "f1": 0.039603960396039604,
            "number": 46
        },
        "counts": {
            "reals": {
                "O": 58
            },
            "preds": {
                "O": 58
            }
        }
    },
    "Objective_QuantTarget": {
        "metrics": {
            "precision": 0.11267605633802817,
            "recall": 0.21621621621621623,
            "f1": 0.14814814814814814,
            "number": 37
        },
        "counts": {
            "reals": {
                "O": 58
            },
            "preds": {
                "O": 58
            }
        }
    },
    "Objective_QuantTarget_noCCM": {
        "metrics": {
            "precision": 0.0,
            "recall": 0.0,
            "f1": 0.0,
            "number": 1
        },
        "counts": {
            "reals": {
                "O": 58
            },
            "preds": {
                "O": 58
            }
        }
    },
    "PublicInvt": {
        "metrics": {
            "precision": 0.75,
            "recall": 0.09090909090909091,
            "f1": 0.16216216216216214,
            "number": 33
        },
        "counts": {
            "reals": {
                "O": 58
            },
            "preds": {
                "O": 58
            }
        }
    },
    "RD_D": {
        "metrics": {
            "precision": 0.0,
            "recall": 0.0,
            "f1": 0.0,
            "number": 3
        },
        "counts": {
            "reals": {
                "O": 58
            },
            "preds": {
                "O": 58
            }
        }
    },