{
    "Addressee_default": {
        "metrics": {
            "precision": 0.6157303370786517,
            "recall": 0.5684647302904564,
            "f1": 0.5911542610571737,
            "number": 482
        },
        "counts": {
            "reals": {
                "O": 387,
                "B": 1,
                "I": 1
            },
            "preds": {
                "O": 389
            }
        }
    },
    "Addressee_monitored": {
        "metrics": {
            "precision": 0.4827586206896552,
            "recall": 0.546875,
            "f1": 0.5128205128205128,
            "number": 128
        },
        "counts": {
            "reals": {
                "O": 388,
                "B": 1
            },
            "preds": {
                "O": 387,
                "B": 2
            }
        }
    },
    "Addressee_resource": {
        "metrics": {
            "precision": 0.0,
            "recall": 0.0,
            "f1": 0.0,
            "number": 24
        },
        "counts": {
            "reals": {
                "O": 389
            },
            "preds": {
                "O": 389
            }
        }
    },
    "Addressee_sector": {
        "metrics": {
            "precision": 0.5656324582338902,
            "recall": 0.7429467084639498,
            "f1": 0.6422764227642277,
            "number": 319
        },
        "counts": {
            "reals": {
                "O": 386,
                "B": 3
            },
            "preds": {
                "O": 386,
                "B": 3
            }
        }
    },
    "App_LowCarbon": {
        "metrics": {
            "precision": 0.184,
            "recall": 0.12432432432432433,
            "f1": 0.14838709677419357,
            "number": 185
        },
        "counts": {
            "reals": {
                "O": 379,
                "B": 3,
                "I": 7
            },
            "preds": {
                "O": 389
            }
        }
    },
    "App_Other": {
        "metrics": {
            "precision": 0.29591836734693877,
            "recall": 0.20714285714285716,
            "f1": 0.24369747899159663,
            "number": 140
        },
        "counts": {
            "reals": {
                "O": 351,
                "B": 8,
                "I": 30
            },
            "preds": {
                "O": 363,
                "B": 12,
                "I": 14
            }
        }
    },
    "Authority_default": {
        "metrics": {
            "precision": 0.4806201550387597,
            "recall": 0.31958762886597936,
            "f1": 0.3839009287925697,
            "number": 194
        },
        "counts": {
            "reals": {
                "O": 387,
                "B": 2
            },
            "preds": {
                "O": 389
            }
        }
    },
    "Authority_established": {
        "metrics": {
            "precision": 0.0,
            "recall": 0.0,
            "f1": 0.0,
            "number": 2
        },
        "counts": {
            "reals": {
                "O": 389
            },
            "preds": {
                "O": 389
            }
        }
    },
    "Authority_legislative": {
        "metrics": {
            "precision": 0.8222222222222222,
            "recall": 0.6727272727272727,
            "f1": 0.7400000000000001,
            "number": 55
        },
        "counts": {
            "reals": {
                "O": 389
            },
            "preds": {
                "O": 389
            }
        }
    },
    "Authority_monitoring": {
        "metrics": {
            "precision": 0.6382978723404256,
            "recall": 0.7894736842105263,
            "f1": 0.7058823529411764,
            "number": 152
        },
        "counts": {
            "reals": {
                "O": 384,
                "B": 5
            },
            "preds": {
                "O": 382,
                "B": 7
            }
        }
    },
    "Edu_Outreach": {
        "metrics": {
            "precision": 0.06060606060606061,
            "recall": 0.05128205128205128,
            "f1": 0.05555555555555555,
            "number": 39
        },
        "counts": {
            "reals": {
                "O": 388,
                "B": 1
            },
            "preds": {
                "O": 389
            }
        }
    },
    "Energy_LowCarbon": {
        "metrics": {
            "precision": 0.684931506849315,
            "recall": 0.7272727272727273,
            "f1": 0.7054673721340389,
            "number": 275
        },
        "counts": {
            "reals": {
                "O": 385,
                "B": 2,
                "I": 2
            },
            "preds": {
                "O": 389
            }
        }
    },
    "Energy_Other": {
        "metrics": {
            "precision": 0.5714285714285714,
            "recall": 0.11538461538461539,
            "f1": 0.192,
            "number": 104
        },
        "counts": {
            "reals": {
                "O": 373,
                "B": 16
            },
            "preds": {
                "O": 385,
                "B": 4
            }
        }
    },
    "Form_monitoring": {
        "metrics": {
            "precision": 0.40197693574958815,
            "recall": 0.6472148541114059,
            "f1": 0.49593495934959353,
            "number": 377
        },
        "counts": {
            "reals": {
                "O": 361,
                "B": 7,
                "I": 21
            },
            "preds": {
                "O": 377,
                "B": 9,
                "I": 3
            }
        }
    },
    "Form_sanctioning": {
        "metrics": {
            "precision": 0.0,
            "recall": 0.0,
            "f1": 0.0,
            "number": 15
        },
        "counts": {
            "reals": {
                "O": 389
            },
            "preds": {
                "O": 389
            }
        }
    },
    "FrameworkPolicy": {
        "metrics": {
            "precision": 0.6,
            "recall": 0.5121951219512195,
            "f1": 0.5526315789473684,
            "number": 82
        },
        "counts": {
            "reals": {
                "O": 389
            },
            "preds": {
                "O": 389
            }
        }
    },
    "Objective_QualIntention": {
        "metrics": {
            "precision": 0.13380281690140844,
            "recall": 0.24675324675324675,
            "f1": 0.1735159817351598,
            "number": 77
        },
        "counts": {
            "reals": {
                "O": 382,
                "B": 1,
                "I": 6
            },
            "preds": {
                "O": 387,
                "B": 1,
                "I": 1
            }
        }
    },
    "Objective_QualIntention_noCCM": {
        "metrics": {
            "precision": 0.07766990291262135,
            "recall": 0.14035087719298245,
            "f1": 0.09999999999999999,
            "number": 57
        },
        "counts": {
            "reals": {
                "O": 389
            },
            "preds": {
                "O": 389
            }
        }
    },
    "Objective_QuantTarget": {
        "metrics": {
            "precision": 0.0,
            "recall": 0.0,
            "f1": 0.0,
            "number": 45
        },
        "counts": {
            "reals": {
                "O": 389
            },
            "preds": {
                "O": 389
            }
        }
    },
    "Objective_QuantTarget_noCCM": {
        "metrics": {
            "overall_precision": 0.0,
            "overall_recall": 0.0,
            "overall_f1": 0.0,
            "overall_accuracy": 1.0
        },
        "counts": {
            "reals": {
                "O": 389
            },
            "preds": {
                "O": 389
            }
        }
    },
    "PublicInvt": {
        "metrics": {
            "precision": 0.0,
            "recall": 0.0,