{
    "Addressee_default": {
        "metrics": {
            "precision": 0.5766666666666667,
            "recall": 0.5562700964630225,
            "f1": 0.5662847790507365,
            "number": 622
        },
        "counts": {
            "reals": {
                "O": 404,
                "B": 11,
                "I": 25
            },
            "preds": {
                "O": 431,
                "B": 6,
                "I": 3
            }
        }
    },
    "Addressee_monitored": {
        "metrics": {
            "precision": 0.41964285714285715,
            "recall": 0.6861313868613139,
            "f1": 0.5207756232686981,
            "number": 137
        },
        "counts": {
            "reals": {
                "O": 425,
                "B": 5,
                "I": 10
            },
            "preds": {
                "O": 438,
                "B": 2
            }
        }
    },
    "Addressee_resource": {
        "metrics": {
            "precision": 0.0,
            "recall": 0.0,
            "f1": 0.0,
            "number": 27
        },
        "counts": {
            "reals": {
                "O": 440
            },
            "preds": {
                "O": 440
            }
        }
    },
    "Addressee_sector": {
        "metrics": {
            "precision": 0.5137362637362637,
            "recall": 0.6051779935275081,
            "f1": 0.5557206537890044,
            "number": 309
        },
        "counts": {
            "reals": {
                "O": 424,
                "B": 3,
                "I": 13
            },
            "preds": {
                "O": 420,
                "B": 8,
                "I": 12
            }
        }
    },
    "App_LowCarbon": {
        "metrics": {
            "precision": 0.09782608695652174,
            "recall": 0.060810810810810814,
            "f1": 0.07500000000000001,
            "number": 148
        },
        "counts": {
            "reals": {
                "O": 440
            },
            "preds": {
                "O": 440
            }
        }
    },
    "App_Other": {
        "metrics": {
            "precision": 0.3221476510067114,
            "recall": 0.28402366863905326,
            "f1": 0.3018867924528302,
            "number": 169
        },
        "counts": {
            "reals": {
                "O": 436,
                "B": 2,
                "I": 2
            },
            "preds": {
                "O": 438,
                "B": 2
            }
        }
    },
    "Authority_default": {
        "metrics": {
            "precision": 0.6713615023474179,
            "recall": 0.5035211267605634,
            "f1": 0.5754527162977867,
            "number": 284
        },
        "counts": {
            "reals": {
                "O": 415,
                "B": 13,
                "I": 12
            },
            "preds": {
                "O": 419,
                "B": 11,
                "I": 10
            }
        }
    },
    "Authority_established": {
        "metrics": {
            "precision": 0.0,
            "recall": 0.0,
            "f1": 0.0,
            "number": 10
        },
        "counts": {
            "reals": {
                "O": 440
            },
            "preds": {
                "O": 440
            }
        }
    },
    "Authority_legislative": {
        "metrics": {
            "precision": 0.6206896551724138,
            "recall": 0.6206896551724138,
            "f1": 0.6206896551724138,
            "number": 58
        },
        "counts": {
            "reals": {
                "O": 438,
                "B": 1,
                "I": 1
            },
            "preds": {
                "O": 440
            }
        }
    },
    "Authority_monitoring": {
        "metrics": {
            "precision": 0.568075117370892,
            "recall": 0.75625,
            "f1": 0.6487935656836461,
            "number": 160
        },
        "counts": {
            "reals": {
                "O": 429,
                "B": 7,
                "I": 4
            },
            "preds": {
                "O": 427,
                "B": 9,
                "I": 4
            }
        }
    },
    "Edu_Outreach": {
        "metrics": {
            "precision": 0.4146341463414634,
            "recall": 0.14285714285714285,
            "f1": 0.2125,
            "number": 119
        },
        "counts": {
            "reals": {
                "O": 440
            },
            "preds": {
                "O": 440
            }
        }
    },
    "Energy_LowCarbon": {
        "metrics": {
            "precision": 0.716,
            "recall": 0.6462093862815884,
            "f1": 0.6793168880455407,
            "number": 277
        },
        "counts": {
            "reals": {
                "O": 440
            },
            "preds": {
                "O": 440
            }
        }
    },
    "Energy_Other": {
        "metrics": {
            "precision": 0.3404255319148936,
            "recall": 0.3076923076923077,
            "f1": 0.3232323232323232,
            "number": 104
        },
        "counts": {
            "reals": {
                "O": 440
            },
            "preds": {
                "O": 440
            }
        }
    },
    "Form_monitoring": {
        "metrics": {
            "precision": 0.4361413043478261,
            "recall": 0.6591375770020534,
            "f1": 0.5249386753883892,
            "number": 487
        },
        "counts": {
            "reals": {
                "O": 436,
                "B": 4
            },
            "preds": {
                "O": 436,
                "B": 4
            }
        }
    },
    "Form_sanctioning": {
        "metrics": {
            "precision": 0.0,
            "recall": 0.0,
            "f1": 0.0,
            "number": 15
        },
        "counts": {
            "reals": {
                "O": 440
            },
            "preds": {
                "O": 440
            }
        }
    },
    "FrameworkPolicy": {
        "metrics": {
            "precision": 0.53125,
            "recall": 0.53125,
            "f1": 0.53125,
            "number": 64
        },
        "counts": {
            "reals": {
                "O": 440
            },
            "preds": {
                "O": 440
            }
        }
    },
    "Objective_QualIntention": {
        "metrics": {
            "precision": 0.08270676691729323,
            "recall": 0.09482758620689655,
            "f1": 0.08835341365461846,
            "number": 116
        },
        "counts": {
            "reals": {
                "O": 440
            },
            "preds": {
                "O": 440
            }
        }
    },
    "Objective_QualIntention_noCCM": {
        "metrics": {
            "precision": 0.05223880597014925,
            "recall": 0.09333333333333334,
            "f1": 0.06698564593301436,
            "number": 75
        },
        "counts": {
            "reals": {
                "O": 440
            },
            "preds": {
                "O": 434,
                "B": 3,
                "I": 3
            }
        }
    },
    "Objective_QuantTarget": {
        "metrics": {
            "precision": 0.0,
            "recall": 0.0,
            "f1": 0.0,
            "number": 13
        },
        "counts": {
            "reals": {
                "O": 440
            },
            "preds": {
                "O": 440
            }
        }
    },
    "Objective_QuantTarget_noCCM": {
        "metrics": {
            "overall_precision": 0.0,
            "overall_recall": 0.0,
            "overall_f1": 0.0,
            "overall_accuracy": 1.0
        },
        "counts": {
            "reals": {
                "O": 440
            },
            "preds": {
                "O": 440
            }
        }
    },
    "PublicInvt": {
        "metrics": {
            "precision": 0.0,
            "recall": 0.0,