{
    "Addressee_default": {
        "metrics": {
            "precision": 0.42857142857142855,
            "recall": 0.3990498812351544,
            "f1": 0.41328413284132837,
            "number": 421
        },
        "counts": {
            "reals": {
                "O": 29
            },
            "preds": {
                "O": 29
            }
        }
    },
    "Addressee_monitored": {
        "metrics": {
            "precision": 0.13953488372093023,
            "recall": 0.10619469026548672,
            "f1": 0.12060301507537688,
            "number": 113
        },
        "counts": {
            "reals": {
                "O": 29
            },
            "preds": {
                "O": 29
            }
        }
    },
    "Addressee_resource": {
        "metrics": {
            "precision": 0.0,
            "recall": 0.0,
            "f1": 0.0,
            "number": 40
        },
        "counts": {
            "reals": {
                "O": 29
            },
            "preds": {
                "O": 29
            }
        }
    },
    "Addressee_sector": {
        "metrics": {
            "precision": 0.5470085470085471,
            "recall": 0.37209302325581395,
            "f1": 0.4429065743944637,
            "number": 344
        },
        "counts": {
            "reals": {
                "O": 29
            },
            "preds": {
                "O": 29
            }
        }
    },
    "App_LowCarbon": {
        "metrics": {
            "precision": 0.1111111111111111,
            "recall": 0.007692307692307693,
            "f1": 0.014388489208633094,
            "number": 130
        },
        "counts": {
            "reals": {
                "O": 29
            },
            "preds": {
                "O": 29
            }
        }
    },
    "App_Other": {
        "metrics": {
            "precision": 0.14583333333333334,
            "recall": 0.03977272727272727,
            "f1": 0.0625,
            "number": 176
        },
        "counts": {
            "reals": {
                "O": 29
            },
            "preds": {
                "O": 29
            }
        }
    },
    "Authority_default": {
        "metrics": {
            "precision": 0.3736842105263158,
            "recall": 0.39226519337016574,
            "f1": 0.3827493261455525,
            "number": 181
        },
        "counts": {
            "reals": {
                "O": 29
            },
            "preds": {
                "O": 29
            }
        }
    },
    "Authority_established": {
        "metrics": {
            "precision": 0.0,
            "recall": 0.0,
            "f1": 0.0,
            "number": 22
        },
        "counts": {
            "reals": {
                "O": 29
            },
            "preds": {
                "O": 29
            }
        }
    },
    "Authority_legislative": {
        "metrics": {
            "precision": 0.5344827586206896,
            "recall": 0.5081967213114754,
            "f1": 0.5210084033613445,
            "number": 61
        },
        "counts": {
            "reals": {
                "O": 29
            },
            "preds": {
                "O": 29
            }
        }
    },
    "Authority_monitoring": {
        "metrics": {
            "precision": 0.6875,
            "recall": 0.3618421052631579,
            "f1": 0.47413793103448276,
            "number": 152
        },
        "counts": {
            "reals": {
                "O": 29
            },
            "preds": {
                "O": 29
            }
        }
    },
    "Edu_Outreach": {
        "metrics": {
            "precision": 0.0,
            "recall": 0.0,
            "f1": 0.0,
            "number": 50
        },
        "counts": {
            "reals": {
                "O": 29
            },
            "preds": {
                "O": 29
            }
        }
    },
    "Energy_LowCarbon": {
        "metrics": {
            "precision": 0.44469525959367945,
            "recall": 0.5143603133159269,
            "f1": 0.47699757869249393,
            "number": 383
        },
        "counts": {
            "reals": {
                "O": 29
            },
            "preds": {
                "O": 29
            }
        }
    },
    "Energy_Other": {
        "metrics": {
            "precision": 0.0,
            "recall": 0.0,
            "f1": 0.0,
            "number": 128
        },
        "counts": {
            "reals": {
                "O": 29
            },
            "preds": {
                "O": 29
            }
        }
    },
    "Form_monitoring": {
        "metrics": {
            "precision": 0.48186528497409326,
            "recall": 0.27844311377245506,
            "f1": 0.3529411764705882,
            "number": 334
        },
        "counts": {
            "reals": {
                "O": 29
            },
            "preds": {
                "O": 29
            }
        }
    },
    "Form_sanctioning": {
        "metrics": {
            "precision": 0.0,
            "recall": 0.0,
            "f1": 0.0,
            "number": 10
        },
        "counts": {
            "reals": {
                "O": 29
            },
            "preds": {
                "O": 29
            }
        }
    },
    "FrameworkPolicy": {
        "metrics": {
            "precision": 0.532258064516129,
            "recall": 0.5238095238095238,
            "f1": 0.5280000000000001,
            "number": 63
        },
        "counts": {
            "reals": {
                "O": 29
            },
            "preds": {
                "O": 29
            }
        }
    },
    "Objective_QualIntention": {
        "metrics": {
            "precision": 0.0,
            "recall": 0.0,
            "f1": 0.0,
            "number": 131
        },
        "counts": {
            "reals": {
                "O": 29
            },
            "preds": {
                "O": 29
            }
        }
    },
    "Objective_QualIntention_noCCM": {
        "metrics": {
            "precision": 0.0,
            "recall": 0.0,
            "f1": 0.0,
            "number": 51
        },
        "counts": {
            "reals": {
                "O": 29
            },
            "preds": {
                "O": 29
            }
        }
    },
    "Objective_QuantTarget": {
        "metrics": {
            "precision": 0.09473684210526316,
            "recall": 0.2,
            "f1": 0.12857142857142856,
            "number": 45
        },
        "counts": {
            "reals": {
                "O": 29
            },
            "preds": {
                "O": 29
            }
        }
    },
    "Objective_QuantTarget_noCCM": {
        "metrics": {
            "precision": 0.0,
            "recall": 0.0,
            "f1": 0.0,
            "number": 2
        },
        "counts": {
            "reals": {
                "O": 29
            },
            "preds": {
                "O": 29
            }
        }
    },
    "PublicInvt": {
        "metrics": {
            "precision": 0.0,
            "recall": 0.0,
            "f1": 0.0,
            "number": 21
        },
        "counts": {
            "reals": {
                "O": 29
            },
            "preds": {
                "O": 29
            }
        }
    },
    "RD_D": {
        "metrics": {
            "precision": 0.0,
            "recall": 0.0,
            "f1": 0.0,
            "number": 6
        },
        "counts": {
            "reals": {
                "O": 29
            },
            "preds": {
                "O": 29
            }
        }
    },
    "Ref_OtherPolicy": {
        "metrics": {
            "precision": 0.6140350877192983,
            "recall": 0.6645569620253164,
            "f1": 0.6382978723404255,
            "number": 158
        },
        "counts": {
            "reals": {
                "O": 29
            },