{
    "Addressee_default": {
        "metrics": {
            "precision": 0.6263982102908278,
            "recall": 0.5845511482254697,
            "f1": 0.6047516198704105,
            "number": 479
        },
        "counts": {
            "reals": {
                "O": 465,
                "B": 5,
                "I": 3
            },
            "preds": {
                "O": 467,
                "B": 3,
                "I": 3
            }
        }
    },
    "Addressee_monitored": {
        "metrics": {
            "precision": 0.4727272727272727,
            "recall": 0.3132530120481928,
            "f1": 0.3768115942028985,
            "number": 83
        },
        "counts": {
            "reals": {
                "O": 473
            },
            "preds": {
                "O": 473
            }
        }
    },
    "Addressee_resource": {
        "metrics": {
            "precision": 0.0,
            "recall": 0.0,
            "f1": 0.0,
            "number": 48
        },
        "counts": {
            "reals": {
                "O": 473
            },
            "preds": {
                "O": 473
            }
        }
    },
    "Addressee_sector": {
        "metrics": {
            "precision": 0.43333333333333335,
            "recall": 0.49056603773584906,
            "f1": 0.46017699115044247,
            "number": 265
        },
        "counts": {
            "reals": {
                "O": 450,
                "B": 7,
                "I": 16
            },
            "preds": {
                "O": 457,
                "B": 5,
                "I": 11
            }
        }
    },
    "App_LowCarbon": {
        "metrics": {
            "precision": 0.0759493670886076,
            "recall": 0.05555555555555555,
            "f1": 0.06417112299465241,
            "number": 216
        },
        "counts": {
            "reals": {
                "O": 441,
                "B": 4,
                "I": 28
            },
            "preds": {
                "O": 436,
                "B": 10,
                "I": 27
            }
        }
    },
    "App_Other": {
        "metrics": {
            "precision": 0.3308270676691729,
            "recall": 0.2233502538071066,
            "f1": 0.26666666666666666,
            "number": 197
        },
        "counts": {
            "reals": {
                "O": 415,
                "B": 3,
                "I": 55
            },
            "preds": {
                "O": 473
            }
        }
    },
    "Authority_default": {
        "metrics": {
            "precision": 0.390625,
            "recall": 0.12077294685990338,
            "f1": 0.18450184501845018,
            "number": 207
        },
        "counts": {
            "reals": {
                "O": 471,
                "B": 2
            },
            "preds": {
                "O": 471,
                "B": 2
            }
        }
    },
    "Authority_established": {
        "metrics": {
            "precision": 0.0,
            "recall": 0.0,
            "f1": 0.0,
            "number": 27
        },
        "counts": {
            "reals": {
                "O": 473
            },
            "preds": {
                "O": 473
            }
        }
    },
    "Authority_legislative": {
        "metrics": {
            "precision": 0.3125,
            "recall": 0.08771929824561403,
            "f1": 0.136986301369863,
            "number": 57
        },
        "counts": {
            "reals": {
                "O": 473
            },
            "preds": {
                "O": 473
            }
        }
    },
    "Authority_monitoring": {
        "metrics": {
            "precision": 0.5915492957746479,
            "recall": 0.6,
            "f1": 0.5957446808510638,
            "number": 140
        },
        "counts": {
            "reals": {
                "O": 473
            },
            "preds": {
                "O": 473
            }
        }
    },
    "Edu_Outreach": {
        "metrics": {
            "precision": 0.0,
            "recall": 0.0,
            "f1": 0.0,
            "number": 70
        },
        "counts": {
            "reals": {
                "O": 473
            },
            "preds": {
                "O": 473
            }
        }
    },
    "Energy_LowCarbon": {
        "metrics": {
            "precision": 0.5066162570888468,
            "recall": 0.6836734693877551,
            "f1": 0.5819761129207383,
            "number": 392
        },
        "counts": {
            "reals": {
                "O": 439,
                "B": 18,
                "I": 16
            },
            "preds": {
                "O": 420,
                "B": 28,
                "I": 25
            }
        }
    },
    "Energy_Other": {
        "metrics": {
            "precision": 0.48,
            "recall": 0.1610738255033557,
            "f1": 0.24120603015075376,
            "number": 149
        },
        "counts": {
            "reals": {
                "O": 448,
                "B": 11,
                "I": 14
            },
            "preds": {
                "O": 473
            }
        }
    },
    "Form_monitoring": {
        "metrics": {
            "precision": 0.4103942652329749,
            "recall": 0.5123042505592841,
            "f1": 0.45572139303482584,
            "number": 447
        },
        "counts": {
            "reals": {
                "O": 473
            },
            "preds": {
                "O": 473
            }
        }
    },
    "Form_sanctioning": {
        "metrics": {
            "precision": 0.0,
            "recall": 0.0,
            "f1": 0.0,
            "number": 2
        },
        "counts": {
            "reals": {
                "O": 473
            },
            "preds": {
                "O": 473
            }
        }
    },
    "FrameworkPolicy": {
        "metrics": {
            "precision": 0.4835164835164835,
            "recall": 0.5945945945945946,
            "f1": 0.5333333333333334,
            "number": 74
        },
        "counts": {
            "reals": {
                "O": 473
            },
            "preds": {
                "O": 473
            }
        }
    },
    "Objective_QualIntention": {
        "metrics": {
            "precision": 0.10365853658536585,
            "recall": 0.17894736842105263,
            "f1": 0.13127413127413126,
            "number": 95
        },
        "counts": {
            "reals": {
                "O": 473
            },
            "preds": {
                "O": 473
            }
        }
    },
    "Objective_QualIntention_noCCM": {
        "metrics": {
            "precision": 0.029850746268656716,
            "recall": 0.058823529411764705,
            "f1": 0.039603960396039604,
            "number": 34
        },
        "counts": {
            "reals": {
                "O": 473
            },
            "preds": {
                "O": 473
            }
        }
    },
    "Objective_QuantTarget": {
        "metrics": {
            "precision": 0.014285714285714285,
            "recall": 0.03125,
            "f1": 0.0196078431372549,
            "number": 32
        },
        "counts": {
            "reals": {
                "O": 473
            },
            "preds": {
                "O": 473
            }
        }
    },
    "Objective_QuantTarget_noCCM": {
        "metrics": {
            "precision": 0.0,
            "recall": 0.0,
            "f1": 0.0,
            "number": 1
        },
        "counts": {
            "reals": {
                "O": 473
            },
            "preds": {
                "O": 473
            }
        }
    },
    "PublicInvt": {
        "metrics": {
            "precision": 0.0,
            "recall": 0.0,
            "f1": 0.0,
            "number": 15
        },
        "counts": {
            "reals": {
                "O": 473
            },