{
    "Addressee_default": {
        "metrics": {
            "precision": 0.45125348189415043,
            "recall": 0.3347107438016529,
            "f1": 0.3843416370106762,
            "number": 484
        },
        "counts": {
            "reals": {
                "O": 400,
                "B": 5,
                "I": 6
            },
            "preds": {
                "O": 402,
                "B": 3,
                "I": 6
            }
        }
    },
    "Addressee_monitored": {
        "metrics": {
            "precision": 0.29310344827586204,
            "recall": 0.19540229885057472,
            "f1": 0.23448275862068962,
            "number": 87
        },
        "counts": {
            "reals": {
                "O": 411
            },
            "preds": {
                "O": 411
            }
        }
    },
    "Addressee_resource": {
        "metrics": {
            "precision": 0.0,
            "recall": 0.0,
            "f1": 0.0,
            "number": 51
        },
        "counts": {
            "reals": {
                "O": 411
            },
            "preds": {
                "O": 411
            }
        }
    },
    "Addressee_sector": {
        "metrics": {
            "precision": 0.40860215053763443,
            "recall": 0.13620071684587814,
            "f1": 0.20430107526881722,
            "number": 279
        },
        "counts": {
            "reals": {
                "O": 389,
                "B": 6,
                "I": 16
            },
            "preds": {
                "O": 411
            }
        }
    },
    "App_LowCarbon": {
        "metrics": {
            "precision": 0.07042253521126761,
            "recall": 0.023923444976076555,
            "f1": 0.03571428571428572,
            "number": 209
        },
        "counts": {
            "reals": {
                "O": 379,
                "B": 4,
                "I": 28
            },
            "preds": {
                "O": 399,
                "B": 7,
                "I": 5
            }
        }
    },
    "App_Other": {
        "metrics": {
            "precision": 0.22641509433962265,
            "recall": 0.057692307692307696,
            "f1": 0.09195402298850575,
            "number": 208
        },
        "counts": {
            "reals": {
                "O": 353,
                "B": 3,
                "I": 55
            },
            "preds": {
                "O": 411
            }
        }
    },
    "Authority_default": {
        "metrics": {
            "precision": 0.3904761904761905,
            "recall": 0.3886255924170616,
            "f1": 0.38954869358669836,
            "number": 211
        },
        "counts": {
            "reals": {
                "O": 409,
                "B": 2
            },
            "preds": {
                "O": 409,
                "B": 2
            }
        }
    },
    "Authority_established": {
        "metrics": {
            "precision": 0.0,
            "recall": 0.0,
            "f1": 0.0,
            "number": 29
        },
        "counts": {
            "reals": {
                "O": 411
            },
            "preds": {
                "O": 411
            }
        }
    },
    "Authority_legislative": {
        "metrics": {
            "precision": 0.8958333333333334,
            "recall": 0.6323529411764706,
            "f1": 0.7413793103448276,
            "number": 68
        },
        "counts": {
            "reals": {
                "O": 411
            },
            "preds": {
                "O": 411
            }
        }
    },
    "Authority_monitoring": {
        "metrics": {
            "precision": 0.6204379562043796,
            "recall": 0.6439393939393939,
            "f1": 0.6319702602230483,
            "number": 132
        },
        "counts": {
            "reals": {
                "O": 411
            },
            "preds": {
                "O": 410,
                "B": 1
            }
        }
    },
    "Edu_Outreach": {
        "metrics": {
            "precision": 0.0,
            "recall": 0.0,
            "f1": 0.0,
            "number": 76
        },
        "counts": {
            "reals": {
                "O": 411
            },
            "preds": {
                "O": 411
            }
        }
    },
    "Energy_LowCarbon": {
        "metrics": {
            "precision": 0.44651162790697674,
            "recall": 0.5013054830287206,
            "f1": 0.47232472324723246,
            "number": 383
        },
        "counts": {
            "reals": {
                "O": 382,
                "B": 14,
                "I": 15
            },
            "preds": {
                "O": 378,
                "B": 18,
                "I": 15
            }
        }
    },
    "Energy_Other": {
        "metrics": {
            "precision": 0.07142857142857142,
            "recall": 0.012987012987012988,
            "f1": 0.02197802197802198,
            "number": 154
        },
        "counts": {
            "reals": {
                "O": 386,
                "B": 11,
                "I": 14
            },
            "preds": {
                "O": 411
            }
        }
    },
    "Form_monitoring": {
        "metrics": {
            "precision": 0.48091603053435117,
            "recall": 0.27631578947368424,
            "f1": 0.350974930362117,
            "number": 456
        },
        "counts": {
            "reals": {
                "O": 411
            },
            "preds": {
                "O": 411
            }
        }
    },
    "Form_sanctioning": {
        "metrics": {
            "precision": 0.0,
            "recall": 0.0,
            "f1": 0.0,
            "number": 1
        },
        "counts": {
            "reals": {
                "O": 411
            },
            "preds": {
                "O": 411
            }
        }
    },
    "FrameworkPolicy": {
        "metrics": {
            "precision": 0.18181818181818182,
            "recall": 0.14492753623188406,
            "f1": 0.16129032258064516,
            "number": 69
        },
        "counts": {
            "reals": {
                "O": 411
            },
            "preds": {
                "O": 411
            }
        }
    },
    "Objective_QualIntention": {
        "metrics": {
            "precision": 0.13245033112582782,
            "recall": 0.19801980198019803,
            "f1": 0.15873015873015875,
            "number": 101
        },
        "counts": {
            "reals": {
                "O": 411
            },
            "preds": {
                "O": 411
            }
        }
    },
    "Objective_QualIntention_noCCM": {
        "metrics": {
            "precision": 0.08823529411764706,
            "recall": 0.08333333333333333,
            "f1": 0.08571428571428572,
            "number": 36
        },
        "counts": {
            "reals": {
                "O": 411
            },
            "preds": {
                "O": 411
            }
        }
    },
    "Objective_QuantTarget": {
        "metrics": {
            "precision": 0.0390625,
            "recall": 0.13157894736842105,
            "f1": 0.060240963855421686,
            "number": 38
        },
        "counts": {
            "reals": {
                "O": 411
            },
            "preds": {
                "O": 409,
                "B": 1,
                "I": 1
            }
        }
    },
    "Objective_QuantTarget_noCCM": {
        "metrics": {
            "precision": 0.0,
            "recall": 0.0,
            "f1": 0.0,
            "number": 2
        },
        "counts": {
            "reals": {
                "O": 411
            },
            "preds": {
                "O": 411
            }
        }
    },
    "PublicInvt": {
        "metrics": {
            "precision": 0.0,
            "recall": 0.0,
            "f1": 0.0,
            "number": 20
        },