{
    "Addressee_default": {
        "metrics": {
            "precision": 0.5612903225806452,
            "recall": 0.54375,
            "f1": 0.5523809523809524,
            "number": 320
        },
        "counts": {
            "reals": {
                "O": 58
            },
            "preds": {
                "O": 58
            }
        }
    },
    "Addressee_monitored": {
        "metrics": {
            "precision": 0.33962264150943394,
            "recall": 0.16363636363636364,
            "f1": 0.22085889570552147,
            "number": 110
        },
        "counts": {
            "reals": {
                "O": 58
            },
            "preds": {
                "O": 58
            }
        }
    },
    "Addressee_resource": {
        "metrics": {
            "precision": 0.0,
            "recall": 0.0,
            "f1": 0.0,
            "number": 24
        },
        "counts": {
            "reals": {
                "O": 58
            },
            "preds": {
                "O": 58
            }
        }
    },
    "Addressee_sector": {
        "metrics": {
            "precision": 0.622568093385214,
            "recall": 0.6530612244897959,
            "f1": 0.6374501992031872,
            "number": 245
        },
        "counts": {
            "reals": {
                "O": 58
            },
            "preds": {
                "O": 58
            }
        }
    },
    "App_LowCarbon": {
        "metrics": {
            "precision": 0.09183673469387756,
            "recall": 0.060810810810810814,
            "f1": 0.07317073170731707,
            "number": 148
        },
        "counts": {
            "reals": {
                "O": 58
            },
            "preds": {
                "O": 58
            }
        }
    },
    "App_Other": {
        "metrics": {
            "precision": 0.273972602739726,
            "recall": 0.1694915254237288,
            "f1": 0.2094240837696335,
            "number": 118
        },
        "counts": {
            "reals": {
                "O": 58
            },
            "preds": {
                "O": 58
            }
        }
    },
    "Authority_default": {
        "metrics": {
            "precision": 0.47368421052631576,
            "recall": 0.20689655172413793,
            "f1": 0.288,
            "number": 174
        },
        "counts": {
            "reals": {
                "O": 53,
                "B": 5
            },
            "preds": {
                "O": 55,
                "B": 3
            }
        }
    },
    "Authority_established": {
        "metrics": {
            "precision": 0.0,
            "recall": 0.0,
            "f1": 0.0,
            "number": 18
        },
        "counts": {
            "reals": {
                "O": 58
            },
            "preds": {
                "O": 58
            }
        }
    },
    "Authority_legislative": {
        "metrics": {
            "precision": 0.5384615384615384,
            "recall": 0.175,
            "f1": 0.2641509433962264,
            "number": 40
        },
        "counts": {
            "reals": {
                "O": 58
            },
            "preds": {
                "O": 58
            }
        }
    },
    "Authority_monitoring": {
        "metrics": {
            "precision": 0.5307262569832403,
            "recall": 0.7723577235772358,
            "f1": 0.6291390728476822,
            "number": 123
        },
        "counts": {
            "reals": {
                "O": 58
            },
            "preds": {
                "O": 58
            }
        }
    },
    "Edu_Outreach": {
        "metrics": {
            "precision": 0.34146341463414637,
            "recall": 0.2641509433962264,
            "f1": 0.2978723404255319,
            "number": 53
        },
        "counts": {
            "reals": {
                "O": 58
            },
            "preds": {
                "O": 58
            }
        }
    },
    "Energy_LowCarbon": {
        "metrics": {
            "precision": 0.5930232558139535,
            "recall": 0.5817490494296578,
            "f1": 0.5873320537428024,
            "number": 263
        },
        "counts": {
            "reals": {
                "O": 58
            },
            "preds": {
                "O": 58
            }
        }
    },
    "Energy_Other": {
        "metrics": {
            "precision": 0.2222222222222222,
            "recall": 0.029850746268656716,
            "f1": 0.052631578947368425,
            "number": 67
        },
        "counts": {
            "reals": {
                "O": 58
            },
            "preds": {
                "O": 58
            }
        }
    },
    "Form_monitoring": {
        "metrics": {
            "precision": 0.3505338078291815,
            "recall": 0.5596590909090909,
            "f1": 0.43107221006564556,
            "number": 352
        },
        "counts": {
            "reals": {
                "O": 58
            },
            "preds": {
                "O": 58
            }
        }
    },
    "Form_sanctioning": {
        "metrics": {
            "precision": 0.0,
            "recall": 0.0,
            "f1": 0.0,
            "number": 9
        },
        "counts": {
            "reals": {
                "O": 58
            },
            "preds": {
                "O": 58
            }
        }
    },
    "FrameworkPolicy": {
        "metrics": {
            "precision": 0.3333333333333333,
            "recall": 0.36065573770491804,
            "f1": 0.3464566929133858,
            "number": 61
        },
        "counts": {
            "reals": {
                "O": 58
            },
            "preds": {
                "O": 58
            }
        }
    },
    "Objective_QualIntention": {
        "metrics": {
            "precision": 0.1038961038961039,
            "recall": 0.1103448275862069,
            "f1": 0.10702341137123746,
            "number": 145
        },
        "counts": {
            "reals": {
                "O": 58
            },
            "preds": {
                "O": 58
            }
        }
    },
    "Objective_QualIntention_noCCM": {
        "metrics": {
            "precision": 0.05,
            "recall": 0.06666666666666667,
            "f1": 0.05714285714285715,
            "number": 45
        },
        "counts": {
            "reals": {
                "O": 58
            },
            "preds": {
                "O": 58
            }
        }
    },
    "Objective_QuantTarget": {
        "metrics": {
            "precision": 0.0967741935483871,
            "recall": 0.16216216216216217,
            "f1": 0.12121212121212119,
            "number": 37
        },
        "counts": {
            "reals": {
                "O": 58
            },
            "preds": {
                "O": 58
            }
        }
    },
    "Objective_QuantTarget_noCCM": {
        "metrics": {
            "precision": 0.0,
            "recall": 0.0,
            "f1": 0.0,
            "number": 1
        },
        "counts": {
            "reals": {
                "O": 58
            },
            "preds": {
                "O": 58
            }
        }
    },
    "PublicInvt": {
        "metrics": {
            "precision": 0.0,
            "recall": 0.0,
            "f1": 0.0,
            "number": 29
        },
        "counts": {
            "reals": {
                "O": 58
            },
            "preds": {
                "O": 58
            }
        }
    },
    "RD_D": {
        "metrics": {
            "precision": 0.0,
            "recall": 0.0,
            "f1": 0.0,
            "number": 2
        },
        "counts": {
            "reals": {
                "O": 58
            },
            "preds": {
                "O": 58
            }
        }
    },
    "Ref_OtherPolicy": {
        "metrics": {
            "precision": 0.7412587412587412,