{
    "Addressee_default": {
        "metrics": {
            "precision": 0.5941558441558441,
            "recall": 0.6203389830508474,
            "f1": 0.6069651741293532,
            "number": 590
        },
        "counts": {
            "reals": {
                "O": 476,
                "B": 11,
                "I": 25
            },
            "preds": {
                "O": 499,
                "B": 9,
                "I": 4
            }
        }
    },
    "Addressee_monitored": {
        "metrics": {
            "precision": 0.4782608695652174,
            "recall": 0.36666666666666664,
            "f1": 0.41509433962264153,
            "number": 120
        },
        "counts": {
            "reals": {
                "O": 497,
                "B": 5,
                "I": 10
            },
            "preds": {
                "O": 511,
                "B": 1
            }
        }
    },
    "Addressee_resource": {
        "metrics": {
            "precision": 0.0,
            "recall": 0.0,
            "f1": 0.0,
            "number": 28
        },
        "counts": {
            "reals": {
                "O": 512
            },
            "preds": {
                "O": 512
            }
        }
    },
    "Addressee_sector": {
        "metrics": {
            "precision": 0.48704663212435234,
            "recall": 0.6123778501628665,
            "f1": 0.5425685425685426,
            "number": 307
        },
        "counts": {
            "reals": {
                "O": 496,
                "B": 3,
                "I": 13
            },
            "preds": {
                "O": 492,
                "B": 7,
                "I": 13
            }
        }
    },
    "App_LowCarbon": {
        "metrics": {
            "precision": 0.057692307692307696,
            "recall": 0.01875,
            "f1": 0.02830188679245283,
            "number": 160
        },
        "counts": {
            "reals": {
                "O": 512
            },
            "preds": {
                "O": 512
            }
        }
    },
    "App_Other": {
        "metrics": {
            "precision": 0.30526315789473685,
            "recall": 0.18238993710691823,
            "f1": 0.22834645669291334,
            "number": 159
        },
        "counts": {
            "reals": {
                "O": 506,
                "B": 3,
                "I": 3
            },
            "preds": {
                "O": 507,
                "B": 3,
                "I": 2
            }
        }
    },
    "Authority_default": {
        "metrics": {
            "precision": 0.6231884057971014,
            "recall": 0.6164874551971327,
            "f1": 0.6198198198198197,
            "number": 279
        },
        "counts": {
            "reals": {
                "O": 480,
                "B": 17,
                "I": 15
            },
            "preds": {
                "O": 480,
                "B": 15,
                "I": 17
            }
        }
    },
    "Authority_established": {
        "metrics": {
            "precision": 0.0,
            "recall": 0.0,
            "f1": 0.0,
            "number": 11
        },
        "counts": {
            "reals": {
                "O": 512
            },
            "preds": {
                "O": 512
            }
        }
    },
    "Authority_legislative": {
        "metrics": {
            "precision": 0.525,
            "recall": 0.3387096774193548,
            "f1": 0.4117647058823529,
            "number": 62
        },
        "counts": {
            "reals": {
                "O": 510,
                "B": 1,
                "I": 1
            },
            "preds": {
                "O": 512
            }
        }
    },
    "Authority_monitoring": {
        "metrics": {
            "precision": 0.6374269005847953,
            "recall": 0.6646341463414634,
            "f1": 0.6507462686567164,
            "number": 164
        },
        "counts": {
            "reals": {
                "O": 501,
                "B": 7,
                "I": 4
            },
            "preds": {
                "O": 496,
                "B": 11,
                "I": 5
            }
        }
    },
    "Edu_Outreach": {
        "metrics": {
            "precision": 0.3235294117647059,
            "recall": 0.09649122807017543,
            "f1": 0.14864864864864863,
            "number": 114
        },
        "counts": {
            "reals": {
                "O": 512
            },
            "preds": {
                "O": 512
            }
        }
    },
    "Energy_LowCarbon": {
        "metrics": {
            "precision": 0.6732283464566929,
            "recall": 0.6286764705882353,
            "f1": 0.6501901140684412,
            "number": 272
        },
        "counts": {
            "reals": {
                "O": 512
            },
            "preds": {
                "O": 512
            }
        }
    },
    "Energy_Other": {
        "metrics": {
            "precision": 0.5,
            "recall": 0.08333333333333333,
            "f1": 0.14285714285714285,
            "number": 96
        },
        "counts": {
            "reals": {
                "O": 512
            },
            "preds": {
                "O": 512
            }
        }
    },
    "Form_monitoring": {
        "metrics": {
            "precision": 0.5437881873727087,
            "recall": 0.5632911392405063,
            "f1": 0.5533678756476684,
            "number": 474
        },
        "counts": {
            "reals": {
                "O": 508,
                "B": 4
            },
            "preds": {
                "O": 506,
                "B": 6
            }
        }
    },
    "Form_sanctioning": {
        "metrics": {
            "precision": 0.0,
            "recall": 0.0,
            "f1": 0.0,
            "number": 15
        },
        "counts": {
            "reals": {
                "O": 512
            },
            "preds": {
                "O": 512
            }
        }
    },
    "FrameworkPolicy": {
        "metrics": {
            "precision": 0.6842105263157895,
            "recall": 0.6190476190476191,
            "f1": 0.6500000000000001,
            "number": 63
        },
        "counts": {
            "reals": {
                "O": 512
            },
            "preds": {
                "O": 512
            }
        }
    },
    "Objective_QualIntention": {
        "metrics": {
            "precision": 0.1484375,
            "recall": 0.16666666666666666,
            "f1": 0.15702479338842976,
            "number": 114
        },
        "counts": {
            "reals": {
                "O": 512
            },
            "preds": {
                "O": 512
            }
        }
    },
    "Objective_QualIntention_noCCM": {
        "metrics": {
            "precision": 0.025974025974025976,
            "recall": 0.04819277108433735,
            "f1": 0.03375527426160338,
            "number": 83
        },
        "counts": {
            "reals": {
                "O": 505,
                "B": 1,
                "I": 6
            },
            "preds": {
                "O": 501,
                "B": 5,
                "I": 6
            }
        }
    },
    "Objective_QuantTarget": {
        "metrics": {
            "precision": 0.0,
            "recall": 0.0,
            "f1": 0.0,
            "number": 11
        },
        "counts": {
            "reals": {
                "O": 512
            },
            "preds": {
                "O": 512
            }
        }
    },
    "Objective_QuantTarget_noCCM": {
        "metrics": {
            "overall_precision": 0.0,
            "overall_recall": 0.0,
            "overall_f1": 0.0,
            "overall_accuracy": 1.0
        },
        "counts": {
            "reals": {
                "O": 512
            },
            "preds": {
                "O": 512
            }
        }
    },