{
    "Addressee_default": {
        "metrics": {
            "precision": 0.4563106796116505,
            "recall": 0.4895833333333333,
            "f1": 0.4723618090452262,
            "number": 480
        },
        "counts": {
            "reals": {
                "O": 406,
                "B": 1,
                "I": 1
            },
            "preds": {
                "O": 407,
                "B": 1
            }
        }
    },
    "Addressee_monitored": {
        "metrics": {
            "precision": 0.0,
            "recall": 0.0,
            "f1": 0.0,
            "number": 126
        },
        "counts": {
            "reals": {
                "O": 407,
                "B": 1
            },
            "preds": {
                "O": 408
            }
        }
    },
    "Addressee_resource": {
        "metrics": {
            "precision": 0.0,
            "recall": 0.0,
            "f1": 0.0,
            "number": 24
        },
        "counts": {
            "reals": {
                "O": 408
            },
            "preds": {
                "O": 408
            }
        }
    },
    "Addressee_sector": {
        "metrics": {
            "precision": 0.34536082474226804,
            "recall": 0.2113564668769716,
            "f1": 0.2622309197651663,
            "number": 317
        },
        "counts": {
            "reals": {
                "O": 405,
                "B": 3
            },
            "preds": {
                "O": 408
            }
        }
    },
    "App_LowCarbon": {
        "metrics": {
            "precision": 0.25,
            "recall": 0.005494505494505495,
            "f1": 0.010752688172043012,
            "number": 182
        },
        "counts": {
            "reals": {
                "O": 398,
                "B": 3,
                "I": 7
            },
            "preds": {
                "O": 408
            }
        }
    },
    "App_Other": {
        "metrics": {
            "precision": 0.14285714285714285,
            "recall": 0.014598540145985401,
            "f1": 0.02649006622516556,
            "number": 137
        },
        "counts": {
            "reals": {
                "O": 370,
                "B": 8,
                "I": 30
            },
            "preds": {
                "O": 405,
                "B": 3
            }
        }
    },
    "Authority_default": {
        "metrics": {
            "precision": 0.2736842105263158,
            "recall": 0.2751322751322751,
            "f1": 0.2744063324538259,
            "number": 189
        },
        "counts": {
            "reals": {
                "O": 406,
                "B": 2
            },
            "preds": {
                "O": 408
            }
        }
    },
    "Authority_established": {
        "metrics": {
            "precision": 0.0,
            "recall": 0.0,
            "f1": 0.0,
            "number": 2
        },
        "counts": {
            "reals": {
                "O": 408
            },
            "preds": {
                "O": 408
            }
        }
    },
    "Authority_legislative": {
        "metrics": {
            "precision": 0.627906976744186,
            "recall": 0.4909090909090909,
            "f1": 0.5510204081632653,
            "number": 55
        },
        "counts": {
            "reals": {
                "O": 408
            },
            "preds": {
                "O": 408
            }
        }
    },
    "Authority_monitoring": {
        "metrics": {
            "precision": 0.43312101910828027,
            "recall": 0.4563758389261745,
            "f1": 0.4444444444444445,
            "number": 149
        },
        "counts": {
            "reals": {
                "O": 403,
                "B": 5
            },
            "preds": {
                "O": 408
            }
        }
    },
    "Edu_Outreach": {
        "metrics": {
            "precision": 0.0,
            "recall": 0.0,
            "f1": 0.0,
            "number": 39
        },
        "counts": {
            "reals": {
                "O": 407,
                "B": 1
            },
            "preds": {
                "O": 408
            }
        }
    },
    "Energy_LowCarbon": {
        "metrics": {
            "precision": 0.5213270142180095,
            "recall": 0.40441176470588236,
            "f1": 0.45548654244306425,
            "number": 272
        },
        "counts": {
            "reals": {
                "O": 404,
                "B": 2,
                "I": 2
            },
            "preds": {
                "O": 408
            }
        }
    },
    "Energy_Other": {
        "metrics": {
            "precision": 0.09090909090909091,
            "recall": 0.0196078431372549,
            "f1": 0.03225806451612903,
            "number": 102
        },
        "counts": {
            "reals": {
                "O": 392,
                "B": 16
            },
            "preds": {
                "O": 407,
                "B": 1
            }
        }
    },
    "Form_monitoring": {
        "metrics": {
            "precision": 0.45652173913043476,
            "recall": 0.45901639344262296,
            "f1": 0.45776566757493187,
            "number": 366
        },
        "counts": {
            "reals": {
                "O": 380,
                "B": 7,
                "I": 21
            },
            "preds": {
                "O": 400,
                "B": 8
            }
        }
    },
    "Form_sanctioning": {
        "metrics": {
            "precision": 0.0,
            "recall": 0.0,
            "f1": 0.0,
            "number": 16
        },
        "counts": {
            "reals": {
                "O": 408
            },
            "preds": {
                "O": 408
            }
        }
    },
    "FrameworkPolicy": {
        "metrics": {
            "precision": 0.06666666666666667,
            "recall": 0.02631578947368421,
            "f1": 0.03773584905660377,
            "number": 76
        },
        "counts": {
            "reals": {
                "O": 408
            },
            "preds": {
                "O": 408
            }
        }
    },
    "Objective_QualIntention": {
        "metrics": {
            "precision": 0.0,
            "recall": 0.0,
            "f1": 0.0,
            "number": 76
        },
        "counts": {
            "reals": {
                "O": 401,
                "B": 1,
                "I": 6
            },
            "preds": {
                "O": 408
            }
        }
    },
    "Objective_QualIntention_noCCM": {
        "metrics": {
            "precision": 0.0,
            "recall": 0.0,
            "f1": 0.0,
            "number": 58
        },
        "counts": {
            "reals": {
                "O": 408
            },
            "preds": {
                "O": 408
            }
        }
    },
    "Objective_QuantTarget": {
        "metrics": {
            "precision": 0.0,
            "recall": 0.0,
            "f1": 0.0,
            "number": 45
        },
        "counts": {
            "reals": {
                "O": 408
            },
            "preds": {
                "O": 407,
                "B": 1
            }
        }
    },
    "Objective_QuantTarget_noCCM": {
        "metrics": {
            "overall_precision": 0.0,
            "overall_recall": 0.0,
            "overall_f1": 0.0,
            "overall_accuracy": 1.0
        },
        "counts": {
            "reals": {
                "O": 408
            },
            "preds": {
                "O": 408
            }
        }
    },
    "PublicInvt": {
        "metrics": {
            "precision": 0.0,
            "recall": 0.0,
            "f1": 0.0,
            "number": 23
        },
        "counts": {
            "reals": {
                "O": 408
            },
            "preds": {
                "O": 408
            }
        }
    },