{
    "Addressee_default": {
        "metrics": {
            "precision": 0.5415162454873647,
            "recall": 0.7142857142857143,
            "f1": 0.6160164271047228,
            "number": 420
        },
        "counts": {
            "reals": {
                "O": 29
            },
            "preds": {
                "O": 29
            }
        }
    },
    "Addressee_monitored": {
        "metrics": {
            "precision": 0.62,
            "recall": 0.5535714285714286,
            "f1": 0.5849056603773586,
            "number": 112
        },
        "counts": {
            "reals": {
                "O": 29
            },
            "preds": {
                "O": 29
            }
        }
    },
    "Addressee_resource": {
        "metrics": {
            "precision": 0.0,
            "recall": 0.0,
            "f1": 0.0,
            "number": 39
        },
        "counts": {
            "reals": {
                "O": 29
            },
            "preds": {
                "O": 29
            }
        }
    },
    "Addressee_sector": {
        "metrics": {
            "precision": 0.5464190981432361,
            "recall": 0.6058823529411764,
            "f1": 0.5746164574616457,
            "number": 340
        },
        "counts": {
            "reals": {
                "O": 29
            },
            "preds": {
                "O": 29
            }
        }
    },
    "App_LowCarbon": {
        "metrics": {
            "precision": 0.0744336569579288,
            "recall": 0.17164179104477612,
            "f1": 0.10383747178329572,
            "number": 134
        },
        "counts": {
            "reals": {
                "O": 29
            },
            "preds": {
                "O": 29
            }
        }
    },
    "App_Other": {
        "metrics": {
            "precision": 0.40298507462686567,
            "recall": 0.30337078651685395,
            "f1": 0.3461538461538462,
            "number": 178
        },
        "counts": {
            "reals": {
                "O": 29
            },
            "preds": {
                "O": 29
            }
        }
    },
    "Authority_default": {
        "metrics": {
            "precision": 0.5,
            "recall": 0.43783783783783786,
            "f1": 0.46685878962536026,
            "number": 185
        },
        "counts": {
            "reals": {
                "O": 29
            },
            "preds": {
                "O": 29
            }
        }
    },
    "Authority_established": {
        "metrics": {
            "precision": 0.0,
            "recall": 0.0,
            "f1": 0.0,
            "number": 23
        },
        "counts": {
            "reals": {
                "O": 29
            },
            "preds": {
                "O": 29
            }
        }
    },
    "Authority_legislative": {
        "metrics": {
            "precision": 0.7636363636363637,
            "recall": 0.6774193548387096,
            "f1": 0.7179487179487181,
            "number": 62
        },
        "counts": {
            "reals": {
                "O": 29
            },
            "preds": {
                "O": 29
            }
        }
    },
    "Authority_monitoring": {
        "metrics": {
            "precision": 0.6263736263736264,
            "recall": 0.7549668874172185,
            "f1": 0.6846846846846847,
            "number": 151
        },
        "counts": {
            "reals": {
                "O": 29
            },
            "preds": {
                "O": 29
            }
        }
    },
    "Edu_Outreach": {
        "metrics": {
            "precision": 0.05,
            "recall": 0.02,
            "f1": 0.02857142857142857,
            "number": 50
        },
        "counts": {
            "reals": {
                "O": 29
            },
            "preds": {
                "O": 29
            }
        }
    },
    "Energy_LowCarbon": {
        "metrics": {
            "precision": 0.5783898305084746,
            "recall": 0.7072538860103627,
            "f1": 0.6363636363636364,
            "number": 386
        },
        "counts": {
            "reals": {
                "O": 29
            },
            "preds": {
                "O": 29
            }
        }
    },
    "Energy_Other": {
        "metrics": {
            "precision": 0.3125,
            "recall": 0.3007518796992481,
            "f1": 0.3065134099616858,
            "number": 133
        },
        "counts": {
            "reals": {
                "O": 29
            },
            "preds": {
                "O": 29
            }
        }
    },
    "Form_monitoring": {
        "metrics": {
            "precision": 0.4523809523809524,
            "recall": 0.5705705705705706,
            "f1": 0.50464807436919,
            "number": 333
        },
        "counts": {
            "reals": {
                "O": 29
            },
            "preds": {
                "O": 29
            }
        }
    },
    "Form_sanctioning": {
        "metrics": {
            "precision": 0.0,
            "recall": 0.0,
            "f1": 0.0,
            "number": 10
        },
        "counts": {
            "reals": {
                "O": 29
            },
            "preds": {
                "O": 29
            }
        }
    },
    "FrameworkPolicy": {
        "metrics": {
            "precision": 0.5737704918032787,
            "recall": 0.5737704918032787,
            "f1": 0.5737704918032787,
            "number": 61
        },
        "counts": {
            "reals": {
                "O": 29
            },
            "preds": {
                "O": 29
            }
        }
    },
    "Objective_QualIntention": {
        "metrics": {
            "precision": 0.14732142857142858,
            "recall": 0.2619047619047619,
            "f1": 0.1885714285714286,
            "number": 126
        },
        "counts": {
            "reals": {
                "O": 29
            },
            "preds": {
                "O": 29
            }
        }
    },
    "Objective_QualIntention_noCCM": {
        "metrics": {
            "precision": 0.0,
            "recall": 0.0,
            "f1": 0.0,
            "number": 50
        },
        "counts": {
            "reals": {
                "O": 29
            },
            "preds": {
                "O": 29
            }
        }
    },
    "Objective_QuantTarget": {
        "metrics": {
            "precision": 0.08602150537634409,
            "recall": 0.17391304347826086,
            "f1": 0.11510791366906474,
            "number": 46
        },
        "counts": {
            "reals": {
                "O": 29
            },
            "preds": {
                "O": 29
            }
        }
    },
    "Objective_QuantTarget_noCCM": {
        "metrics": {
            "precision": 0.0,
            "recall": 0.0,
            "f1": 0.0,
            "number": 2
        },
        "counts": {
            "reals": {
                "O": 29
            },
            "preds": {
                "O": 29
            }
        }
    },
    "PublicInvt": {
        "metrics": {
            "precision": 0.0,
            "recall": 0.0,
            "f1": 0.0,
            "number": 21
        },
        "counts": {
            "reals": {
                "O": 29
            },
            "preds": {
                "O": 29
            }
        }
    },
    "RD_D": {
        "metrics": {
            "precision": 0.0,
            "recall": 0.0,
            "f1": 0.0,
            "number": 6
        },
        "counts": {
            "reals": {
                "O": 29
            },
            "preds": {
                "O": 29
            }
        }
    },
    "Ref_OtherPolicy": {
        "metrics": {
            "precision": 0.7682926829268293,
            "recall": 0.8181818181818182,
            "f1": 0.7924528301886793,
            "number": 154
        },