{
    "Addressee_default": {
        "metrics": {
            "precision": 0.6022944550669216,
            "recall": 0.6645569620253164,
            "f1": 0.6318956870611835,
            "number": 474
        },
        "counts": {
            "reals": {
                "O": 484,
                "B": 1,
                "I": 1
            },
            "preds": {
                "O": 483,
                "B": 2,
                "I": 1
            }
        }
    },
    "Addressee_monitored": {
        "metrics": {
            "precision": 0.5794392523364486,
            "recall": 0.4806201550387597,
            "f1": 0.5254237288135593,
            "number": 129
        },
        "counts": {
            "reals": {
                "O": 485,
                "B": 1
            },
            "preds": {
                "O": 486
            }
        }
    },
    "Addressee_resource": {
        "metrics": {
            "precision": 0.0,
            "recall": 0.0,
            "f1": 0.0,
            "number": 27
        },
        "counts": {
            "reals": {
                "O": 486
            },
            "preds": {
                "O": 486
            }
        }
    },
    "Addressee_sector": {
        "metrics": {
            "precision": 0.5450346420323325,
            "recall": 0.7306501547987616,
            "f1": 0.6243386243386244,
            "number": 323
        },
        "counts": {
            "reals": {
                "O": 482,
                "B": 4
            },
            "preds": {
                "O": 482,
                "B": 4
            }
        }
    },
    "App_LowCarbon": {
        "metrics": {
            "precision": 0.1357142857142857,
            "recall": 0.10857142857142857,
            "f1": 0.12063492063492062,
            "number": 175
        },
        "counts": {
            "reals": {
                "O": 476,
                "B": 3,
                "I": 7
            },
            "preds": {
                "O": 486
            }
        }
    },
    "App_Other": {
        "metrics": {
            "precision": 0.3,
            "recall": 0.16279069767441862,
            "f1": 0.21105527638190955,
            "number": 129
        },
        "counts": {
            "reals": {
                "O": 448,
                "B": 8,
                "I": 30
            },
            "preds": {
                "O": 477,
                "B": 8,
                "I": 1
            }
        }
    },
    "Authority_default": {
        "metrics": {
            "precision": 0.44324324324324327,
            "recall": 0.4632768361581921,
            "f1": 0.4530386740331491,
            "number": 177
        },
        "counts": {
            "reals": {
                "O": 483,
                "B": 3
            },
            "preds": {
                "O": 482,
                "B": 4
            }
        }
    },
    "Authority_established": {
        "metrics": {
            "precision": 0.0,
            "recall": 0.0,
            "f1": 0.0,
            "number": 1
        },
        "counts": {
            "reals": {
                "O": 486
            },
            "preds": {
                "O": 486
            }
        }
    },
    "Authority_legislative": {
        "metrics": {
            "precision": 0.7142857142857143,
            "recall": 0.37037037037037035,
            "f1": 0.4878048780487805,
            "number": 54
        },
        "counts": {
            "reals": {
                "O": 486
            },
            "preds": {
                "O": 486
            }
        }
    },
    "Authority_monitoring": {
        "metrics": {
            "precision": 0.6310679611650486,
            "recall": 0.8441558441558441,
            "f1": 0.7222222222222222,
            "number": 154
        },
        "counts": {
            "reals": {
                "O": 481,
                "B": 5
            },
            "preds": {
                "O": 480,
                "B": 6
            }
        }
    },
    "Edu_Outreach": {
        "metrics": {
            "precision": 0.1111111111111111,
            "recall": 0.05128205128205128,
            "f1": 0.07017543859649122,
            "number": 39
        },
        "counts": {
            "reals": {
                "O": 485,
                "B": 1
            },
            "preds": {
                "O": 486
            }
        }
    },
    "Energy_LowCarbon": {
        "metrics": {
            "precision": 0.6645367412140575,
            "recall": 0.7591240875912408,
            "f1": 0.7086882453151618,
            "number": 274
        },
        "counts": {
            "reals": {
                "O": 482,
                "B": 2,
                "I": 2
            },
            "preds": {
                "O": 485,
                "B": 1
            }
        }
    },
    "Energy_Other": {
        "metrics": {
            "precision": 0.5454545454545454,
            "recall": 0.1348314606741573,
            "f1": 0.2162162162162162,
            "number": 89
        },
        "counts": {
            "reals": {
                "O": 470,
                "B": 16
            },
            "preds": {
                "O": 481,
                "B": 4,
                "I": 1
            }
        }
    },
    "Form_monitoring": {
        "metrics": {
            "precision": 0.5528846153846154,
            "recall": 0.6388888888888888,
            "f1": 0.5927835051546392,
            "number": 360
        },
        "counts": {
            "reals": {
                "O": 457,
                "B": 8,
                "I": 21
            },
            "preds": {
                "O": 479,
                "B": 6,
                "I": 1
            }
        }
    },
    "Form_sanctioning": {
        "metrics": {
            "precision": 0.0,
            "recall": 0.0,
            "f1": 0.0,
            "number": 15
        },
        "counts": {
            "reals": {
                "O": 486
            },
            "preds": {
                "O": 486
            }
        }
    },
    "FrameworkPolicy": {
        "metrics": {
            "precision": 0.6730769230769231,
            "recall": 0.45454545454545453,
            "f1": 0.5426356589147286,
            "number": 77
        },
        "counts": {
            "reals": {
                "O": 486
            },
            "preds": {
                "O": 486
            }
        }
    },
    "Objective_QualIntention": {
        "metrics": {
            "precision": 0.16806722689075632,
            "recall": 0.2777777777777778,
            "f1": 0.20942408376963353,
            "number": 72
        },
        "counts": {
            "reals": {
                "O": 473,
                "B": 2,
                "I": 11
            },
            "preds": {
                "O": 486
            }
        }
    },
    "Objective_QualIntention_noCCM": {
        "metrics": {
            "precision": 0.08139534883720931,
            "recall": 0.14,
            "f1": 0.10294117647058824,
            "number": 50
        },
        "counts": {
            "reals": {
                "O": 486
            },
            "preds": {
                "O": 486
            }
        }
    },
    "Objective_QuantTarget": {
        "metrics": {
            "precision": 0.01818181818181818,
            "recall": 0.021739130434782608,
            "f1": 0.019801980198019802,
            "number": 46
        },
        "counts": {
            "reals": {
                "O": 486
            },
            "preds": {
                "O": 486
            }
        }
    },
    "Objective_QuantTarget_noCCM": {
        "metrics": {
            "overall_precision": 0.0,
            "overall_recall": 0.0,
            "overall_f1": 0.0,
            "overall_accuracy": 1.0
        },
        "counts": {
            "reals": {
                "O": 486
            },