{
    "Addressee_default": {
        "_": {
            "precision": 0.5576407506702413,
            "recall": 0.65,
            "f1": 0.6002886002886003,
            "number": 320
        },
        "overall_precision": 0.5576407506702413,
        "overall_recall": 0.65,
        "overall_f1": 0.6002886002886003,
        "overall_accuracy": 0.9859786540703758
    },
    "Addressee_monitored": {
        "_": {
            "precision": 0.48598130841121495,
            "recall": 0.4727272727272727,
            "f1": 0.4792626728110599,
            "number": 110
        },
        "overall_precision": 0.48598130841121495,
        "overall_recall": 0.4727272727272727,
        "overall_f1": 0.4792626728110599,
        "overall_accuracy": 0.9943197106042034
    },
    "Addressee_resource": {
        "_": {
            "precision": 0.0,
            "recall": 0.0,
            "f1": 0.0,
            "number": 24
        },
        "overall_precision": 0.0,
        "overall_recall": 0.0,
        "overall_f1": 0.0,
        "overall_accuracy": 0.9987144608209513
    },
    "Addressee_sector": {
        "_": {
            "precision": 0.5287009063444109,
            "recall": 0.7142857142857143,
            "f1": 0.6076388888888888,
            "number": 245
        },
        "overall_precision": 0.5287009063444109,
        "overall_recall": 0.7142857142857143,
        "overall_f1": 0.6076388888888888,
        "overall_accuracy": 0.9886693174683847
    },
    "Authority_default": {
        "_": {
            "precision": 0.5306122448979592,
            "recall": 0.5977011494252874,
            "f1": 0.5621621621621623,
            "number": 174
        },
        "overall_precision": 0.5306122448979592,
        "overall_recall": 0.5977011494252874,
        "overall_f1": 0.5621621621621623,
        "overall_accuracy": 0.9916290472061945
    },
    "Authority_established": {
        "_": {
            "precision": 0.0,
            "recall": 0.0,
            "f1": 0.0,
            "number": 18
        },
        "overall_precision": 0.0,
        "overall_recall": 0.0,
        "overall_f1": 0.0,
        "overall_accuracy": 0.9987443570809291
    },
    "Authority_legislative": {
        "_": {
            "precision": 0.6071428571428571,
            "recall": 0.425,
            "f1": 0.5,
            "number": 40
        },
        "overall_precision": 0.6071428571428571,
        "overall_recall": 0.425,
        "overall_f1": 0.5,
        "overall_accuracy": 0.9990732159406858
    },
    "Authority_monitoring": {
        "_": {
            "precision": 0.72,
            "recall": 0.7317073170731707,
            "f1": 0.7258064516129032,
            "number": 123
        },
        "overall_precision": 0.72,
        "overall_recall": 0.7317073170731707,
        "overall_f1": 0.7258064516129032,
        "overall_accuracy": 0.9973990253819247
    },
    "Edu_Outreach": {
        "_": {
            "precision": 0.18888888888888888,
            "recall": 0.32075471698113206,
            "f1": 0.2377622377622378,
            "number": 53
        },
        "overall_precision": 0.18888888888888888,
        "overall_recall": 0.32075471698113206,
        "overall_f1": 0.2377622377622378,
        "overall_accuracy": 0.9920176985859069
    },
    "Form_monitoring": {
        "_": {
            "precision": 0.42592592592592593,
            "recall": 0.5880681818181818,
            "f1": 0.4940334128878281,
            "number": 352
        },
        "overall_precision": 0.42592592592592593,
        "overall_recall": 0.5880681818181818,
        "overall_f1": 0.4940334128878281,
        "overall_accuracy": 0.9804179497144907
    },
    "Form_sanctioning": {
        "_": {
            "precision": 0.0,
            "recall": 0.0,
            "f1": 0.0,
            "number": 9
        },
        "overall_precision": 0.0,
        "overall_recall": 0.0,
        "overall_f1": 0.0,
        "overall_accuracy": 0.9994020748004425
    },
    "FrameworkPolicy": {
        "_": {
            "precision": 0.6041666666666666,
            "recall": 0.47540983606557374,
            "f1": 0.5321100917431192,
            "number": 61
        },
        "overall_precision": 0.6041666666666666,
        "overall_recall": 0.47540983606557374,
        "overall_f1": 0.5321100917431192,
        "overall_accuracy": 0.9974289216419026
    },
    "Objective_QualIntention": {
        "_": {
            "precision": 0.16,
            "recall": 0.16551724137931034,
            "f1": 0.16271186440677965,
            "number": 145
        },
        "overall_precision": 0.16,
        "overall_recall": 0.16551724137931034,
        "overall_f1": 0.16271186440677965,
        "overall_accuracy": 0.9730036772399773
    },
    "Objective_QualIntention_noCCM": {
        "_": {
            "precision": 0.0,
            "recall": 0.0,
            "f1": 0.0,
            "number": 45
        },
        "overall_precision": 0.0,
        "overall_recall": 0.0,
        "overall_f1": 0.0,
        "overall_accuracy": 0.9848126999312387
    },
    "Objective_QuantTarget": {
        "_": {
            "precision": 0.15873015873015872,
            "recall": 0.2702702702702703,
            "f1": 0.2,
            "number": 37
        },
        "overall_precision": 0.15873015873015872,
        "overall_recall": 0.2702702702702703,
        "overall_f1": 0.2,
        "overall_accuracy": 0.9889383838081856
    },
    "Objective_QuantTarget_noCCM": {
        "_": {
            "precision": 0.0,
            "recall": 0.0,
            "f1": 0.0,
            "number": 1
        },
        "overall_precision": 0.0,
        "overall_recall": 0.0,
        "overall_f1": 0.0,
        "overall_accuracy": 0.9997010374002212
    },
    "PublicInvt": {
        "_": {
            "precision": 0.0,
            "recall": 0.0,
            "f1": 0.0,
            "number": 29
        },
        "overall_precision": 0.0,
        "overall_recall": 0.0,
        "overall_f1": 0.0,
        "overall_accuracy": 0.997578402941792
    },
    "RD_D": {
        "_": {
            "precision": 0.0,
            "recall": 0.0,
            "f1": 0.0,
            "number": 2
        },
        "overall_precision": 0.0,
        "overall_recall": 0.0,
        "overall_f1": 0.0,
        "overall_accuracy": 0.9999402074800442
    },
    "Ref_OtherPolicy": {
        "_": {
            "precision": 0.5472636815920398,
            "recall": 0.8029197080291971,
            "f1": 0.6508875739644969,
            "number": 137
        },
        "overall_precision": 0.5472636815920398,
        "overall_recall": 0.8029197080291971,
        "overall_f1": 0.6508875739644969,
        "overall_accuracy": 0.9898651678674998
    },
    "Ref_PolicyAmended": {
        "_": {
            "precision": 0.14285714285714285,
            "recall": 0.038461538461538464,
            "f1": 0.060606060606060615,
            "number": 26
        },
        "overall_precision": 0.14285714285714285,
        "overall_recall": 0.038461538461538464,
        "overall_f1": 0.060606060606060615,
        "overall_accuracy": 0.995874316123053
    },
    "Ref_Strategy_Agreement": {
        "_": {
            "precision": 0.6,
            "recall": 0.2222222222222222,
            "f1": 0.32432432432432434,
            "number": 54
        },
        "overall_precision": 0.6,
        "overall_recall": 0.2222222222222222,
        "overall_f1": 0.32432432432432434,
        "overall_accuracy": 0.9946186732039822
    },
    "RegulatoryInstr": {
        "_": {
            "precision": 0.30985915492957744,
            "recall": 0.36666666666666664,
            "f1": 0.3358778625954198,
            "number": 240
        },
        "overall_precision": 0.30985915492957744,
        "overall_recall": 0.36666666666666664,
        "overall_f1": 0.3358778625954198,
        "overall_accuracy": 0.9804777422344465
    },
    "Resource_MonRevenues": {
        "_": {
            "precision": 0.0,
            "recall": 0.0,