{
    "Addressee_default": {
        "_": {
            "precision": 0.5617391304347826,
            "recall": 0.6646090534979424,
            "f1": 0.6088595664467483,
            "number": 486
        },
        "overall_precision": 0.5617391304347826,
        "overall_recall": 0.6646090534979424,
        "overall_f1": 0.6088595664467483,
        "overall_accuracy": 0.9826590968477563
    },
    "Addressee_monitored": {
        "_": {
            "precision": 0.546875,
            "recall": 0.3763440860215054,
            "f1": 0.445859872611465,
            "number": 93
        },
        "overall_precision": 0.546875,
        "overall_recall": 0.3763440860215054,
        "overall_f1": 0.445859872611465,
        "overall_accuracy": 0.9964605553839941
    },
    "Addressee_resource": {
        "_": {
            "precision": 0.0,
            "recall": 0.0,
            "f1": 0.0,
            "number": 51
        },
        "overall_precision": 0.0,
        "overall_recall": 0.0,
        "overall_f1": 0.0,
        "overall_accuracy": 0.9976720431384659
    },
    "Addressee_sector": {
        "_": {
            "precision": 0.49079754601226994,
            "recall": 0.5776173285198556,
            "f1": 0.5306799336650083,
            "number": 277
        },
        "overall_precision": 0.49079754601226994,
        "overall_recall": 0.5776173285198556,
        "overall_f1": 0.5306799336650083,
        "overall_accuracy": 0.9880038957645438
    },
    "Authority_default": {
        "_": {
            "precision": 0.38386308068459657,
            "recall": 0.7168949771689498,
            "f1": 0.5,
            "number": 219
        },
        "overall_precision": 0.38386308068459657,
        "overall_recall": 0.7168949771689498,
        "overall_f1": 0.5,
        "overall_accuracy": 0.9870774639523007
    },
    "Authority_established": {
        "_": {
            "precision": 0.0,
            "recall": 0.0,
            "f1": 0.0,
            "number": 31
        },
        "overall_precision": 0.0,
        "overall_recall": 0.0,
        "overall_f1": 0.0,
        "overall_accuracy": 0.9987647575836758
    },
    "Authority_legislative": {
        "_": {
            "precision": 0.7469879518072289,
            "recall": 0.9117647058823529,
            "f1": 0.8211920529801324,
            "number": 68
        },
        "overall_precision": 0.7469879518072289,
        "overall_recall": 0.9117647058823529,
        "overall_f1": 0.8211920529801324,
        "overall_accuracy": 0.9991923414970187
    },
    "Authority_monitoring": {
        "_": {
            "precision": 0.7241379310344828,
            "recall": 0.6176470588235294,
            "f1": 0.6666666666666667,
            "number": 136
        },
        "overall_precision": 0.7241379310344828,
        "overall_recall": 0.6176470588235294,
        "overall_f1": 0.6666666666666667,
        "overall_accuracy": 0.9969594032828942
    },
    "Edu_Outreach": {
        "_": {
            "precision": 0.02,
            "recall": 0.013157894736842105,
            "f1": 0.015873015873015872,
            "number": 76
        },
        "overall_precision": 0.02,
        "overall_recall": 0.013157894736842105,
        "overall_f1": 0.015873015873015872,
        "overall_accuracy": 0.9924935268546452
    },
    "Form_monitoring": {
        "_": {
            "precision": 0.5053304904051172,
            "recall": 0.5107758620689655,
            "f1": 0.5080385852090031,
            "number": 464
        },
        "overall_precision": 0.5053304904051172,
        "overall_recall": 0.5107758620689655,
        "overall_f1": 0.5080385852090031,
        "overall_accuracy": 0.9809962705180891
    },
    "Form_sanctioning": {
        "_": {
            "precision": 0.0,
            "recall": 0.0,
            "f1": 0.0,
            "number": 1
        },
        "overall_precision": 0.0,
        "overall_recall": 0.0,
        "overall_f1": 0.0,
        "overall_accuracy": 0.9999524906762952
    },
    "FrameworkPolicy": {
        "_": {
            "precision": 0.4444444444444444,
            "recall": 0.7536231884057971,
            "f1": 0.5591397849462365,
            "number": 69
        },
        "overall_precision": 0.4444444444444444,
        "overall_recall": 0.7536231884057971,
        "overall_f1": 0.5591397849462365,
        "overall_accuracy": 0.9954153502624891
    },
    "Objective_QualIntention": {
        "_": {
            "precision": 0.15,
            "recall": 0.24242424242424243,
            "f1": 0.18532818532818532,
            "number": 99
        },
        "overall_precision": 0.15,
        "overall_recall": 0.24242424242424243,
        "overall_f1": 0.18532818532818532,
        "overall_accuracy": 0.9827541154951659
    },
    "Objective_QualIntention_noCCM": {
        "_": {
            "precision": 0.0,
            "recall": 0.0,
            "f1": 0.0,
            "number": 38
        },
        "overall_precision": 0.0,
        "overall_recall": 0.0,
        "overall_f1": 0.0,
        "overall_accuracy": 0.9916146043661068
    },
    "Objective_QuantTarget": {
        "_": {
            "precision": 0.06086956521739131,
            "recall": 0.18421052631578946,
            "f1": 0.0915032679738562,
            "number": 38
        },
        "overall_precision": 0.06086956521739131,
        "overall_recall": 0.18421052631578946,
        "overall_f1": 0.0915032679738562,
        "overall_accuracy": 0.9896429674323586
    },
    "Objective_QuantTarget_noCCM": {
        "_": {
            "precision": 0.0,
            "recall": 0.0,
            "f1": 0.0,
            "number": 2
        },
        "overall_precision": 0.0,
        "overall_recall": 0.0,
        "overall_f1": 0.0,
        "overall_accuracy": 0.9997624533814761
    },
    "PublicInvt": {
        "_": {
            "precision": 0.2777777777777778,
            "recall": 0.25,
            "f1": 0.2631578947368421,
            "number": 20
        },
        "overall_precision": 0.2777777777777778,
        "overall_recall": 0.25,
        "overall_f1": 0.2631578947368421,
        "overall_accuracy": 0.9990498135259045
    },
    "RD_D": {
        "_": {
            "precision": 0.0,
            "recall": 0.0,
            "f1": 0.0,
            "number": 5
        },
        "overall_precision": 0.0,
        "overall_recall": 0.0,
        "overall_f1": 0.0,
        "overall_accuracy": 0.9996199254103618
    },
    "Ref_OtherPolicy": {
        "_": {
            "precision": 0.641860465116279,
            "recall": 0.7885714285714286,
            "f1": 0.7076923076923076,
            "number": 175
        },
        "overall_precision": 0.641860465116279,
        "overall_recall": 0.7885714285714286,
        "overall_f1": 0.7076923076923076,
        "overall_accuracy": 0.9923034895598262
    },
    "Ref_PolicyAmended": {
        "_": {
            "precision": 0.38095238095238093,
            "recall": 0.2962962962962963,
            "f1": 0.3333333333333333,
            "number": 27
        },
        "overall_precision": 0.38095238095238093,
        "overall_recall": 0.2962962962962963,
        "overall_f1": 0.3333333333333333,
        "overall_accuracy": 0.998527210965152
    },
    "Ref_Strategy_Agreement": {
        "_": {
            "precision": 0.3302752293577982,
            "recall": 0.46153846153846156,
            "f1": 0.3850267379679144,
            "number": 78
        },
        "overall_precision": 0.3302752293577982,
        "overall_recall": 0.46153846153846156,
        "overall_f1": 0.3850267379679144,
        "overall_accuracy": 0.9921609615887118
    },
    "RegulatoryInstr": {
        "_": {
            "precision": 0.41025641025641024,
            "recall": 0.4132841328413284,
            "f1": 0.41176470588235287,
            "number": 271
        },
        "overall_precision": 0.41025641025641024,
        "overall_recall": 0.4132841328413284,
        "overall_f1": 0.41176470588235287,