{
    "Addressee_default": {
        "_": {
            "precision": 0.5780141843971631,
            "recall": 0.6877637130801688,
            "f1": 0.628131021194605,
            "number": 474
        },
        "overall_precision": 0.5780141843971631,
        "overall_recall": 0.6877637130801688,
        "overall_f1": 0.628131021194605,
        "overall_accuracy": 0.981862970682981
    },
    "Addressee_monitored": {
        "_": {
            "precision": 0.5181818181818182,
            "recall": 0.4453125,
            "f1": 0.4789915966386554,
            "number": 128
        },
        "overall_precision": 0.5181818181818182,
        "overall_recall": 0.4453125,
        "overall_f1": 0.4789915966386554,
        "overall_accuracy": 0.9929076094312552
    },
    "Addressee_resource": {
        "_": {
            "precision": 0.0,
            "recall": 0.0,
            "f1": 0.0,
            "number": 28
        },
        "overall_precision": 0.0,
        "overall_recall": 0.0,
        "overall_f1": 0.0,
        "overall_accuracy": 0.9979155951381934
    },
    "Addressee_sector": {
        "_": {
            "precision": 0.5649202733485194,
            "recall": 0.7607361963190185,
            "f1": 0.6483660130718955,
            "number": 326
        },
        "overall_precision": 0.5649202733485194,
        "overall_recall": 0.7607361963190185,
        "overall_f1": 0.6483660130718955,
        "overall_accuracy": 0.9846782707560705
    },
    "Authority_default": {
        "_": {
            "precision": 0.35315985130111527,
            "recall": 0.5307262569832403,
            "f1": 0.42410714285714285,
            "number": 179
        },
        "overall_precision": 0.35315985130111527,
        "overall_recall": 0.5307262569832403,
        "overall_f1": 0.42410714285714285,
        "overall_accuracy": 0.9893343439538724
    },
    "Authority_established": {
        "_": {
            "precision": 0.0,
            "recall": 0.0,
            "f1": 0.0,
            "number": 1
        },
        "overall_precision": 0.0,
        "overall_recall": 0.0,
        "overall_f1": 0.0,
        "overall_accuracy": 0.9999458596139791
    },
    "Authority_legislative": {
        "_": {
            "precision": 0.7894736842105263,
            "recall": 0.5660377358490566,
            "f1": 0.6593406593406593,
            "number": 53
        },
        "overall_precision": 0.7894736842105263,
        "overall_recall": 0.5660377358490566,
        "overall_f1": 0.6593406593406593,
        "overall_accuracy": 0.9989713326656019
    },
    "Authority_monitoring": {
        "_": {
            "precision": 0.6405228758169934,
            "recall": 0.6447368421052632,
            "f1": 0.642622950819672,
            "number": 152
        },
        "overall_precision": 0.6405228758169934,
        "overall_recall": 0.6447368421052632,
        "overall_f1": 0.642622950819672,
        "overall_accuracy": 0.9962643133645543
    },
    "Edu_Outreach": {
        "_": {
            "precision": 0.0,
            "recall": 0.0,
            "f1": 0.0,
            "number": 40
        },
        "overall_precision": 0.0,
        "overall_recall": 0.0,
        "overall_f1": 0.0,
        "overall_accuracy": 0.9963455239435857
    },
    "Form_monitoring": {
        "_": {
            "precision": 0.5377358490566038,
            "recall": 0.6229508196721312,
            "f1": 0.5772151898734178,
            "number": 366
        },
        "overall_precision": 0.5377358490566038,
        "overall_recall": 0.6229508196721312,
        "overall_f1": 0.5772151898734178,
        "overall_accuracy": 0.9888741506726942
    },
    "Form_sanctioning": {
        "_": {
            "precision": 0.0,
            "recall": 0.0,
            "f1": 0.0,
            "number": 16
        },
        "overall_precision": 0.0,
        "overall_recall": 0.0,
        "overall_f1": 0.0,
        "overall_accuracy": 0.9958853306624076
    },
    "FrameworkPolicy": {
        "_": {
            "precision": 0.5689655172413793,
            "recall": 0.4342105263157895,
            "f1": 0.49253731343283585,
            "number": 76
        },
        "overall_precision": 0.5689655172413793,
        "overall_recall": 0.4342105263157895,
        "overall_f1": 0.49253731343283585,
        "overall_accuracy": 0.9972388403129314
    },
    "Objective_QualIntention": {
        "_": {
            "precision": 0.0707070707070707,
            "recall": 0.09722222222222222,
            "f1": 0.08187134502923976,
            "number": 72
        },
        "overall_precision": 0.0707070707070707,
        "overall_recall": 0.09722222222222222,
        "overall_f1": 0.08187134502923976,
        "overall_accuracy": 0.9866543948458353
    },
    "Objective_QualIntention_noCCM": {
        "_": {
            "precision": 0.0,
            "recall": 0.0,
            "f1": 0.0,
            "number": 53
        },
        "overall_precision": 0.0,
        "overall_recall": 0.0,
        "overall_f1": 0.0,
        "overall_accuracy": 0.9835413226496305
    },
    "Objective_QuantTarget": {
        "_": {
            "precision": 0.024390243902439025,
            "recall": 0.021739130434782608,
            "f1": 0.02298850574712644,
            "number": 46
        },
        "overall_precision": 0.024390243902439025,
        "overall_recall": 0.021739130434782608,
        "overall_f1": 0.02298850574712644,
        "overall_accuracy": 0.9893072737608619
    },
    "Objective_QuantTarget_noCCM": {
        "overall_precision": 0.0,
        "overall_recall": 0.0,
        "overall_f1": 0.0,
        "overall_accuracy": 1.0
    },
    "PublicInvt": {
        "_": {
            "precision": 0.0,
            "recall": 0.0,
            "f1": 0.0,
            "number": 24
        },
        "overall_precision": 0.0,
        "overall_recall": 0.0,
        "overall_f1": 0.0,
        "overall_accuracy": 0.9985111393844238
    },
    "RD_D": {
        "_": {
            "precision": 0.0,
            "recall": 0.0,
            "f1": 0.0,
            "number": 2
        },
        "overall_precision": 0.0,
        "overall_recall": 0.0,
        "overall_f1": 0.0,
        "overall_accuracy": 0.9999187894209686
    },
    "Ref_OtherPolicy": {
        "_": {
            "precision": 0.6345177664974619,
            "recall": 0.7352941176470589,
            "f1": 0.6811989100817439,
            "number": 170
        },
        "overall_precision": 0.6345177664974619,
        "overall_recall": 0.7352941176470589,
        "overall_f1": 0.6811989100817439,
        "overall_accuracy": 0.99033594109526
    },
    "Ref_PolicyAmended": {
        "_": {
            "precision": 0.08333333333333333,
            "recall": 0.023809523809523808,
            "f1": 0.037037037037037035,
            "number": 42
        },
        "overall_precision": 0.08333333333333333,
        "overall_recall": 0.023809523809523808,
        "overall_f1": 0.037037037037037035,
        "overall_accuracy": 0.9933136623264124
    },
    "Ref_Strategy_Agreement": {
        "_": {
            "precision": 0.3888888888888889,
            "recall": 0.4117647058823529,
            "f1": 0.39999999999999997,
            "number": 34
        },
        "overall_precision": 0.3888888888888889,
        "overall_recall": 0.4117647058823529,
        "overall_f1": 0.39999999999999997,
        "overall_accuracy": 0.9972929806989523
    },
    "RegulatoryInstr": {
        "_": {
            "precision": 0.4602649006622517,
            "recall": 0.41124260355029585,
            "f1": 0.434375,
            "number": 338
        },
        "overall_precision": 0.4602649006622517,
        "overall_recall": 0.41124260355029585,
        "overall_f1": 0.434375,
        "overall_accuracy": 0.9830269889824315
    },
    "Resource_MonRevenues": {
        "_": {
            "precision": 0.0,
            "recall": 0.0,
            "f1": 0.0,
            "number": 10
        },