{
    "Addressee_default": {
        "_": {
            "precision": 0.5753968253968254,
            "recall": 0.605427974947808,
            "f1": 0.590030518819939,
            "number": 479
        },
        "overall_precision": 0.5753968253968254,
        "overall_recall": 0.605427974947808,
        "overall_f1": 0.590030518819939,
        "overall_accuracy": 0.9835803545480964
    },
    "Addressee_monitored": {
        "_": {
            "precision": 0.4,
            "recall": 0.7228915662650602,
            "f1": 0.5150214592274678,
            "number": 83
        },
        "overall_precision": 0.4,
        "overall_recall": 0.7228915662650602,
        "overall_f1": 0.5150214592274678,
        "overall_accuracy": 0.995834544221641
    },
    "Addressee_resource": {
        "_": {
            "precision": 0.0,
            "recall": 0.0,
            "f1": 0.0,
            "number": 48
        },
        "overall_precision": 0.0,
        "overall_recall": 0.0,
        "overall_f1": 0.0,
        "overall_accuracy": 0.9977477477477478
    },
    "Addressee_sector": {
        "_": {
            "precision": 0.425,
            "recall": 0.5773584905660377,
            "f1": 0.48960000000000004,
            "number": 265
        },
        "overall_precision": 0.425,
        "overall_recall": 0.5773584905660377,
        "overall_f1": 0.48960000000000004,
        "overall_accuracy": 0.9869950595757048
    },
    "Authority_default": {
        "_": {
            "precision": 0.4861111111111111,
            "recall": 0.33816425120772947,
            "f1": 0.39886039886039887,
            "number": 207
        },
        "overall_precision": 0.4861111111111111,
        "overall_recall": 0.33816425120772947,
        "overall_f1": 0.39886039886039887,
        "overall_accuracy": 0.9918143950402015
    },
    "Authority_established": {
        "_": {
            "precision": 0.0,
            "recall": 0.0,
            "f1": 0.0,
            "number": 27
        },
        "overall_precision": 0.0,
        "overall_recall": 0.0,
        "overall_f1": 0.0,
        "overall_accuracy": 0.9985953695631115
    },
    "Authority_legislative": {
        "_": {
            "precision": 0.6666666666666666,
            "recall": 0.3508771929824561,
            "f1": 0.4597701149425287,
            "number": 57
        },
        "overall_precision": 0.6666666666666666,
        "overall_recall": 0.3508771929824561,
        "overall_f1": 0.4597701149425287,
        "overall_accuracy": 0.9984742807323452
    },
    "Authority_monitoring": {
        "_": {
            "precision": 0.563953488372093,
            "recall": 0.6928571428571428,
            "f1": 0.6217948717948719,
            "number": 140
        },
        "overall_precision": 0.563953488372093,
        "overall_recall": 0.6928571428571428,
        "overall_f1": 0.6217948717948719,
        "overall_accuracy": 0.996609512738545
    },
    "Edu_Outreach": {
        "_": {
            "precision": 0.023255813953488372,
            "recall": 0.014285714285714285,
            "f1": 0.017699115044247787,
            "number": 70
        },
        "overall_precision": 0.023255813953488372,
        "overall_recall": 0.014285714285714285,
        "overall_f1": 0.017699115044247787,
        "overall_accuracy": 0.993315896541703
    },
    "Form_monitoring": {
        "_": {
            "precision": 0.42083333333333334,
            "recall": 0.4519015659955257,
            "f1": 0.43581445523193096,
            "number": 447
        },
        "overall_precision": 0.42083333333333334,
        "overall_recall": 0.4519015659955257,
        "overall_f1": 0.43581445523193096,
        "overall_accuracy": 0.9795359876005038
    },
    "Form_sanctioning": {
        "_": {
            "precision": 0.0,
            "recall": 0.0,
            "f1": 0.0,
            "number": 2
        },
        "overall_precision": 0.0,
        "overall_recall": 0.0,
        "overall_f1": 0.0,
        "overall_accuracy": 0.999903128935387
    },
    "FrameworkPolicy": {
        "_": {
            "precision": 0.5652173913043478,
            "recall": 0.7027027027027027,
            "f1": 0.6265060240963856,
            "number": 74
        },
        "overall_precision": 0.5652173913043478,
        "overall_recall": 0.7027027027027027,
        "overall_f1": 0.6265060240963856,
        "overall_accuracy": 0.9958829797539475
    },
    "Objective_QualIntention": {
        "_": {
            "precision": 0.14166666666666666,
            "recall": 0.17894736842105263,
            "f1": 0.15813953488372093,
            "number": 95
        },
        "overall_precision": 0.14166666666666666,
        "overall_recall": 0.17894736842105263,
        "overall_f1": 0.15813953488372093,
        "overall_accuracy": 0.9849607672188317
    },
    "Objective_QualIntention_noCCM": {
        "_": {
            "precision": 0.09090909090909091,
            "recall": 0.08823529411764706,
            "f1": 0.08955223880597016,
            "number": 34
        },
        "overall_precision": 0.09090909090909091,
        "overall_recall": 0.08823529411764706,
        "overall_f1": 0.08955223880597016,
        "overall_accuracy": 0.9915479996125157
    },
    "Objective_QuantTarget": {
        "_": {
            "precision": 0.09090909090909091,
            "recall": 0.09375,
            "f1": 0.0923076923076923,
            "number": 32
        },
        "overall_precision": 0.09090909090909091,
        "overall_recall": 0.09375,
        "overall_f1": 0.0923076923076923,
        "overall_accuracy": 0.9928799767509445
    },
    "Objective_QuantTarget_noCCM": {
        "_": {
            "precision": 0.0,
            "recall": 0.0,
            "f1": 0.0,
            "number": 1
        },
        "overall_precision": 0.0,
        "overall_recall": 0.0,
        "overall_f1": 0.0,
        "overall_accuracy": 0.9998789111692338
    },
    "PublicInvt": {
        "_": {
            "precision": 0.0,
            "recall": 0.0,
            "f1": 0.0,
            "number": 15
        },
        "overall_precision": 0.0,
        "overall_recall": 0.0,
        "overall_f1": 0.0,
        "overall_accuracy": 0.9990555071200232
    },
    "RD_D": {
        "_": {
            "precision": 0.0,
            "recall": 0.0,
            "f1": 0.0,
            "number": 3
        },
        "overall_precision": 0.0,
        "overall_recall": 0.0,
        "overall_f1": 0.0,
        "overall_accuracy": 0.9997578223384675
    },
    "Ref_OtherPolicy": {
        "_": {
            "precision": 0.5409090909090909,
            "recall": 0.68,
            "f1": 0.6025316455696202,
            "number": 175
        },
        "overall_precision": 0.5409090909090909,
        "overall_recall": 0.68,
        "overall_f1": 0.6025316455696202,
        "overall_accuracy": 0.9931948077109367
    },
    "Ref_PolicyAmended": {
        "_": {
            "precision": 0.13333333333333333,
            "recall": 0.18181818181818182,
            "f1": 0.15384615384615383,
            "number": 22
        },
        "overall_precision": 0.13333333333333333,
        "overall_recall": 0.18181818181818182,
        "overall_f1": 0.15384615384615383,
        "overall_accuracy": 0.9981836675385063
    },
    "Ref_Strategy_Agreement": {
        "_": {
            "precision": 0.5205479452054794,
            "recall": 0.475,
            "f1": 0.49673202614379086,
            "number": 80
        },
        "overall_precision": 0.5205479452054794,
        "overall_recall": 0.475,
        "overall_f1": 0.49673202614379086,
        "overall_accuracy": 0.993509638670929
    },
    "RegulatoryInstr": {
        "_": {
            "precision": 0.35135135135135137,
            "recall": 0.319672131147541,
            "f1": 0.3347639484978541,
            "number": 244
        },
        "overall_precision": 0.35135135135135137,
        "overall_recall": 0.319672131147541,
        "overall_f1": 0.3347639484978541,