{
    "Addressee_default": {
        "_": {
            "precision": 0.6244635193133047,
            "recall": 0.6037344398340249,
            "f1": 0.6139240506329113,
            "number": 482
        },
        "overall_precision": 0.6244635193133047,
        "overall_recall": 0.6037344398340249,
        "overall_f1": 0.6139240506329113,
        "overall_accuracy": 0.98208408535938
    },
    "Addressee_monitored": {
        "_": {
            "precision": 0.6172839506172839,
            "recall": 0.390625,
            "f1": 0.47846889952153104,
            "number": 128
        },
        "overall_precision": 0.6172839506172839,
        "overall_recall": 0.390625,
        "overall_f1": 0.47846889952153104,
        "overall_accuracy": 0.9944261598895848
    },
    "Addressee_resource": {
        "_": {
            "precision": 0.0,
            "recall": 0.0,
            "f1": 0.0,
            "number": 24
        },
        "overall_precision": 0.0,
        "overall_recall": 0.0,
        "overall_f1": 0.0,
        "overall_accuracy": 0.9981951374880561
    },
    "Addressee_sector": {
        "_": {
            "precision": 0.5584112149532711,
            "recall": 0.7492163009404389,
            "f1": 0.6398929049531459,
            "number": 319
        },
        "overall_precision": 0.5584112149532711,
        "overall_recall": 0.7492163009404389,
        "overall_f1": 0.6398929049531459,
        "overall_accuracy": 0.9853222210425735
    },
    "Authority_default": {
        "_": {
            "precision": 0.5510204081632653,
            "recall": 0.4175257731958763,
            "f1": 0.47507331378299117,
            "number": 194
        },
        "overall_precision": 0.5510204081632653,
        "overall_recall": 0.4175257731958763,
        "overall_f1": 0.47507331378299117,
        "overall_accuracy": 0.992833634143752
    },
    "Authority_established": {
        "_": {
            "precision": 0.0,
            "recall": 0.0,
            "f1": 0.0,
            "number": 2
        },
        "overall_precision": 0.0,
        "overall_recall": 0.0,
        "overall_f1": 0.0,
        "overall_accuracy": 0.9998938316169445
    },
    "Authority_legislative": {
        "_": {
            "precision": 0.7777777777777778,
            "recall": 0.6363636363636364,
            "f1": 0.7000000000000001,
            "number": 55
        },
        "overall_precision": 0.7777777777777778,
        "overall_recall": 0.6363636363636364,
        "overall_f1": 0.7000000000000001,
        "overall_accuracy": 0.9990444845525003
    },
    "Authority_monitoring": {
        "_": {
            "precision": 0.7204968944099379,
            "recall": 0.7631578947368421,
            "f1": 0.7412140575079874,
            "number": 152
        },
        "overall_precision": 0.7204968944099379,
        "overall_recall": 0.7631578947368421,
        "overall_f1": 0.7412140575079874,
        "overall_accuracy": 0.9971069115617369
    },
    "Edu_Outreach": {
        "_": {
            "precision": 0.0967741935483871,
            "recall": 0.07692307692307693,
            "f1": 0.08571428571428572,
            "number": 39
        },
        "overall_precision": 0.0967741935483871,
        "overall_recall": 0.07692307692307693,
        "overall_f1": 0.08571428571428572,
        "overall_accuracy": 0.99596560144389
    },
    "Form_monitoring": {
        "_": {
            "precision": 0.5231788079470199,
            "recall": 0.6286472148541115,
            "f1": 0.5710843373493976,
            "number": 377
        },
        "overall_precision": 0.5231788079470199,
        "overall_recall": 0.6286472148541115,
        "overall_f1": 0.5710843373493976,
        "overall_accuracy": 0.988348019959656
    },
    "Form_sanctioning": {
        "_": {
            "precision": 0.0,
            "recall": 0.0,
            "f1": 0.0,
            "number": 15
        },
        "overall_precision": 0.0,
        "overall_recall": 0.0,
        "overall_f1": 0.0,
        "overall_accuracy": 0.9959921435396539
    },
    "FrameworkPolicy": {
        "_": {
            "precision": 0.671875,
            "recall": 0.524390243902439,
            "f1": 0.589041095890411,
            "number": 82
        },
        "overall_precision": 0.671875,
        "overall_recall": 0.524390243902439,
        "overall_f1": 0.589041095890411,
        "overall_accuracy": 0.9970538273702092
    },
    "Objective_QualIntention": {
        "_": {
            "precision": 0.2184873949579832,
            "recall": 0.33766233766233766,
            "f1": 0.2653061224489796,
            "number": 77
        },
        "overall_precision": 0.2184873949579832,
        "overall_recall": 0.33766233766233766,
        "overall_f1": 0.2653061224489796,
        "overall_accuracy": 0.9892239091198641
    },
    "Objective_QualIntention_noCCM": {
        "_": {
            "precision": 0.024390243902439025,
            "recall": 0.017543859649122806,
            "f1": 0.020408163265306124,
            "number": 57
        },
        "overall_precision": 0.024390243902439025,
        "overall_recall": 0.017543859649122806,
        "overall_f1": 0.020408163265306124,
        "overall_accuracy": 0.9872067098418091
    },
    "Objective_QuantTarget": {
        "_": {
            "precision": 0.057692307692307696,
            "recall": 0.06666666666666667,
            "f1": 0.061855670103092786,
            "number": 45
        },
        "overall_precision": 0.057692307692307696,
        "overall_recall": 0.06666666666666667,
        "overall_f1": 0.061855670103092786,
        "overall_accuracy": 0.9910553137275719
    },
    "Objective_QuantTarget_noCCM": {
        "overall_precision": 0.0,
        "overall_recall": 0.0,
        "overall_f1": 0.0,
        "overall_accuracy": 1.0
    },
    "PublicInvt": {
        "_": {
            "precision": 0.0,
            "recall": 0.0,
            "f1": 0.0,
            "number": 24
        },
        "overall_precision": 0.0,
        "overall_recall": 0.0,
        "overall_f1": 0.0,
        "overall_accuracy": 0.9984871005414587
    },
    "RD_D": {
        "_": {
            "precision": 0.0,
            "recall": 0.0,
            "f1": 0.0,
            "number": 3
        },
        "overall_precision": 0.0,
        "overall_recall": 0.0,
        "overall_f1": 0.0,
        "overall_accuracy": 0.9998938316169445
    },
    "Ref_OtherPolicy": {
        "_": {
            "precision": 0.5879629629629629,
            "recall": 0.7426900584795322,
            "f1": 0.656330749354005,
            "number": 171
        },
        "overall_precision": 0.5879629629629629,
        "overall_recall": 0.7426900584795322,
        "overall_f1": 0.656330749354005,
        "overall_accuracy": 0.9907368085784054
    },
    "Ref_PolicyAmended": {
        "_": {
            "precision": 0.23076923076923078,
            "recall": 0.1276595744680851,
            "f1": 0.1643835616438356,
            "number": 47
        },
        "overall_precision": 0.23076923076923078,
        "overall_recall": 0.1276595744680851,
        "overall_f1": 0.1643835616438356,
        "overall_accuracy": 0.994399617793821
    },
    "Ref_Strategy_Agreement": {
        "_": {
            "precision": 0.3157894736842105,
            "recall": 0.35294117647058826,
            "f1": 0.33333333333333337,
            "number": 34
        },
        "overall_precision": 0.3157894736842105,
        "overall_recall": 0.35294117647058826,
        "overall_f1": 0.33333333333333337,
        "overall_accuracy": 0.996416817071876
    },
    "RegulatoryInstr": {
        "_": {
            "precision": 0.4854586129753915,
            "recall": 0.6235632183908046,
            "f1": 0.5459119496855346,
            "number": 348
        },
        "overall_precision": 0.4854586129753915,
        "overall_recall": 0.6235632183908046,
        "overall_f1": 0.5459119496855346,
        "overall_accuracy": 0.9837562373925045
    },