{
    "Addressee_default": {
        "_": {
            "precision": 0.5628865979381443,
            "recall": 0.6642335766423357,
            "f1": 0.6093749999999999,
            "number": 411
        },
        "overall_precision": 0.5628865979381443,
        "overall_recall": 0.6642335766423357,
        "overall_f1": 0.6093749999999999,
        "overall_accuracy": 0.9860883177216149
    },
    "Addressee_monitored": {
        "_": {
            "precision": 0.5242718446601942,
            "recall": 0.4909090909090909,
            "f1": 0.5070422535211268,
            "number": 110
        },
        "overall_precision": 0.5242718446601942,
        "overall_recall": 0.4909090909090909,
        "overall_f1": 0.5070422535211268,
        "overall_accuracy": 0.9955563410508244
    },
    "Addressee_resource": {
        "_": {
            "precision": 0.0,
            "recall": 0.0,
            "f1": 0.0,
            "number": 37
        },
        "overall_precision": 0.0,
        "overall_recall": 0.0,
        "overall_f1": 0.0,
        "overall_accuracy": 0.9980558992097357
    },
    "Addressee_sector": {
        "_": {
            "precision": 0.5784313725490197,
            "recall": 0.7129909365558912,
            "f1": 0.6387009472259811,
            "number": 331
        },
        "overall_precision": 0.5784313725490197,
        "overall_recall": 0.7129909365558912,
        "overall_f1": 0.6387009472259811,
        "overall_accuracy": 0.9875274572676547
    },
    "Authority_default": {
        "_": {
            "precision": 0.5163934426229508,
            "recall": 0.36,
            "f1": 0.42424242424242425,
            "number": 175
        },
        "overall_precision": 0.5163934426229508,
        "overall_recall": 0.36,
        "overall_f1": 0.42424242424242425,
        "overall_accuracy": 0.9924255813366324
    },
    "Authority_established": {
        "_": {
            "precision": 0.0,
            "recall": 0.0,
            "f1": 0.0,
            "number": 18
        },
        "overall_precision": 0.0,
        "overall_recall": 0.0,
        "overall_f1": 0.0,
        "overall_accuracy": 0.9988638372004949
    },
    "Authority_legislative": {
        "_": {
            "precision": 0.8333333333333334,
            "recall": 0.5102040816326531,
            "f1": 0.6329113924050633,
            "number": 49
        },
        "overall_precision": 0.8333333333333334,
        "overall_recall": 0.5102040816326531,
        "overall_f1": 0.6329113924050633,
        "overall_accuracy": 0.9990910697603959
    },
    "Authority_monitoring": {
        "_": {
            "precision": 0.7290322580645161,
            "recall": 0.6848484848484848,
            "f1": 0.7062499999999999,
            "number": 165
        },
        "overall_precision": 0.7290322580645161,
        "overall_recall": 0.6848484848484848,
        "overall_f1": 0.7062499999999999,
        "overall_accuracy": 0.9971469689701316
    },
    "Edu_Outreach": {
        "_": {
            "precision": 0.0,
            "recall": 0.0,
            "f1": 0.0,
            "number": 50
        },
        "overall_precision": 0.0,
        "overall_recall": 0.0,
        "overall_f1": 0.0,
        "overall_accuracy": 0.9939152170070947
    },
    "Form_monitoring": {
        "_": {
            "precision": 0.4291417165668663,
            "recall": 0.636094674556213,
            "f1": 0.5125148986889154,
            "number": 338
        },
        "overall_precision": 0.4291417165668663,
        "overall_recall": 0.636094674556213,
        "overall_f1": 0.5125148986889154,
        "overall_accuracy": 0.9822001161410862
    },
    "Form_sanctioning": {
        "_": {
            "precision": 0.0,
            "recall": 0.0,
            "f1": 0.0,
            "number": 12
        },
        "overall_precision": 0.0,
        "overall_recall": 0.0,
        "overall_f1": 0.0,
        "overall_accuracy": 0.9987375968894388
    },
    "FrameworkPolicy": {
        "_": {
            "precision": 0.7818181818181819,
            "recall": 0.6935483870967742,
            "f1": 0.7350427350427351,
            "number": 62
        },
        "overall_precision": 0.7818181818181819,
        "overall_recall": 0.6935483870967742,
        "overall_f1": 0.7350427350427351,
        "overall_accuracy": 0.9985103643295377
    },
    "Objective_QualIntention": {
        "_": {
            "precision": 0.15306122448979592,
            "recall": 0.22727272727272727,
            "f1": 0.1829268292682927,
            "number": 132
        },
        "overall_precision": 0.15306122448979592,
        "overall_recall": 0.22727272727272727,
        "overall_f1": 0.1829268292682927,
        "overall_accuracy": 0.9810134572171586
    },
    "Objective_QualIntention_noCCM": {
        "_": {
            "precision": 0.0,
            "recall": 0.0,
            "f1": 0.0,
            "number": 45
        },
        "overall_precision": 0.0,
        "overall_recall": 0.0,
        "overall_f1": 0.0,
        "overall_accuracy": 0.9865175347792057
    },
    "Objective_QuantTarget": {
        "_": {
            "precision": 0.03669724770642202,
            "recall": 0.10526315789473684,
            "f1": 0.05442176870748299,
            "number": 38
        },
        "overall_precision": 0.03669724770642202,
        "overall_recall": 0.10526315789473684,
        "overall_f1": 0.05442176870748299,
        "overall_accuracy": 0.9850783952331659
    },
    "Objective_QuantTarget_noCCM": {
        "_": {
            "precision": 0.0,
            "recall": 0.0,
            "f1": 0.0,
            "number": 1
        },
        "overall_precision": 0.0,
        "overall_recall": 0.0,
        "overall_f1": 0.0,
        "overall_accuracy": 0.9997475193778878
    },
    "PublicInvt": {
        "_": {
            "precision": 0.0,
            "recall": 0.0,
            "f1": 0.0,
            "number": 21
        },
        "overall_precision": 0.0,
        "overall_recall": 0.0,
        "overall_f1": 0.0,
        "overall_accuracy": 0.9987628449516499
    },
    "RD_D": {
        "_": {
            "precision": 0.0,
            "recall": 0.0,
            "f1": 0.0,
            "number": 4
        },
        "overall_precision": 0.0,
        "overall_recall": 0.0,
        "overall_f1": 0.0,
        "overall_accuracy": 0.9996465271290429
    },
    "Ref_OtherPolicy": {
        "_": {
            "precision": 0.6336633663366337,
            "recall": 0.8152866242038217,
            "f1": 0.713091922005571,
            "number": 157
        },
        "overall_precision": 0.6336633663366337,
        "overall_recall": 0.8152866242038217,
        "overall_f1": 0.713091922005571,
        "overall_accuracy": 0.9953796046153458
    },
    "Ref_PolicyAmended": {
        "_": {
            "precision": 0.3157894736842105,
            "recall": 0.2727272727272727,
            "f1": 0.2926829268292683,
            "number": 22
        },
        "overall_precision": 0.3157894736842105,
        "overall_recall": 0.2727272727272727,
        "overall_f1": 0.2926829268292683,
        "overall_accuracy": 0.9980054030853132
    },
    "Ref_Strategy_Agreement": {
        "_": {
            "precision": 0.4298245614035088,
            "recall": 0.6125,
            "f1": 0.5051546391752577,
            "number": 80
        },
        "overall_precision": 0.4298245614035088,
        "overall_recall": 0.6125,
        "overall_f1": 0.5051546391752577,
        "overall_accuracy": 0.9935869921983488
    },
    "RegulatoryInstr": {
        "_": {
            "precision": 0.332541567695962,
            "recall": 0.4697986577181208,
            "f1": 0.3894297635605007,
            "number": 298
        },
        "overall_precision": 0.332541567695962,
        "overall_recall": 0.4697986577181208,
        "overall_f1": 0.3894297635605007,
        "overall_accuracy": 0.9797258060443861
    },