{
    "Addressee_default": {
        "_": {
            "precision": 0.6903553299492385,
            "recall": 0.4610169491525424,
            "f1": 0.5528455284552846,
            "number": 590
        },
        "overall_precision": 0.6903553299492385,
        "overall_recall": 0.4610169491525424,
        "overall_f1": 0.5528455284552846,
        "overall_accuracy": 0.9835305545743553
    },
    "Addressee_monitored": {
        "_": {
            "precision": 0.4381443298969072,
            "recall": 0.7083333333333334,
            "f1": 0.5414012738853504,
            "number": 120
        },
        "overall_precision": 0.4381443298969072,
        "overall_recall": 0.7083333333333334,
        "overall_f1": 0.5414012738853504,
        "overall_accuracy": 0.994767749911692
    },
    "Addressee_resource": {
        "_": {
            "precision": 0.0,
            "recall": 0.0,
            "f1": 0.0,
            "number": 28
        },
        "overall_precision": 0.0,
        "overall_recall": 0.0,
        "overall_f1": 0.0,
        "overall_accuracy": 0.9984104556693748
    },
    "Addressee_sector": {
        "_": {
            "precision": 0.5510204081632653,
            "recall": 0.6156351791530945,
            "f1": 0.5815384615384616,
            "number": 307
        },
        "overall_precision": 0.5510204081632653,
        "overall_recall": 0.6156351791530945,
        "overall_f1": 0.5815384615384616,
        "overall_accuracy": 0.9905289650300247
    },
    "Authority_default": {
        "_": {
            "precision": 0.5942857142857143,
            "recall": 0.3727598566308244,
            "f1": 0.4581497797356829,
            "number": 279
        },
        "overall_precision": 0.5942857142857143,
        "overall_recall": 0.3727598566308244,
        "overall_f1": 0.4581497797356829,
        "overall_accuracy": 0.9917873542917697
    },
    "Authority_established": {
        "_": {
            "precision": 0.0,
            "recall": 0.0,
            "f1": 0.0,
            "number": 11
        },
        "overall_precision": 0.0,
        "overall_recall": 0.0,
        "overall_f1": 0.0,
        "overall_accuracy": 0.9995805369127517
    },
    "Authority_legislative": {
        "_": {
            "precision": 0.8571428571428571,
            "recall": 0.3870967741935484,
            "f1": 0.5333333333333333,
            "number": 62
        },
        "overall_precision": 0.8571428571428571,
        "overall_recall": 0.3870967741935484,
        "overall_f1": 0.5333333333333333,
        "overall_accuracy": 0.9990065347933592
    },
    "Authority_monitoring": {
        "_": {
            "precision": 0.5122950819672131,
            "recall": 0.7621951219512195,
            "f1": 0.6127450980392157,
            "number": 164
        },
        "overall_precision": 0.5122950819672131,
        "overall_recall": 0.7621951219512195,
        "overall_f1": 0.6127450980392157,
        "overall_accuracy": 0.9950989049805722
    },
    "Edu_Outreach": {
        "_": {
            "precision": 0.2972972972972973,
            "recall": 0.09649122807017543,
            "f1": 0.1456953642384106,
            "number": 114
        },
        "overall_precision": 0.2972972972972973,
        "overall_recall": 0.09649122807017543,
        "overall_f1": 0.1456953642384106,
        "overall_accuracy": 0.9911471211586012
    },
    "Form_monitoring": {
        "_": {
            "precision": 0.4854202401372213,
            "recall": 0.5970464135021097,
            "f1": 0.5354777672658467,
            "number": 474
        },
        "overall_precision": 0.4854202401372213,
        "overall_recall": 0.5970464135021097,
        "overall_f1": 0.5354777672658467,
        "overall_accuracy": 0.9836850936064995
    },
    "Form_sanctioning": {
        "_": {
            "precision": 0.0,
            "recall": 0.0,
            "f1": 0.0,
            "number": 15
        },
        "overall_precision": 0.0,
        "overall_recall": 0.0,
        "overall_f1": 0.0,
        "overall_accuracy": 0.9994039208760156
    },
    "FrameworkPolicy": {
        "_": {
            "precision": 0.8297872340425532,
            "recall": 0.6190476190476191,
            "f1": 0.7090909090909091,
            "number": 63
        },
        "overall_precision": 0.8297872340425532,
        "overall_recall": 0.6190476190476191,
        "overall_f1": 0.7090909090909091,
        "overall_accuracy": 0.9982117626280467
    },
    "Objective_QualIntention": {
        "_": {
            "precision": 0.018518518518518517,
            "recall": 0.008771929824561403,
            "f1": 0.011904761904761904,
            "number": 114
        },
        "overall_precision": 0.018518518518518517,
        "overall_recall": 0.008771929824561403,
        "overall_f1": 0.011904761904761904,
        "overall_accuracy": 0.9816540091840339
    },
    "Objective_QualIntention_noCCM": {
        "_": {
            "precision": 0.03571428571428571,
            "recall": 0.012048192771084338,
            "f1": 0.01801801801801802,
            "number": 83
        },
        "overall_precision": 0.03571428571428571,
        "overall_recall": 0.012048192771084338,
        "overall_f1": 0.01801801801801802,
        "overall_accuracy": 0.98445778876722
    },
    "Objective_QuantTarget": {
        "_": {
            "precision": 0.0,
            "recall": 0.0,
            "f1": 0.0,
            "number": 11
        },
        "overall_precision": 0.0,
        "overall_recall": 0.0,
        "overall_f1": 0.0,
        "overall_accuracy": 0.9966001412928294
    },
    "Objective_QuantTarget_noCCM": {
        "overall_precision": 0.0,
        "overall_recall": 0.0,
        "overall_f1": 0.0,
        "overall_accuracy": 1.0
    },
    "PublicInvt": {
        "_": {
            "precision": 0.0,
            "recall": 0.0,
            "f1": 0.0,
            "number": 11
        },
        "overall_precision": 0.0,
        "overall_recall": 0.0,
        "overall_f1": 0.0,
        "overall_accuracy": 0.9994259978806076
    },
    "RD_D": {
        "_": {
            "precision": 0.0,
            "recall": 0.0,
            "f1": 0.0,
            "number": 5
        },
        "overall_precision": 0.0,
        "overall_recall": 0.0,
        "overall_f1": 0.0,
        "overall_accuracy": 0.9997571529494879
    },
    "Ref_OtherPolicy": {
        "_": {
            "precision": 0.6710526315789473,
            "recall": 0.5964912280701754,
            "f1": 0.6315789473684209,
            "number": 171
        },
        "overall_precision": 0.6710526315789473,
        "overall_recall": 0.5964912280701754,
        "overall_f1": 0.6315789473684209,
        "overall_accuracy": 0.9914341222182974
    },
    "Ref_PolicyAmended": {
        "_": {
            "precision": 0.09090909090909091,
            "recall": 0.05,
            "f1": 0.06451612903225806,
            "number": 20
        },
        "overall_precision": 0.09090909090909091,
        "overall_recall": 0.05,
        "overall_f1": 0.06451612903225806,
        "overall_accuracy": 0.9978806075591664
    },
    "Ref_Strategy_Agreement": {
        "_": {
            "precision": 0.42857142857142855,
            "recall": 0.2465753424657534,
            "f1": 0.3130434782608696,
            "number": 73
        },
        "overall_precision": 0.42857142857142855,
        "overall_recall": 0.2465753424657534,
        "overall_f1": 0.3130434782608696,
        "overall_accuracy": 0.9927587424938185
    },
    "RegulatoryInstr": {
        "_": {
            "precision": 0.4532871972318339,
            "recall": 0.3060747663551402,
            "f1": 0.36541143654114366,
            "number": 428
        },
        "overall_precision": 0.4532871972318339,
        "overall_recall": 0.3060747663551402,
        "overall_f1": 0.36541143654114366,
        "overall_accuracy": 0.9839500176616037
    },
    "Resource_MonRevenues": {
        "_": {
            "precision": 0.0,