{
    "Addressee_default": {
        "_": {
            "precision": 0.5779816513761468,
            "recall": 0.6310517529215359,
            "f1": 0.6033519553072626,
            "number": 599
        },
        "overall_precision": 0.5779816513761468,
        "overall_recall": 0.6310517529215359,
        "overall_f1": 0.6033519553072626,
        "overall_accuracy": 0.9830923739101645
    },
    "Addressee_monitored": {
        "_": {
            "precision": 0.4228187919463087,
            "recall": 0.5,
            "f1": 0.4581818181818182,
            "number": 126
        },
        "overall_precision": 0.4228187919463087,
        "overall_recall": 0.5,
        "overall_f1": 0.4581818181818182,
        "overall_accuracy": 0.9944156274141926
    },
    "Addressee_resource": {
        "_": {
            "precision": 0.0,
            "recall": 0.0,
            "f1": 0.0,
            "number": 30
        },
        "overall_precision": 0.0,
        "overall_recall": 0.0,
        "overall_f1": 0.0,
        "overall_accuracy": 0.9984107714380311
    },
    "Addressee_sector": {
        "_": {
            "precision": 0.5368421052631579,
            "recall": 0.68,
            "f1": 0.6000000000000001,
            "number": 300
        },
        "overall_precision": 0.5368421052631579,
        "overall_recall": 0.68,
        "overall_f1": 0.6000000000000001,
        "overall_accuracy": 0.9901997572011919
    },
    "Authority_default": {
        "_": {
            "precision": 0.5992366412213741,
            "recall": 0.5587188612099644,
            "f1": 0.578268876611418,
            "number": 281
        },
        "overall_precision": 0.5992366412213741,
        "overall_recall": 0.5587188612099644,
        "overall_f1": 0.578268876611418,
        "overall_accuracy": 0.9923628738549829
    },
    "Authority_established": {
        "_": {
            "precision": 0.0,
            "recall": 0.0,
            "f1": 0.0,
            "number": 11
        },
        "overall_precision": 0.0,
        "overall_recall": 0.0,
        "overall_f1": 0.0,
        "overall_accuracy": 0.9995806202405916
    },
    "Authority_legislative": {
        "_": {
            "precision": 0.7307692307692307,
            "recall": 0.34545454545454546,
            "f1": 0.4691358024691359,
            "number": 55
        },
        "overall_precision": 0.7307692307692307,
        "overall_recall": 0.34545454545454546,
        "overall_f1": 0.4691358024691359,
        "overall_accuracy": 0.9990729500055181
    },
    "Authority_monitoring": {
        "_": {
            "precision": 0.6910569105691057,
            "recall": 0.5414012738853503,
            "f1": 0.6071428571428571,
            "number": 157
        },
        "overall_precision": 0.6910569105691057,
        "overall_recall": 0.5414012738853503,
        "overall_f1": 0.6071428571428571,
        "overall_accuracy": 0.9964904535923187
    },
    "Edu_Outreach": {
        "_": {
            "precision": 0.2,
            "recall": 0.1322314049586777,
            "f1": 0.15920398009950248,
            "number": 121
        },
        "overall_precision": 0.2,
        "overall_recall": 0.1322314049586777,
        "overall_f1": 0.15920398009950248,
        "overall_accuracy": 0.9908177905308465
    },
    "Form_monitoring": {
        "_": {
            "precision": 0.38778625954198476,
            "recall": 0.5336134453781513,
            "f1": 0.44916003536693194,
            "number": 476
        },
        "overall_precision": 0.38778625954198476,
        "overall_recall": 0.5336134453781513,
        "overall_f1": 0.44916003536693194,
        "overall_accuracy": 0.9677519037633815
    },
    "Form_sanctioning": {
        "_": {
            "precision": 0.0,
            "recall": 0.0,
            "f1": 0.0,
            "number": 15
        },
        "overall_precision": 0.0,
        "overall_recall": 0.0,
        "overall_f1": 0.0,
        "overall_accuracy": 0.9994040392892617
    },
    "FrameworkPolicy": {
        "_": {
            "precision": 0.5,
            "recall": 0.5245901639344263,
            "f1": 0.512,
            "number": 61
        },
        "overall_precision": 0.5,
        "overall_recall": 0.5245901639344263,
        "overall_f1": 0.512,
        "overall_accuracy": 0.9975720119192142
    },
    "Objective_QualIntention": {
        "_": {
            "precision": 0.14018691588785046,
            "recall": 0.13761467889908258,
            "f1": 0.1388888888888889,
            "number": 109
        },
        "overall_precision": 0.14018691588785046,
        "overall_recall": 0.13761467889908258,
        "overall_f1": 0.1388888888888889,
        "overall_accuracy": 0.9828716477210021
    },
    "Objective_QualIntention_noCCM": {
        "_": {
            "precision": 0.07792207792207792,
            "recall": 0.07142857142857142,
            "f1": 0.07453416149068323,
            "number": 84
        },
        "overall_precision": 0.07792207792207792,
        "overall_recall": 0.07142857142857142,
        "overall_f1": 0.07453416149068323,
        "overall_accuracy": 0.9830040834344995
    },
    "Objective_QuantTarget": {
        "_": {
            "precision": 0.0,
            "recall": 0.0,
            "f1": 0.0,
            "number": 10
        },
        "overall_precision": 0.0,
        "overall_recall": 0.0,
        "overall_f1": 0.0,
        "overall_accuracy": 0.9963580178788213
    },
    "Objective_QuantTarget_noCCM": {
        "overall_precision": 0.0,
        "overall_recall": 0.0,
        "overall_f1": 0.0,
        "overall_accuracy": 1.0
    },
    "PublicInvt": {
        "_": {
            "precision": 0.0,
            "recall": 0.0,
            "f1": 0.0,
            "number": 11
        },
        "overall_precision": 0.0,
        "overall_recall": 0.0,
        "overall_f1": 0.0,
        "overall_accuracy": 0.9994702571460103
    },
    "RD_D": {
        "_": {
            "precision": 0.0,
            "recall": 0.0,
            "f1": 0.0,
            "number": 6
        },
        "overall_precision": 0.0,
        "overall_recall": 0.0,
        "overall_f1": 0.0,
        "overall_accuracy": 0.999713055954089
    },
    "Ref_OtherPolicy": {
        "_": {
            "precision": 0.6790123456790124,
            "recall": 0.6285714285714286,
            "f1": 0.6528189910979229,
            "number": 175
        },
        "overall_precision": 0.6790123456790124,
        "overall_recall": 0.6285714285714286,
        "overall_f1": 0.6528189910979229,
        "overall_accuracy": 0.9925836000441453
    },
    "Ref_PolicyAmended": {
        "_": {
            "precision": 0.35294117647058826,
            "recall": 0.3,
            "f1": 0.3243243243243243,
            "number": 20
        },
        "overall_precision": 0.35294117647058826,
        "overall_recall": 0.3,
        "overall_f1": 0.3243243243243243,
        "overall_accuracy": 0.998587352389361
    },
    "Ref_Strategy_Agreement": {
        "_": {
            "precision": 0.5952380952380952,
            "recall": 0.3246753246753247,
            "f1": 0.42016806722689076,
            "number": 77
        },
        "overall_precision": 0.5952380952380952,
        "overall_recall": 0.3246753246753247,
        "overall_f1": 0.42016806722689076,
        "overall_accuracy": 0.9912150976713388
    },
    "RegulatoryInstr": {
        "_": {
            "precision": 0.45864661654135336,
            "recall": 0.42657342657342656,
            "f1": 0.4420289855072464,
            "number": 429
        },
        "overall_precision": 0.45864661654135336,
        "overall_recall": 0.42657342657342656,
        "overall_f1": 0.4420289855072464,
        "overall_accuracy": 0.982959938196667
    },
    "Resource_MonRevenues": {
        "_": {
            "precision": 0.0,
            "recall": 0.0,
            "f1": 0.0,
            "number": 3
        },
        "overall_precision": 0.0,
        "overall_recall": 0.0,