{
    "Addressee_default": {
        "metrics": {
            "precision": 0.6244635193133047,
            "recall": 0.6037344398340249,
            "f1": 0.6139240506329113,
            "number": 482
        },
        "counts": {
            "reals": {
                "O": 387,
                "B": 1,
                "I": 1
            },
            "preds": {
                "O": 389
            }
        }
    },
    "Addressee_monitored": {
        "metrics": {
            "precision": 0.6172839506172839,
            "recall": 0.390625,
            "f1": 0.47846889952153104,
            "number": 128
        },
        "counts": {
            "reals": {
                "O": 388,
                "B": 1
            },
            "preds": {
                "O": 389
            }
        }
    },
    "Addressee_resource": {
        "metrics": {
            "precision": 0.0,
            "recall": 0.0,
            "f1": 0.0,
            "number": 24
        },
        "counts": {
            "reals": {
                "O": 389
            },
            "preds": {
                "O": 389
            }
        }
    },
    "Addressee_sector": {
        "metrics": {
            "precision": 0.5584112149532711,
            "recall": 0.7492163009404389,
            "f1": 0.6398929049531459,
            "number": 319
        },
        "counts": {
            "reals": {
                "O": 386,
                "B": 3
            },
            "preds": {
                "O": 386,
                "B": 3
            }
        }
    },
    "Authority_default": {
        "metrics": {
            "precision": 0.5510204081632653,
            "recall": 0.4175257731958763,
            "f1": 0.47507331378299117,
            "number": 194
        },
        "counts": {
            "reals": {
                "O": 387,
                "B": 2
            },
            "preds": {
                "O": 389
            }
        }
    },
    "Authority_established": {
        "metrics": {
            "precision": 0.0,
            "recall": 0.0,
            "f1": 0.0,
            "number": 2
        },
        "counts": {
            "reals": {
                "O": 389
            },
            "preds": {
                "O": 389
            }
        }
    },
    "Authority_legislative": {
        "metrics": {
            "precision": 0.7777777777777778,
            "recall": 0.6363636363636364,
            "f1": 0.7000000000000001,
            "number": 55
        },
        "counts": {
            "reals": {
                "O": 389
            },
            "preds": {
                "O": 389
            }
        }
    },
    "Authority_monitoring": {
        "metrics": {
            "precision": 0.7204968944099379,
            "recall": 0.7631578947368421,
            "f1": 0.7412140575079874,
            "number": 152
        },
        "counts": {
            "reals": {
                "O": 384,
                "B": 5
            },
            "preds": {
                "O": 382,
                "B": 7
            }
        }
    },
    "Edu_Outreach": {
        "metrics": {
            "precision": 0.0967741935483871,
            "recall": 0.07692307692307693,
            "f1": 0.08571428571428572,
            "number": 39
        },
        "counts": {
            "reals": {
                "O": 388,
                "B": 1
            },
            "preds": {
                "O": 389
            }
        }
    },
    "Form_monitoring": {
        "metrics": {
            "precision": 0.5231788079470199,
            "recall": 0.6286472148541115,
            "f1": 0.5710843373493976,
            "number": 377
        },
        "counts": {
            "reals": {
                "O": 361,
                "B": 7,
                "I": 21
            },
            "preds": {
                "O": 375,
                "B": 12,
                "I": 2
            }
        }
    },
    "Form_sanctioning": {
        "metrics": {
            "precision": 0.0,
            "recall": 0.0,
            "f1": 0.0,
            "number": 15
        },
        "counts": {
            "reals": {
                "O": 389
            },
            "preds": {
                "O": 389
            }
        }
    },
    "FrameworkPolicy": {
        "metrics": {
            "precision": 0.671875,
            "recall": 0.524390243902439,
            "f1": 0.589041095890411,
            "number": 82
        },
        "counts": {
            "reals": {
                "O": 389
            },
            "preds": {
                "O": 389
            }
        }
    },
    "Objective_QualIntention": {
        "metrics": {
            "precision": 0.2184873949579832,
            "recall": 0.33766233766233766,
            "f1": 0.2653061224489796,
            "number": 77
        },
        "counts": {
            "reals": {
                "O": 382,
                "B": 1,
                "I": 6
            },
            "preds": {
                "O": 389
            }
        }
    },
    "Objective_QualIntention_noCCM": {
        "metrics": {
            "precision": 0.024390243902439025,
            "recall": 0.017543859649122806,
            "f1": 0.020408163265306124,
            "number": 57
        },
        "counts": {
            "reals": {
                "O": 389
            },
            "preds": {
                "O": 389
            }
        }
    },
    "Objective_QuantTarget": {
        "metrics": {
            "precision": 0.057692307692307696,
            "recall": 0.06666666666666667,
            "f1": 0.061855670103092786,
            "number": 45
        },
        "counts": {
            "reals": {
                "O": 389
            },
            "preds": {
                "O": 389
            }
        }
    },
    "Objective_QuantTarget_noCCM": {
        "metrics": {
            "overall_precision": 0.0,
            "overall_recall": 0.0,
            "overall_f1": 0.0,
            "overall_accuracy": 1.0
        },
        "counts": {
            "reals": {
                "O": 389
            },
            "preds": {
                "O": 389
            }
        }
    },
    "PublicInvt": {
        "metrics": {
            "precision": 0.0,
            "recall": 0.0,
            "f1": 0.0,
            "number": 24
        },
        "counts": {
            "reals": {
                "O": 389
            },
            "preds": {
                "O": 389
            }
        }
    },
    "RD_D": {
        "metrics": {
            "precision": 0.0,
            "recall": 0.0,
            "f1": 0.0,
            "number": 3
        },
        "counts": {
            "reals": {
                "O": 389
            },
            "preds": {
                "O": 389
            }
        }
    },
    "Ref_OtherPolicy": {
        "metrics": {
            "precision": 0.5879629629629629,
            "recall": 0.7426900584795322,
            "f1": 0.656330749354005,
            "number": 171
        },
        "counts": {
            "reals": {
                "O": 373,
                "B": 2,
                "I": 14
            },
            "preds": {
                "O": 373,
                "B": 2,
                "I": 14
            }
        }
    },
    "Ref_PolicyAmended": {
        "metrics": {
            "precision": 0.23076923076923078,
            "recall": 0.1276595744680851,
            "f1": 0.1643835616438356,
            "number": 47
        },
        "counts": {
            "reals": {
                "O": 389
            },
            "preds": {
                "O": 389
            }
        }
    },
    "Ref_Strategy_Agreement": {
        "metrics": {
            "precision": 0.3157894736842105,
            "recall": 0.35294117647058826,
            "f1": 0.33333333333333337,
            "number": 34
        },
        "counts": {
            "reals": {
                "O": 389
            },