{
    "Addressee_default": {
        "metrics": {
            "precision": 0.5576407506702413,
            "recall": 0.65,
            "f1": 0.6002886002886003,
            "number": 320
        },
        "counts": {
            "reals": {
                "O": 58
            },
            "preds": {
                "O": 58
            }
        }
    },
    "Addressee_monitored": {
        "metrics": {
            "precision": 0.48598130841121495,
            "recall": 0.4727272727272727,
            "f1": 0.4792626728110599,
            "number": 110
        },
        "counts": {
            "reals": {
                "O": 58
            },
            "preds": {
                "O": 58
            }
        }
    },
    "Addressee_resource": {
        "metrics": {
            "precision": 0.0,
            "recall": 0.0,
            "f1": 0.0,
            "number": 24
        },
        "counts": {
            "reals": {
                "O": 58
            },
            "preds": {
                "O": 58
            }
        }
    },
    "Addressee_sector": {
        "metrics": {
            "precision": 0.5287009063444109,
            "recall": 0.7142857142857143,
            "f1": 0.6076388888888888,
            "number": 245
        },
        "counts": {
            "reals": {
                "O": 58
            },
            "preds": {
                "O": 58
            }
        }
    },
    "Authority_default": {
        "metrics": {
            "precision": 0.5306122448979592,
            "recall": 0.5977011494252874,
            "f1": 0.5621621621621623,
            "number": 174
        },
        "counts": {
            "reals": {
                "O": 53,
                "B": 5
            },
            "preds": {
                "O": 54,
                "B": 4
            }
        }
    },
    "Authority_established": {
        "metrics": {
            "precision": 0.0,
            "recall": 0.0,
            "f1": 0.0,
            "number": 18
        },
        "counts": {
            "reals": {
                "O": 58
            },
            "preds": {
                "O": 58
            }
        }
    },
    "Authority_legislative": {
        "metrics": {
            "precision": 0.6071428571428571,
            "recall": 0.425,
            "f1": 0.5,
            "number": 40
        },
        "counts": {
            "reals": {
                "O": 58
            },
            "preds": {
                "O": 58
            }
        }
    },
    "Authority_monitoring": {
        "metrics": {
            "precision": 0.72,
            "recall": 0.7317073170731707,
            "f1": 0.7258064516129032,
            "number": 123
        },
        "counts": {
            "reals": {
                "O": 58
            },
            "preds": {
                "O": 58
            }
        }
    },
    "Edu_Outreach": {
        "metrics": {
            "precision": 0.18888888888888888,
            "recall": 0.32075471698113206,
            "f1": 0.2377622377622378,
            "number": 53
        },
        "counts": {
            "reals": {
                "O": 58
            },
            "preds": {
                "O": 58
            }
        }
    },
    "Form_monitoring": {
        "metrics": {
            "precision": 0.42592592592592593,
            "recall": 0.5880681818181818,
            "f1": 0.4940334128878281,
            "number": 352
        },
        "counts": {
            "reals": {
                "O": 58
            },
            "preds": {
                "O": 58
            }
        }
    },
    "Form_sanctioning": {
        "metrics": {
            "precision": 0.0,
            "recall": 0.0,
            "f1": 0.0,
            "number": 9
        },
        "counts": {
            "reals": {
                "O": 58
            },
            "preds": {
                "O": 58
            }
        }
    },
    "FrameworkPolicy": {
        "metrics": {
            "precision": 0.6041666666666666,
            "recall": 0.47540983606557374,
            "f1": 0.5321100917431192,
            "number": 61
        },
        "counts": {
            "reals": {
                "O": 58
            },
            "preds": {
                "O": 58
            }
        }
    },
    "Objective_QualIntention": {
        "metrics": {
            "precision": 0.16,
            "recall": 0.16551724137931034,
            "f1": 0.16271186440677965,
            "number": 145
        },
        "counts": {
            "reals": {
                "O": 58
            },
            "preds": {
                "O": 58
            }
        }
    },
    "Objective_QualIntention_noCCM": {
        "metrics": {
            "precision": 0.0,
            "recall": 0.0,
            "f1": 0.0,
            "number": 45
        },
        "counts": {
            "reals": {
                "O": 58
            },
            "preds": {
                "O": 58
            }
        }
    },
    "Objective_QuantTarget": {
        "metrics": {
            "precision": 0.15873015873015872,
            "recall": 0.2702702702702703,
            "f1": 0.2,
            "number": 37
        },
        "counts": {
            "reals": {
                "O": 58
            },
            "preds": {
                "O": 58
            }
        }
    },
    "Objective_QuantTarget_noCCM": {
        "metrics": {
            "precision": 0.0,
            "recall": 0.0,
            "f1": 0.0,
            "number": 1
        },
        "counts": {
            "reals": {
                "O": 58
            },
            "preds": {
                "O": 58
            }
        }
    },
    "PublicInvt": {
        "metrics": {
            "precision": 0.0,
            "recall": 0.0,
            "f1": 0.0,
            "number": 29
        },
        "counts": {
            "reals": {
                "O": 58
            },
            "preds": {
                "O": 58
            }
        }
    },
    "RD_D": {
        "metrics": {
            "precision": 0.0,
            "recall": 0.0,
            "f1": 0.0,
            "number": 2
        },
        "counts": {
            "reals": {
                "O": 58
            },
            "preds": {
                "O": 58
            }
        }
    },
    "Ref_OtherPolicy": {
        "metrics": {
            "precision": 0.5472636815920398,
            "recall": 0.8029197080291971,
            "f1": 0.6508875739644969,
            "number": 137
        },
        "counts": {
            "reals": {
                "O": 42,
                "B": 2,
                "I": 14
            },
            "preds": {
                "O": 42,
                "B": 2,
                "I": 14
            }
        }
    },
    "Ref_PolicyAmended": {
        "metrics": {
            "precision": 0.14285714285714285,
            "recall": 0.038461538461538464,
            "f1": 0.060606060606060615,
            "number": 26
        },
        "counts": {
            "reals": {
                "O": 58
            },
            "preds": {
                "O": 58
            }
        }
    },
    "Ref_Strategy_Agreement": {
        "metrics": {
            "precision": 0.6,
            "recall": 0.2222222222222222,
            "f1": 0.32432432432432434,
            "number": 54
        },
        "counts": {
            "reals": {
                "O": 58
            },
            "preds": {
                "O": 58
            }
        }
    },
    "RegulatoryInstr": {
        "metrics": {
            "precision": 0.30985915492957744,
            "recall": 0.36666666666666664,
            "f1": 0.3358778625954198,
            "number": 240
        },
        "counts": {
            "reals": {
                "O": 58
            },
            "preds": {
                "O": 58
            }
        }
    },
    "Resource_MonRevenues": {
        "metrics": {
            "precision": 0.0,
            "recall": 0.0,