{
    "Addressee_default": {
        "metrics": {
            "precision": 0.5779816513761468,
            "recall": 0.6310517529215359,
            "f1": 0.6033519553072626,
            "number": 599
        },
        "counts": {
            "reals": {
                "O": 463,
                "B": 11,
                "I": 25
            },
            "preds": {
                "O": 487,
                "B": 7,
                "I": 5
            }
        }
    },
    "Addressee_monitored": {
        "metrics": {
            "precision": 0.4228187919463087,
            "recall": 0.5,
            "f1": 0.4581818181818182,
            "number": 126
        },
        "counts": {
            "reals": {
                "O": 484,
                "B": 5,
                "I": 10
            },
            "preds": {
                "O": 499
            }
        }
    },
    "Addressee_resource": {
        "metrics": {
            "precision": 0.0,
            "recall": 0.0,
            "f1": 0.0,
            "number": 30
        },
        "counts": {
            "reals": {
                "O": 499
            },
            "preds": {
                "O": 499
            }
        }
    },
    "Addressee_sector": {
        "metrics": {
            "precision": 0.5368421052631579,
            "recall": 0.68,
            "f1": 0.6000000000000001,
            "number": 300
        },
        "counts": {
            "reals": {
                "O": 483,
                "B": 3,
                "I": 13
            },
            "preds": {
                "O": 476,
                "B": 8,
                "I": 15
            }
        }
    },
    "Authority_default": {
        "metrics": {
            "precision": 0.5992366412213741,
            "recall": 0.5587188612099644,
            "f1": 0.578268876611418,
            "number": 281
        },
        "counts": {
            "reals": {
                "O": 470,
                "B": 16,
                "I": 13
            },
            "preds": {
                "O": 482,
                "B": 10,
                "I": 7
            }
        }
    },
    "Authority_established": {
        "metrics": {
            "precision": 0.0,
            "recall": 0.0,
            "f1": 0.0,
            "number": 11
        },
        "counts": {
            "reals": {
                "O": 499
            },
            "preds": {
                "O": 499
            }
        }
    },
    "Authority_legislative": {
        "metrics": {
            "precision": 0.7307692307692307,
            "recall": 0.34545454545454546,
            "f1": 0.4691358024691359,
            "number": 55
        },
        "counts": {
            "reals": {
                "O": 497,
                "B": 1,
                "I": 1
            },
            "preds": {
                "O": 499
            }
        }
    },
    "Authority_monitoring": {
        "metrics": {
            "precision": 0.6910569105691057,
            "recall": 0.5414012738853503,
            "f1": 0.6071428571428571,
            "number": 157
        },
        "counts": {
            "reals": {
                "O": 488,
                "B": 7,
                "I": 4
            },
            "preds": {
                "O": 494,
                "B": 5
            }
        }
    },
    "Edu_Outreach": {
        "metrics": {
            "precision": 0.2,
            "recall": 0.1322314049586777,
            "f1": 0.15920398009950248,
            "number": 121
        },
        "counts": {
            "reals": {
                "O": 499
            },
            "preds": {
                "O": 499
            }
        }
    },
    "Form_monitoring": {
        "metrics": {
            "precision": 0.38778625954198476,
            "recall": 0.5336134453781513,
            "f1": 0.44916003536693194,
            "number": 476
        },
        "counts": {
            "reals": {
                "O": 495,
                "B": 4
            },
            "preds": {
                "O": 494,
                "B": 5
            }
        }
    },
    "Form_sanctioning": {
        "metrics": {
            "precision": 0.0,
            "recall": 0.0,
            "f1": 0.0,
            "number": 15
        },
        "counts": {
            "reals": {
                "O": 499
            },
            "preds": {
                "O": 499
            }
        }
    },
    "FrameworkPolicy": {
        "metrics": {
            "precision": 0.5,
            "recall": 0.5245901639344263,
            "f1": 0.512,
            "number": 61
        },
        "counts": {
            "reals": {
                "O": 499
            },
            "preds": {
                "O": 499
            }
        }
    },
    "Objective_QualIntention": {
        "metrics": {
            "precision": 0.14018691588785046,
            "recall": 0.13761467889908258,
            "f1": 0.1388888888888889,
            "number": 109
        },
        "counts": {
            "reals": {
                "O": 499
            },
            "preds": {
                "O": 499
            }
        }
    },
    "Objective_QualIntention_noCCM": {
        "metrics": {
            "precision": 0.07792207792207792,
            "recall": 0.07142857142857142,
            "f1": 0.07453416149068323,
            "number": 84
        },
        "counts": {
            "reals": {
                "O": 492,
                "B": 1,
                "I": 6
            },
            "preds": {
                "O": 499
            }
        }
    },
    "Objective_QuantTarget": {
        "metrics": {
            "precision": 0.0,
            "recall": 0.0,
            "f1": 0.0,
            "number": 10
        },
        "counts": {
            "reals": {
                "O": 499
            },
            "preds": {
                "O": 499
            }
        }
    },
    "Objective_QuantTarget_noCCM": {
        "metrics": {
            "overall_precision": 0.0,
            "overall_recall": 0.0,
            "overall_f1": 0.0,
            "overall_accuracy": 1.0
        },
        "counts": {
            "reals": {
                "O": 499
            },
            "preds": {
                "O": 499
            }
        }
    },
    "PublicInvt": {
        "metrics": {
            "precision": 0.0,
            "recall": 0.0,
            "f1": 0.0,
            "number": 11
        },
        "counts": {
            "reals": {
                "O": 499
            },
            "preds": {
                "O": 499
            }
        }
    },
    "RD_D": {
        "metrics": {
            "precision": 0.0,
            "recall": 0.0,
            "f1": 0.0,
            "number": 6
        },
        "counts": {
            "reals": {
                "O": 499
            },
            "preds": {
                "O": 499
            }
        }
    },
    "Ref_OtherPolicy": {
        "metrics": {
            "precision": 0.6790123456790124,
            "recall": 0.6285714285714286,
            "f1": 0.6528189910979229,
            "number": 175
        },
        "counts": {
            "reals": {
                "O": 480,
                "B": 6,
                "I": 13
            },
            "preds": {
                "O": 495,
                "B": 2,
                "I": 2
            }
        }
    },
    "Ref_PolicyAmended": {
        "metrics": {
            "precision": 0.35294117647058826,
            "recall": 0.3,
            "f1": 0.3243243243243243,
            "number": 20
        },
        "counts": {
            "reals": {
                "O": 499
            },
            "preds": {
                "O": 499
            }
        }
    },
    "Ref_Strategy_Agreement": {
        "metrics": {
            "precision": 0.5952380952380952,
            "recall": 0.3246753246753247,
            "f1": 0.42016806722689076,
            "number": 77
        },