{
    "Addressee_default": {
        "metrics": {
            "precision": 0.5830258302583026,
            "recall": 0.6652631578947369,
            "f1": 0.6214355948869223,
            "number": 475
        },
        "counts": {
            "reals": {
                "O": 492,
                "B": 5,
                "I": 3
            },
            "preds": {
                "O": 494,
                "B": 3,
                "I": 3
            }
        }
    },
    "Addressee_monitored": {
        "metrics": {
            "precision": 0.4690265486725664,
            "recall": 0.6309523809523809,
            "f1": 0.5380710659898477,
            "number": 84
        },
        "counts": {
            "reals": {
                "O": 500
            },
            "preds": {
                "O": 500
            }
        }
    },
    "Addressee_resource": {
        "metrics": {
            "precision": 0.0,
            "recall": 0.0,
            "f1": 0.0,
            "number": 48
        },
        "counts": {
            "reals": {
                "O": 500
            },
            "preds": {
                "O": 500
            }
        }
    },
    "Addressee_sector": {
        "metrics": {
            "precision": 0.45396825396825397,
            "recall": 0.5478927203065134,
            "f1": 0.4965277777777778,
            "number": 261
        },
        "counts": {
            "reals": {
                "O": 477,
                "B": 7,
                "I": 16
            },
            "preds": {
                "O": 486,
                "B": 7,
                "I": 7
            }
        }
    },
    "Authority_default": {
        "metrics": {
            "precision": 0.5031055900621118,
            "recall": 0.3894230769230769,
            "f1": 0.43902439024390244,
            "number": 208
        },
        "counts": {
            "reals": {
                "O": 498,
                "B": 2
            },
            "preds": {
                "O": 498,
                "B": 2
            }
        }
    },
    "Authority_established": {
        "metrics": {
            "precision": 0.0,
            "recall": 0.0,
            "f1": 0.0,
            "number": 28
        },
        "counts": {
            "reals": {
                "O": 500
            },
            "preds": {
                "O": 500
            }
        }
    },
    "Authority_legislative": {
        "metrics": {
            "precision": 0.9333333333333333,
            "recall": 0.4827586206896552,
            "f1": 0.6363636363636364,
            "number": 58
        },
        "counts": {
            "reals": {
                "O": 500
            },
            "preds": {
                "O": 500
            }
        }
    },
    "Authority_monitoring": {
        "metrics": {
            "precision": 0.7328767123287672,
            "recall": 0.7328767123287672,
            "f1": 0.7328767123287672,
            "number": 146
        },
        "counts": {
            "reals": {
                "O": 500
            },
            "preds": {
                "O": 500
            }
        }
    },
    "Edu_Outreach": {
        "metrics": {
            "precision": 0.075,
            "recall": 0.04285714285714286,
            "f1": 0.05454545454545454,
            "number": 70
        },
        "counts": {
            "reals": {
                "O": 500
            },
            "preds": {
                "O": 500
            }
        }
    },
    "Form_monitoring": {
        "metrics": {
            "precision": 0.5378973105134475,
            "recall": 0.4845814977973568,
            "f1": 0.5098493626882966,
            "number": 454
        },
        "counts": {
            "reals": {
                "O": 500
            },
            "preds": {
                "O": 500
            }
        }
    },
    "Form_sanctioning": {
        "metrics": {
            "precision": 0.0,
            "recall": 0.0,
            "f1": 0.0,
            "number": 2
        },
        "counts": {
            "reals": {
                "O": 500
            },
            "preds": {
                "O": 500
            }
        }
    },
    "FrameworkPolicy": {
        "metrics": {
            "precision": 0.5416666666666666,
            "recall": 0.7027027027027027,
            "f1": 0.611764705882353,
            "number": 74
        },
        "counts": {
            "reals": {
                "O": 500
            },
            "preds": {
                "O": 500
            }
        }
    },
    "Objective_QualIntention": {
        "metrics": {
            "precision": 0.21212121212121213,
            "recall": 0.2916666666666667,
            "f1": 0.2456140350877193,
            "number": 96
        },
        "counts": {
            "reals": {
                "O": 500
            },
            "preds": {
                "O": 500
            }
        }
    },
    "Objective_QualIntention_noCCM": {
        "metrics": {
            "precision": 0.03125,
            "recall": 0.02857142857142857,
            "f1": 0.02985074626865672,
            "number": 35
        },
        "counts": {
            "reals": {
                "O": 500
            },
            "preds": {
                "O": 500
            }
        }
    },
    "Objective_QuantTarget": {
        "metrics": {
            "precision": 0.0,
            "recall": 0.0,
            "f1": 0.0,
            "number": 32
        },
        "counts": {
            "reals": {
                "O": 500
            },
            "preds": {
                "O": 500
            }
        }
    },
    "Objective_QuantTarget_noCCM": {
        "metrics": {
            "precision": 0.0,
            "recall": 0.0,
            "f1": 0.0,
            "number": 1
        },
        "counts": {
            "reals": {
                "O": 500
            },
            "preds": {
                "O": 500
            }
        }
    },
    "PublicInvt": {
        "metrics": {
            "precision": 0.0,
            "recall": 0.0,
            "f1": 0.0,
            "number": 14
        },
        "counts": {
            "reals": {
                "O": 500
            },
            "preds": {
                "O": 500
            }
        }
    },
    "RD_D": {
        "metrics": {
            "precision": 0.0,
            "recall": 0.0,
            "f1": 0.0,
            "number": 3
        },
        "counts": {
            "reals": {
                "O": 500
            },
            "preds": {
                "O": 500
            }
        }
    },
    "Ref_OtherPolicy": {
        "metrics": {
            "precision": 0.7323232323232324,
            "recall": 0.8333333333333334,
            "f1": 0.7795698924731183,
            "number": 174
        },
        "counts": {
            "reals": {
                "O": 494,
                "B": 3,
                "I": 3
            },
            "preds": {
                "O": 500
            }
        }
    },
    "Ref_PolicyAmended": {
        "metrics": {
            "precision": 0.45454545454545453,
            "recall": 0.45454545454545453,
            "f1": 0.45454545454545453,
            "number": 22
        },
        "counts": {
            "reals": {
                "O": 500
            },
            "preds": {
                "O": 500
            }
        }
    },
    "Ref_Strategy_Agreement": {
        "metrics": {
            "precision": 0.3673469387755102,
            "recall": 0.4675324675324675,
            "f1": 0.4114285714285715,
            "number": 77
        },
        "counts": {
            "reals": {
                "O": 500
            },
            "preds": {
                "O": 500
            }
        }
    },
    "RegulatoryInstr": {
        "metrics": {
            "precision": 0.29432624113475175,
            "recall": 0.3401639344262295,
            "f1": 0.3155893536121673,
            "number": 244
        },