{
    "Addressee_default": {
        "metrics": {
            "precision": 0.5077399380804953,
            "recall": 0.7884615384615384,
            "f1": 0.6177024482109227,
            "number": 416
        },
        "counts": {
            "reals": {
                "O": 29
            },
            "preds": {
                "O": 29
            }
        }
    },
    "Addressee_monitored": {
        "metrics": {
            "precision": 0.6436781609195402,
            "recall": 0.5045045045045045,
            "f1": 0.5656565656565656,
            "number": 111
        },
        "counts": {
            "reals": {
                "O": 29
            },
            "preds": {
                "O": 29
            }
        }
    },
    "Addressee_resource": {
        "metrics": {
            "precision": 0.0,
            "recall": 0.0,
            "f1": 0.0,
            "number": 37
        },
        "counts": {
            "reals": {
                "O": 29
            },
            "preds": {
                "O": 29
            }
        }
    },
    "Addressee_sector": {
        "metrics": {
            "precision": 0.6383647798742138,
            "recall": 0.6189024390243902,
            "f1": 0.6284829721362228,
            "number": 328
        },
        "counts": {
            "reals": {
                "O": 29
            },
            "preds": {
                "O": 29
            }
        }
    },
    "Authority_default": {
        "metrics": {
            "precision": 0.5028248587570622,
            "recall": 0.4810810810810811,
            "f1": 0.4917127071823204,
            "number": 185
        },
        "counts": {
            "reals": {
                "O": 29
            },
            "preds": {
                "O": 29
            }
        }
    },
    "Authority_established": {
        "metrics": {
            "precision": 0.0,
            "recall": 0.0,
            "f1": 0.0,
            "number": 19
        },
        "counts": {
            "reals": {
                "O": 29
            },
            "preds": {
                "O": 29
            }
        }
    },
    "Authority_legislative": {
        "metrics": {
            "precision": 0.625,
            "recall": 0.28846153846153844,
            "f1": 0.3947368421052631,
            "number": 52
        },
        "counts": {
            "reals": {
                "O": 29
            },
            "preds": {
                "O": 29
            }
        }
    },
    "Authority_monitoring": {
        "metrics": {
            "precision": 0.78,
            "recall": 0.7267080745341615,
            "f1": 0.752411575562701,
            "number": 161
        },
        "counts": {
            "reals": {
                "O": 29
            },
            "preds": {
                "O": 29
            }
        }
    },
    "Edu_Outreach": {
        "metrics": {
            "precision": 0.0,
            "recall": 0.0,
            "f1": 0.0,
            "number": 50
        },
        "counts": {
            "reals": {
                "O": 29
            },
            "preds": {
                "O": 29
            }
        }
    },
    "Form_monitoring": {
        "metrics": {
            "precision": 0.49144254278728605,
            "recall": 0.5929203539823009,
            "f1": 0.5374331550802138,
            "number": 339
        },
        "counts": {
            "reals": {
                "O": 29
            },
            "preds": {
                "O": 29
            }
        }
    },
    "Form_sanctioning": {
        "metrics": {
            "precision": 0.0,
            "recall": 0.0,
            "f1": 0.0,
            "number": 12
        },
        "counts": {
            "reals": {
                "O": 29
            },
            "preds": {
                "O": 29
            }
        }
    },
    "FrameworkPolicy": {
        "metrics": {
            "precision": 0.5866666666666667,
            "recall": 0.7213114754098361,
            "f1": 0.6470588235294118,
            "number": 61
        },
        "counts": {
            "reals": {
                "O": 29
            },
            "preds": {
                "O": 29
            }
        }
    },
    "Objective_QualIntention": {
        "metrics": {
            "precision": 0.15853658536585366,
            "recall": 0.19696969696969696,
            "f1": 0.17567567567567569,
            "number": 132
        },
        "counts": {
            "reals": {
                "O": 29
            },
            "preds": {
                "O": 29
            }
        }
    },
    "Objective_QualIntention_noCCM": {
        "metrics": {
            "precision": 0.03571428571428571,
            "recall": 0.02,
            "f1": 0.02564102564102564,
            "number": 50
        },
        "counts": {
            "reals": {
                "O": 29
            },
            "preds": {
                "O": 29
            }
        }
    },
    "Objective_QuantTarget": {
        "metrics": {
            "precision": 0.10606060606060606,
            "recall": 0.175,
            "f1": 0.13207547169811318,
            "number": 40
        },
        "counts": {
            "reals": {
                "O": 29
            },
            "preds": {
                "O": 29
            }
        }
    },
    "Objective_QuantTarget_noCCM": {
        "metrics": {
            "precision": 0.0,
            "recall": 0.0,
            "f1": 0.0,
            "number": 1
        },
        "counts": {
            "reals": {
                "O": 29
            },
            "preds": {
                "O": 29
            }
        }
    },
    "PublicInvt": {
        "metrics": {
            "precision": 0.0,
            "recall": 0.0,
            "f1": 0.0,
            "number": 20
        },
        "counts": {
            "reals": {
                "O": 29
            },
            "preds": {
                "O": 29
            }
        }
    },
    "RD_D": {
        "metrics": {
            "precision": 0.0,
            "recall": 0.0,
            "f1": 0.0,
            "number": 4
        },
        "counts": {
            "reals": {
                "O": 29
            },
            "preds": {
                "O": 29
            }
        }
    },
    "Ref_OtherPolicy": {
        "metrics": {
            "precision": 0.6731707317073171,
            "recall": 0.8789808917197452,
            "f1": 0.7624309392265195,
            "number": 157
        },
        "counts": {
            "reals": {
                "O": 29
            },
            "preds": {
                "O": 29
            }
        }
    },
    "Ref_PolicyAmended": {
        "metrics": {
            "precision": 0.7272727272727273,
            "recall": 0.7272727272727273,
            "f1": 0.7272727272727273,
            "number": 22
        },
        "counts": {
            "reals": {
                "O": 29
            },
            "preds": {
                "O": 29
            }
        }
    },
    "Ref_Strategy_Agreement": {
        "metrics": {
            "precision": 0.30357142857142855,
            "recall": 0.4358974358974359,
            "f1": 0.35789473684210527,
            "number": 78
        },
        "counts": {
            "reals": {
                "O": 29
            },
            "preds": {
                "O": 29
            }
        }
    },
    "RegulatoryInstr": {
        "metrics": {
            "precision": 0.3801369863013699,
            "recall": 0.36633663366336633,
            "f1": 0.373109243697479,
            "number": 303
        },
        "counts": {
            "reals": {
                "O": 29
            },
            "preds": {
                "O": 29
            }
        }
    },
    "Resource_MonRevenues": {
        "metrics": {
            "precision": 0.0,
            "recall": 0.0,
            "f1": 0.0,
            "number": 17
        },