{
    "Addressee_default": {
        "metrics": {
            "precision": 0.5628865979381443,
            "recall": 0.6642335766423357,
            "f1": 0.6093749999999999,
            "number": 411
        },
        "counts": {
            "reals": {
                "O": 29
            },
            "preds": {
                "O": 29
            }
        }
    },
    "Addressee_monitored": {
        "metrics": {
            "precision": 0.5242718446601942,
            "recall": 0.4909090909090909,
            "f1": 0.5070422535211268,
            "number": 110
        },
        "counts": {
            "reals": {
                "O": 29
            },
            "preds": {
                "O": 29
            }
        }
    },
    "Addressee_resource": {
        "metrics": {
            "precision": 0.0,
            "recall": 0.0,
            "f1": 0.0,
            "number": 37
        },
        "counts": {
            "reals": {
                "O": 29
            },
            "preds": {
                "O": 29
            }
        }
    },
    "Addressee_sector": {
        "metrics": {
            "precision": 0.5784313725490197,
            "recall": 0.7129909365558912,
            "f1": 0.6387009472259811,
            "number": 331
        },
        "counts": {
            "reals": {
                "O": 29
            },
            "preds": {
                "O": 29
            }
        }
    },
    "Authority_default": {
        "metrics": {
            "precision": 0.5163934426229508,
            "recall": 0.36,
            "f1": 0.42424242424242425,
            "number": 175
        },
        "counts": {
            "reals": {
                "O": 29
            },
            "preds": {
                "O": 29
            }
        }
    },
    "Authority_established": {
        "metrics": {
            "precision": 0.0,
            "recall": 0.0,
            "f1": 0.0,
            "number": 18
        },
        "counts": {
            "reals": {
                "O": 29
            },
            "preds": {
                "O": 29
            }
        }
    },
    "Authority_legislative": {
        "metrics": {
            "precision": 0.8333333333333334,
            "recall": 0.5102040816326531,
            "f1": 0.6329113924050633,
            "number": 49
        },
        "counts": {
            "reals": {
                "O": 29
            },
            "preds": {
                "O": 29
            }
        }
    },
    "Authority_monitoring": {
        "metrics": {
            "precision": 0.7290322580645161,
            "recall": 0.6848484848484848,
            "f1": 0.7062499999999999,
            "number": 165
        },
        "counts": {
            "reals": {
                "O": 29
            },
            "preds": {
                "O": 29
            }
        }
    },
    "Edu_Outreach": {
        "metrics": {
            "precision": 0.0,
            "recall": 0.0,
            "f1": 0.0,
            "number": 50
        },
        "counts": {
            "reals": {
                "O": 29
            },
            "preds": {
                "O": 29
            }
        }
    },
    "Form_monitoring": {
        "metrics": {
            "precision": 0.4291417165668663,
            "recall": 0.636094674556213,
            "f1": 0.5125148986889154,
            "number": 338
        },
        "counts": {
            "reals": {
                "O": 29
            },
            "preds": {
                "O": 29
            }
        }
    },
    "Form_sanctioning": {
        "metrics": {
            "precision": 0.0,
            "recall": 0.0,
            "f1": 0.0,
            "number": 12
        },
        "counts": {
            "reals": {
                "O": 29
            },
            "preds": {
                "O": 29
            }
        }
    },
    "FrameworkPolicy": {
        "metrics": {
            "precision": 0.7818181818181819,
            "recall": 0.6935483870967742,
            "f1": 0.7350427350427351,
            "number": 62
        },
        "counts": {
            "reals": {
                "O": 29
            },
            "preds": {
                "O": 29
            }
        }
    },
    "Objective_QualIntention": {
        "metrics": {
            "precision": 0.15306122448979592,
            "recall": 0.22727272727272727,
            "f1": 0.1829268292682927,
            "number": 132
        },
        "counts": {
            "reals": {
                "O": 29
            },
            "preds": {
                "O": 29
            }
        }
    },
    "Objective_QualIntention_noCCM": {
        "metrics": {
            "precision": 0.0,
            "recall": 0.0,
            "f1": 0.0,
            "number": 45
        },
        "counts": {
            "reals": {
                "O": 29
            },
            "preds": {
                "O": 29
            }
        }
    },
    "Objective_QuantTarget": {
        "metrics": {
            "precision": 0.03669724770642202,
            "recall": 0.10526315789473684,
            "f1": 0.05442176870748299,
            "number": 38
        },
        "counts": {
            "reals": {
                "O": 29
            },
            "preds": {
                "O": 29
            }
        }
    },
    "Objective_QuantTarget_noCCM": {
        "metrics": {
            "precision": 0.0,
            "recall": 0.0,
            "f1": 0.0,
            "number": 1
        },
        "counts": {
            "reals": {
                "O": 29
            },
            "preds": {
                "O": 29
            }
        }
    },
    "PublicInvt": {
        "metrics": {
            "precision": 0.0,
            "recall": 0.0,
            "f1": 0.0,
            "number": 21
        },
        "counts": {
            "reals": {
                "O": 29
            },
            "preds": {
                "O": 29
            }
        }
    },
    "RD_D": {
        "metrics": {
            "precision": 0.0,
            "recall": 0.0,
            "f1": 0.0,
            "number": 4
        },
        "counts": {
            "reals": {
                "O": 29
            },
            "preds": {
                "O": 29
            }
        }
    },
    "Ref_OtherPolicy": {
        "metrics": {
            "precision": 0.6336633663366337,
            "recall": 0.8152866242038217,
            "f1": 0.713091922005571,
            "number": 157
        },
        "counts": {
            "reals": {
                "O": 29
            },
            "preds": {
                "O": 29
            }
        }
    },
    "Ref_PolicyAmended": {
        "metrics": {
            "precision": 0.3157894736842105,
            "recall": 0.2727272727272727,
            "f1": 0.2926829268292683,
            "number": 22
        },
        "counts": {
            "reals": {
                "O": 29
            },
            "preds": {
                "O": 29
            }
        }
    },
    "Ref_Strategy_Agreement": {
        "metrics": {
            "precision": 0.4298245614035088,
            "recall": 0.6125,
            "f1": 0.5051546391752577,
            "number": 80
        },
        "counts": {
            "reals": {
                "O": 29
            },
            "preds": {
                "O": 29
            }
        }
    },
    "RegulatoryInstr": {
        "metrics": {
            "precision": 0.332541567695962,
            "recall": 0.4697986577181208,
            "f1": 0.3894297635605007,
            "number": 298
        },
        "counts": {
            "reals": {
                "O": 29
            },
            "preds": {
                "O": 29
            }
        }
    },
    "Resource_MonRevenues": {
        "metrics": {
            "precision": 0.0,
            "recall": 0.0,
            "f1": 0.0,
            "number": 15
        },