{
    "Addressee_default": {
        "metrics": {
            "precision": 0.6903553299492385,
            "recall": 0.4610169491525424,
            "f1": 0.5528455284552846,
            "number": 590
        },
        "counts": {
            "reals": {
                "O": 476,
                "B": 11,
                "I": 25
            },
            "preds": {
                "O": 502,
                "B": 5,
                "I": 5
            }
        }
    },
    "Addressee_monitored": {
        "metrics": {
            "precision": 0.4381443298969072,
            "recall": 0.7083333333333334,
            "f1": 0.5414012738853504,
            "number": 120
        },
        "counts": {
            "reals": {
                "O": 497,
                "B": 5,
                "I": 10
            },
            "preds": {
                "O": 507,
                "B": 3,
                "I": 2
            }
        }
    },
    "Addressee_resource": {
        "metrics": {
            "precision": 0.0,
            "recall": 0.0,
            "f1": 0.0,
            "number": 28
        },
        "counts": {
            "reals": {
                "O": 512
            },
            "preds": {
                "O": 512
            }
        }
    },
    "Addressee_sector": {
        "metrics": {
            "precision": 0.5510204081632653,
            "recall": 0.6156351791530945,
            "f1": 0.5815384615384616,
            "number": 307
        },
        "counts": {
            "reals": {
                "O": 496,
                "B": 3,
                "I": 13
            },
            "preds": {
                "O": 493,
                "B": 7,
                "I": 12
            }
        }
    },
    "Authority_default": {
        "metrics": {
            "precision": 0.5942857142857143,
            "recall": 0.3727598566308244,
            "f1": 0.4581497797356829,
            "number": 279
        },
        "counts": {
            "reals": {
                "O": 480,
                "B": 17,
                "I": 15
            },
            "preds": {
                "O": 510,
                "B": 1,
                "I": 1
            }
        }
    },
    "Authority_established": {
        "metrics": {
            "precision": 0.0,
            "recall": 0.0,
            "f1": 0.0,
            "number": 11
        },
        "counts": {
            "reals": {
                "O": 512
            },
            "preds": {
                "O": 512
            }
        }
    },
    "Authority_legislative": {
        "metrics": {
            "precision": 0.8571428571428571,
            "recall": 0.3870967741935484,
            "f1": 0.5333333333333333,
            "number": 62
        },
        "counts": {
            "reals": {
                "O": 510,
                "B": 1,
                "I": 1
            },
            "preds": {
                "O": 512
            }
        }
    },
    "Authority_monitoring": {
        "metrics": {
            "precision": 0.5122950819672131,
            "recall": 0.7621951219512195,
            "f1": 0.6127450980392157,
            "number": 164
        },
        "counts": {
            "reals": {
                "O": 501,
                "B": 7,
                "I": 4
            },
            "preds": {
                "O": 478,
                "B": 19,
                "I": 15
            }
        }
    },
    "Edu_Outreach": {
        "metrics": {
            "precision": 0.2972972972972973,
            "recall": 0.09649122807017543,
            "f1": 0.1456953642384106,
            "number": 114
        },
        "counts": {
            "reals": {
                "O": 512
            },
            "preds": {
                "O": 512
            }
        }
    },
    "Form_monitoring": {
        "metrics": {
            "precision": 0.4854202401372213,
            "recall": 0.5970464135021097,
            "f1": 0.5354777672658467,
            "number": 474
        },
        "counts": {
            "reals": {
                "O": 508,
                "B": 4
            },
            "preds": {
                "O": 505,
                "B": 7
            }
        }
    },
    "Form_sanctioning": {
        "metrics": {
            "precision": 0.0,
            "recall": 0.0,
            "f1": 0.0,
            "number": 15
        },
        "counts": {
            "reals": {
                "O": 512
            },
            "preds": {
                "O": 512
            }
        }
    },
    "FrameworkPolicy": {
        "metrics": {
            "precision": 0.8297872340425532,
            "recall": 0.6190476190476191,
            "f1": 0.7090909090909091,
            "number": 63
        },
        "counts": {
            "reals": {
                "O": 512
            },
            "preds": {
                "O": 512
            }
        }
    },
    "Objective_QualIntention": {
        "metrics": {
            "precision": 0.018518518518518517,
            "recall": 0.008771929824561403,
            "f1": 0.011904761904761904,
            "number": 114
        },
        "counts": {
            "reals": {
                "O": 512
            },
            "preds": {
                "O": 512
            }
        }
    },
    "Objective_QualIntention_noCCM": {
        "metrics": {
            "precision": 0.03571428571428571,
            "recall": 0.012048192771084338,
            "f1": 0.01801801801801802,
            "number": 83
        },
        "counts": {
            "reals": {
                "O": 505,
                "B": 1,
                "I": 6
            },
            "preds": {
                "O": 505,
                "B": 2,
                "I": 5
            }
        }
    },
    "Objective_QuantTarget": {
        "metrics": {
            "precision": 0.0,
            "recall": 0.0,
            "f1": 0.0,
            "number": 11
        },
        "counts": {
            "reals": {
                "O": 512
            },
            "preds": {
                "O": 512
            }
        }
    },
    "Objective_QuantTarget_noCCM": {
        "metrics": {
            "overall_precision": 0.0,
            "overall_recall": 0.0,
            "overall_f1": 0.0,
            "overall_accuracy": 1.0
        },
        "counts": {
            "reals": {
                "O": 512
            },
            "preds": {
                "O": 512
            }
        }
    },
    "PublicInvt": {
        "metrics": {
            "precision": 0.0,
            "recall": 0.0,
            "f1": 0.0,
            "number": 11
        },
        "counts": {
            "reals": {
                "O": 512
            },
            "preds": {
                "O": 512
            }
        }
    },
    "RD_D": {
        "metrics": {
            "precision": 0.0,
            "recall": 0.0,
            "f1": 0.0,
            "number": 5
        },
        "counts": {
            "reals": {
                "O": 512
            },
            "preds": {
                "O": 512
            }
        }
    },
    "Ref_OtherPolicy": {
        "metrics": {
            "precision": 0.6710526315789473,
            "recall": 0.5964912280701754,
            "f1": 0.6315789473684209,
            "number": 171
        },
        "counts": {
            "reals": {
                "O": 493,
                "B": 6,
                "I": 13
            },
            "preds": {
                "O": 509,
                "B": 2,
                "I": 1
            }
        }
    },
    "Ref_PolicyAmended": {
        "metrics": {
            "precision": 0.09090909090909091,
            "recall": 0.05,
            "f1": 0.06451612903225806,
            "number": 20
        },
        "counts": {
            "reals": {
                "O": 512
            },
            "preds": {
                "O": 512
            }
        }
    },