{
    "Addressee_default": {
        "metrics": {
            "precision": 0.5780141843971631,
            "recall": 0.6877637130801688,
            "f1": 0.628131021194605,
            "number": 474
        },
        "counts": {
            "reals": {
                "O": 463,
                "B": 1,
                "I": 1
            },
            "preds": {
                "O": 465
            }
        }
    },
    "Addressee_monitored": {
        "metrics": {
            "precision": 0.5181818181818182,
            "recall": 0.4453125,
            "f1": 0.4789915966386554,
            "number": 128
        },
        "counts": {
            "reals": {
                "O": 464,
                "B": 1
            },
            "preds": {
                "O": 464,
                "B": 1
            }
        }
    },
    "Addressee_resource": {
        "metrics": {
            "precision": 0.0,
            "recall": 0.0,
            "f1": 0.0,
            "number": 28
        },
        "counts": {
            "reals": {
                "O": 465
            },
            "preds": {
                "O": 465
            }
        }
    },
    "Addressee_sector": {
        "metrics": {
            "precision": 0.5649202733485194,
            "recall": 0.7607361963190185,
            "f1": 0.6483660130718955,
            "number": 326
        },
        "counts": {
            "reals": {
                "O": 461,
                "B": 4
            },
            "preds": {
                "O": 461,
                "B": 4
            }
        }
    },
    "Authority_default": {
        "metrics": {
            "precision": 0.35315985130111527,
            "recall": 0.5307262569832403,
            "f1": 0.42410714285714285,
            "number": 179
        },
        "counts": {
            "reals": {
                "O": 462,
                "B": 3
            },
            "preds": {
                "O": 462,
                "B": 3
            }
        }
    },
    "Authority_established": {
        "metrics": {
            "precision": 0.0,
            "recall": 0.0,
            "f1": 0.0,
            "number": 1
        },
        "counts": {
            "reals": {
                "O": 465
            },
            "preds": {
                "O": 465
            }
        }
    },
    "Authority_legislative": {
        "metrics": {
            "precision": 0.7894736842105263,
            "recall": 0.5660377358490566,
            "f1": 0.6593406593406593,
            "number": 53
        },
        "counts": {
            "reals": {
                "O": 465
            },
            "preds": {
                "O": 465
            }
        }
    },
    "Authority_monitoring": {
        "metrics": {
            "precision": 0.6405228758169934,
            "recall": 0.6447368421052632,
            "f1": 0.642622950819672,
            "number": 152
        },
        "counts": {
            "reals": {
                "O": 460,
                "B": 5
            },
            "preds": {
                "O": 457,
                "B": 8
            }
        }
    },
    "Edu_Outreach": {
        "metrics": {
            "precision": 0.0,
            "recall": 0.0,
            "f1": 0.0,
            "number": 40
        },
        "counts": {
            "reals": {
                "O": 464,
                "B": 1
            },
            "preds": {
                "O": 465
            }
        }
    },
    "Form_monitoring": {
        "metrics": {
            "precision": 0.5377358490566038,
            "recall": 0.6229508196721312,
            "f1": 0.5772151898734178,
            "number": 366
        },
        "counts": {
            "reals": {
                "O": 436,
                "B": 8,
                "I": 21
            },
            "preds": {
                "O": 457,
                "B": 7,
                "I": 1
            }
        }
    },
    "Form_sanctioning": {
        "metrics": {
            "precision": 0.0,
            "recall": 0.0,
            "f1": 0.0,
            "number": 16
        },
        "counts": {
            "reals": {
                "O": 465
            },
            "preds": {
                "O": 465
            }
        }
    },
    "FrameworkPolicy": {
        "metrics": {
            "precision": 0.5689655172413793,
            "recall": 0.4342105263157895,
            "f1": 0.49253731343283585,
            "number": 76
        },
        "counts": {
            "reals": {
                "O": 465
            },
            "preds": {
                "O": 465
            }
        }
    },
    "Objective_QualIntention": {
        "metrics": {
            "precision": 0.0707070707070707,
            "recall": 0.09722222222222222,
            "f1": 0.08187134502923976,
            "number": 72
        },
        "counts": {
            "reals": {
                "O": 452,
                "B": 2,
                "I": 11
            },
            "preds": {
                "O": 465
            }
        }
    },
    "Objective_QualIntention_noCCM": {
        "metrics": {
            "precision": 0.0,
            "recall": 0.0,
            "f1": 0.0,
            "number": 53
        },
        "counts": {
            "reals": {
                "O": 465
            },
            "preds": {
                "O": 465
            }
        }
    },
    "Objective_QuantTarget": {
        "metrics": {
            "precision": 0.024390243902439025,
            "recall": 0.021739130434782608,
            "f1": 0.02298850574712644,
            "number": 46
        },
        "counts": {
            "reals": {
                "O": 465
            },
            "preds": {
                "O": 465
            }
        }
    },
    "Objective_QuantTarget_noCCM": {
        "metrics": {
            "overall_precision": 0.0,
            "overall_recall": 0.0,
            "overall_f1": 0.0,
            "overall_accuracy": 1.0
        },
        "counts": {
            "reals": {
                "O": 465
            },
            "preds": {
                "O": 465
            }
        }
    },
    "PublicInvt": {
        "metrics": {
            "precision": 0.0,
            "recall": 0.0,
            "f1": 0.0,
            "number": 24
        },
        "counts": {
            "reals": {
                "O": 465
            },
            "preds": {
                "O": 465
            }
        }
    },
    "RD_D": {
        "metrics": {
            "precision": 0.0,
            "recall": 0.0,
            "f1": 0.0,
            "number": 2
        },
        "counts": {
            "reals": {
                "O": 465
            },
            "preds": {
                "O": 465
            }
        }
    },
    "Ref_OtherPolicy": {
        "metrics": {
            "precision": 0.6345177664974619,
            "recall": 0.7352941176470589,
            "f1": 0.6811989100817439,
            "number": 170
        },
        "counts": {
            "reals": {
                "O": 449,
                "B": 2,
                "I": 14
            },
            "preds": {
                "O": 449,
                "B": 2,
                "I": 14
            }
        }
    },
    "Ref_PolicyAmended": {
        "metrics": {
            "precision": 0.08333333333333333,
            "recall": 0.023809523809523808,
            "f1": 0.037037037037037035,
            "number": 42
        },
        "counts": {
            "reals": {
                "O": 465
            },
            "preds": {
                "O": 465
            }
        }
    },
    "Ref_Strategy_Agreement": {
        "metrics": {
            "precision": 0.3888888888888889,
            "recall": 0.4117647058823529,
            "f1": 0.39999999999999997,
            "number": 34
        },
        "counts": {
            "reals": {
                "O": 465
            },