{
    "Addressee_default": {
        "metrics": {
            "precision": 0.43641618497109824,
            "recall": 0.4660493827160494,
            "f1": 0.45074626865671646,
            "number": 324
        },
        "counts": {
            "reals": {
                "O": 58
            },
            "preds": {
                "O": 58
            }
        }
    },
    "Addressee_monitored": {
        "metrics": {
            "precision": 0.4451219512195122,
            "recall": 0.6636363636363637,
            "f1": 0.5328467153284672,
            "number": 110
        },
        "counts": {
            "reals": {
                "O": 58
            },
            "preds": {
                "O": 58
            }
        }
    },
    "Addressee_resource": {
        "metrics": {
            "precision": 0.0,
            "recall": 0.0,
            "f1": 0.0,
            "number": 26
        },
        "counts": {
            "reals": {
                "O": 58
            },
            "preds": {
                "O": 58
            }
        }
    },
    "Addressee_sector": {
        "metrics": {
            "precision": 0.525691699604743,
            "recall": 0.5298804780876494,
            "f1": 0.5277777777777778,
            "number": 251
        },
        "counts": {
            "reals": {
                "O": 58
            },
            "preds": {
                "O": 58
            }
        }
    },
    "Authority_default": {
        "metrics": {
            "precision": 0.56,
            "recall": 0.3010752688172043,
            "f1": 0.39160839160839167,
            "number": 186
        },
        "counts": {
            "reals": {
                "O": 53,
                "B": 5
            },
            "preds": {
                "O": 53,
                "B": 5
            }
        }
    },
    "Authority_established": {
        "metrics": {
            "precision": 0.0,
            "recall": 0.0,
            "f1": 0.0,
            "number": 22
        },
        "counts": {
            "reals": {
                "O": 58
            },
            "preds": {
                "O": 58
            }
        }
    },
    "Authority_legislative": {
        "metrics": {
            "precision": 0.9,
            "recall": 0.6136363636363636,
            "f1": 0.7297297297297297,
            "number": 44
        },
        "counts": {
            "reals": {
                "O": 58
            },
            "preds": {
                "O": 58
            }
        }
    },
    "Authority_monitoring": {
        "metrics": {
            "precision": 0.47761194029850745,
            "recall": 0.8275862068965517,
            "f1": 0.6056782334384858,
            "number": 116
        },
        "counts": {
            "reals": {
                "O": 58
            },
            "preds": {
                "O": 58
            }
        }
    },
    "Edu_Outreach": {
        "metrics": {
            "precision": 0.296875,
            "recall": 0.3220338983050847,
            "f1": 0.30894308943089427,
            "number": 59
        },
        "counts": {
            "reals": {
                "O": 58
            },
            "preds": {
                "O": 58
            }
        }
    },
    "Form_monitoring": {
        "metrics": {
            "precision": 0.4337078651685393,
            "recall": 0.5626822157434402,
            "f1": 0.48984771573604063,
            "number": 343
        },
        "counts": {
            "reals": {
                "O": 58
            },
            "preds": {
                "O": 58
            }
        }
    },
    "Form_sanctioning": {
        "metrics": {
            "precision": 0.0,
            "recall": 0.0,
            "f1": 0.0,
            "number": 7
        },
        "counts": {
            "reals": {
                "O": 58
            },
            "preds": {
                "O": 58
            }
        }
    },
    "FrameworkPolicy": {
        "metrics": {
            "precision": 0.6521739130434783,
            "recall": 0.6716417910447762,
            "f1": 0.6617647058823529,
            "number": 67
        },
        "counts": {
            "reals": {
                "O": 58
            },
            "preds": {
                "O": 58
            }
        }
    },
    "Objective_QualIntention": {
        "metrics": {
            "precision": 0.18407960199004975,
            "recall": 0.25874125874125875,
            "f1": 0.21511627906976744,
            "number": 143
        },
        "counts": {
            "reals": {
                "O": 58
            },
            "preds": {
                "O": 58
            }
        }
    },
    "Objective_QualIntention_noCCM": {
        "metrics": {
            "precision": 0.037037037037037035,
            "recall": 0.043478260869565216,
            "f1": 0.039999999999999994,
            "number": 46
        },
        "counts": {
            "reals": {
                "O": 58
            },
            "preds": {
                "O": 58
            }
        }
    },
    "Objective_QuantTarget": {
        "metrics": {
            "precision": 0.1728395061728395,
            "recall": 0.3783783783783784,
            "f1": 0.23728813559322032,
            "number": 37
        },
        "counts": {
            "reals": {
                "O": 58
            },
            "preds": {
                "O": 58
            }
        }
    },
    "Objective_QuantTarget_noCCM": {
        "metrics": {
            "precision": 0.0,
            "recall": 0.0,
            "f1": 0.0,
            "number": 1
        },
        "counts": {
            "reals": {
                "O": 58
            },
            "preds": {
                "O": 58
            }
        }
    },
    "PublicInvt": {
        "metrics": {
            "precision": 0.16666666666666666,
            "recall": 0.09090909090909091,
            "f1": 0.11764705882352942,
            "number": 33
        },
        "counts": {
            "reals": {
                "O": 58
            },
            "preds": {
                "O": 58
            }
        }
    },
    "RD_D": {
        "metrics": {
            "precision": 0.0,
            "recall": 0.0,
            "f1": 0.0,
            "number": 3
        },
        "counts": {
            "reals": {
                "O": 58
            },
            "preds": {
                "O": 58
            }
        }
    },
    "Ref_OtherPolicy": {
        "metrics": {
            "precision": 0.7017543859649122,
            "recall": 0.821917808219178,
            "f1": 0.7570977917981072,
            "number": 146
        },
        "counts": {
            "reals": {
                "O": 42,
                "B": 2,
                "I": 14
            },
            "preds": {
                "O": 42,
                "B": 2,
                "I": 14
            }
        }
    },
    "Ref_PolicyAmended": {
        "metrics": {
            "precision": 0.13636363636363635,
            "recall": 0.11538461538461539,
            "f1": 0.12499999999999997,
            "number": 26
        },
        "counts": {
            "reals": {
                "O": 58
            },
            "preds": {
                "O": 58
            }
        }
    },
    "Ref_Strategy_Agreement": {
        "metrics": {
            "precision": 0.5151515151515151,
            "recall": 0.32075471698113206,
            "f1": 0.39534883720930236,
            "number": 53
        },
        "counts": {
            "reals": {
                "O": 58
            },
            "preds": {
                "O": 58
            }
        }
    },
    "RegulatoryInstr": {
        "metrics": {
            "precision": 0.4540540540540541,
            "recall": 0.340080971659919,
            "f1": 0.3888888888888889,
            "number": 247
        },
        "counts": {
            "reals": {
                "O": 58
            },