{
    "Addressee_default": {
        "metrics": {
            "precision": 0.5240549828178694,
            "recall": 0.7261904761904762,
            "f1": 0.6087824351297405,
            "number": 420
        },
        "counts": {
            "reals": {
                "O": 29
            },
            "preds": {
                "O": 29
            }
        }
    },
    "Addressee_monitored": {
        "metrics": {
            "precision": 0.6,
            "recall": 0.24107142857142858,
            "f1": 0.34394904458598724,
            "number": 112
        },
        "counts": {
            "reals": {
                "O": 29
            },
            "preds": {
                "O": 29
            }
        }
    },
    "Addressee_resource": {
        "metrics": {
            "precision": 0.0,
            "recall": 0.0,
            "f1": 0.0,
            "number": 39
        },
        "counts": {
            "reals": {
                "O": 29
            },
            "preds": {
                "O": 29
            }
        }
    },
    "Addressee_sector": {
        "metrics": {
            "precision": 0.571875,
            "recall": 0.538235294117647,
            "f1": 0.5545454545454546,
            "number": 340
        },
        "counts": {
            "reals": {
                "O": 29
            },
            "preds": {
                "O": 29
            }
        }
    },
    "Authority_default": {
        "metrics": {
            "precision": 0.4492753623188406,
            "recall": 0.33513513513513515,
            "f1": 0.38390092879256965,
            "number": 185
        },
        "counts": {
            "reals": {
                "O": 29
            },
            "preds": {
                "O": 29
            }
        }
    },
    "Authority_established": {
        "metrics": {
            "precision": 0.0,
            "recall": 0.0,
            "f1": 0.0,
            "number": 23
        },
        "counts": {
            "reals": {
                "O": 29
            },
            "preds": {
                "O": 29
            }
        }
    },
    "Authority_legislative": {
        "metrics": {
            "precision": 0.6388888888888888,
            "recall": 0.7419354838709677,
            "f1": 0.6865671641791045,
            "number": 62
        },
        "counts": {
            "reals": {
                "O": 29
            },
            "preds": {
                "O": 29
            }
        }
    },
    "Authority_monitoring": {
        "metrics": {
            "precision": 0.8585858585858586,
            "recall": 0.5629139072847682,
            "f1": 0.68,
            "number": 151
        },
        "counts": {
            "reals": {
                "O": 29
            },
            "preds": {
                "O": 29
            }
        }
    },
    "Edu_Outreach": {
        "metrics": {
            "precision": 0.027777777777777776,
            "recall": 0.02,
            "f1": 0.023255813953488372,
            "number": 50
        },
        "counts": {
            "reals": {
                "O": 29
            },
            "preds": {
                "O": 29
            }
        }
    },
    "Form_monitoring": {
        "metrics": {
            "precision": 0.41379310344827586,
            "recall": 0.5765765765765766,
            "f1": 0.4818067754077791,
            "number": 333
        },
        "counts": {
            "reals": {
                "O": 29
            },
            "preds": {
                "O": 29
            }
        }
    },
    "Form_sanctioning": {
        "metrics": {
            "precision": 0.0,
            "recall": 0.0,
            "f1": 0.0,
            "number": 10
        },
        "counts": {
            "reals": {
                "O": 29
            },
            "preds": {
                "O": 29
            }
        }
    },
    "FrameworkPolicy": {
        "metrics": {
            "precision": 0.660377358490566,
            "recall": 0.5737704918032787,
            "f1": 0.6140350877192982,
            "number": 61
        },
        "counts": {
            "reals": {
                "O": 29
            },
            "preds": {
                "O": 29
            }
        }
    },
    "Objective_QualIntention": {
        "metrics": {
            "precision": 0.08045977011494253,
            "recall": 0.05555555555555555,
            "f1": 0.06572769953051644,
            "number": 126
        },
        "counts": {
            "reals": {
                "O": 29
            },
            "preds": {
                "O": 29
            }
        }
    },
    "Objective_QualIntention_noCCM": {
        "metrics": {
            "precision": 0.0,
            "recall": 0.0,
            "f1": 0.0,
            "number": 50
        },
        "counts": {
            "reals": {
                "O": 29
            },
            "preds": {
                "O": 29
            }
        }
    },
    "Objective_QuantTarget": {
        "metrics": {
            "precision": 0.0,
            "recall": 0.0,
            "f1": 0.0,
            "number": 46
        },
        "counts": {
            "reals": {
                "O": 29
            },
            "preds": {
                "O": 29
            }
        }
    },
    "Objective_QuantTarget_noCCM": {
        "metrics": {
            "precision": 0.0,
            "recall": 0.0,
            "f1": 0.0,
            "number": 2
        },
        "counts": {
            "reals": {
                "O": 29
            },
            "preds": {
                "O": 29
            }
        }
    },
    "PublicInvt": {
        "metrics": {
            "precision": 0.0,
            "recall": 0.0,
            "f1": 0.0,
            "number": 21
        },
        "counts": {
            "reals": {
                "O": 29
            },
            "preds": {
                "O": 29
            }
        }
    },
    "RD_D": {
        "metrics": {
            "precision": 0.0,
            "recall": 0.0,
            "f1": 0.0,
            "number": 6
        },
        "counts": {
            "reals": {
                "O": 29
            },
            "preds": {
                "O": 29
            }
        }
    },
    "Ref_OtherPolicy": {
        "metrics": {
            "precision": 0.6633663366336634,
            "recall": 0.8701298701298701,
            "f1": 0.7528089887640449,
            "number": 154
        },
        "counts": {
            "reals": {
                "O": 29
            },
            "preds": {
                "O": 29
            }
        }
    },
    "Ref_PolicyAmended": {
        "metrics": {
            "precision": 0.05,
            "recall": 0.037037037037037035,
            "f1": 0.0425531914893617,
            "number": 27
        },
        "counts": {
            "reals": {
                "O": 29
            },
            "preds": {
                "O": 29
            }
        }
    },
    "Ref_Strategy_Agreement": {
        "metrics": {
            "precision": 0.38095238095238093,
            "recall": 0.3855421686746988,
            "f1": 0.3832335329341317,
            "number": 83
        },
        "counts": {
            "reals": {
                "O": 29
            },
            "preds": {
                "O": 29
            }
        }
    },
    "RegulatoryInstr": {
        "metrics": {
            "precision": 0.4658119658119658,
            "recall": 0.36577181208053694,
            "f1": 0.40977443609022557,
            "number": 298
        },
        "counts": {
            "reals": {
                "O": 29
            },
            "preds": {
                "O": 29
            }
        }
    },
    "Resource_MonRevenues": {
        "metrics": {
            "precision": 0.0,
            "recall": 0.0,
            "f1": 0.0,
            "number": 13
        },
        "counts": {
            "reals": {
                "O": 29
            },