{
    "Addressee_default": {
        "metrics": {
            "precision": 0.5617391304347826,
            "recall": 0.6646090534979424,
            "f1": 0.6088595664467483,
            "number": 486
        },
        "counts": {
            "reals": {
                "O": 373,
                "B": 5,
                "I": 3
            },
            "preds": {
                "O": 375,
                "B": 3,
                "I": 3
            }
        }
    },
    "Addressee_monitored": {
        "metrics": {
            "precision": 0.546875,
            "recall": 0.3763440860215054,
            "f1": 0.445859872611465,
            "number": 93
        },
        "counts": {
            "reals": {
                "O": 381
            },
            "preds": {
                "O": 381
            }
        }
    },
    "Addressee_resource": {
        "metrics": {
            "precision": 0.0,
            "recall": 0.0,
            "f1": 0.0,
            "number": 51
        },
        "counts": {
            "reals": {
                "O": 381
            },
            "preds": {
                "O": 381
            }
        }
    },
    "Addressee_sector": {
        "metrics": {
            "precision": 0.49079754601226994,
            "recall": 0.5776173285198556,
            "f1": 0.5306799336650083,
            "number": 277
        },
        "counts": {
            "reals": {
                "O": 359,
                "B": 6,
                "I": 16
            },
            "preds": {
                "O": 365,
                "B": 5,
                "I": 11
            }
        }
    },
    "Authority_default": {
        "metrics": {
            "precision": 0.38386308068459657,
            "recall": 0.7168949771689498,
            "f1": 0.5,
            "number": 219
        },
        "counts": {
            "reals": {
                "O": 379,
                "B": 2
            },
            "preds": {
                "O": 379,
                "B": 2
            }
        }
    },
    "Authority_established": {
        "metrics": {
            "precision": 0.0,
            "recall": 0.0,
            "f1": 0.0,
            "number": 31
        },
        "counts": {
            "reals": {
                "O": 381
            },
            "preds": {
                "O": 381
            }
        }
    },
    "Authority_legislative": {
        "metrics": {
            "precision": 0.7469879518072289,
            "recall": 0.9117647058823529,
            "f1": 0.8211920529801324,
            "number": 68
        },
        "counts": {
            "reals": {
                "O": 381
            },
            "preds": {
                "O": 381
            }
        }
    },
    "Authority_monitoring": {
        "metrics": {
            "precision": 0.7241379310344828,
            "recall": 0.6176470588235294,
            "f1": 0.6666666666666667,
            "number": 136
        },
        "counts": {
            "reals": {
                "O": 381
            },
            "preds": {
                "O": 381
            }
        }
    },
    "Edu_Outreach": {
        "metrics": {
            "precision": 0.02,
            "recall": 0.013157894736842105,
            "f1": 0.015873015873015872,
            "number": 76
        },
        "counts": {
            "reals": {
                "O": 381
            },
            "preds": {
                "O": 381
            }
        }
    },
    "Form_monitoring": {
        "metrics": {
            "precision": 0.5053304904051172,
            "recall": 0.5107758620689655,
            "f1": 0.5080385852090031,
            "number": 464
        },
        "counts": {
            "reals": {
                "O": 381
            },
            "preds": {
                "O": 381
            }
        }
    },
    "Form_sanctioning": {
        "metrics": {
            "precision": 0.0,
            "recall": 0.0,
            "f1": 0.0,
            "number": 1
        },
        "counts": {
            "reals": {
                "O": 381
            },
            "preds": {
                "O": 381
            }
        }
    },
    "FrameworkPolicy": {
        "metrics": {
            "precision": 0.4444444444444444,
            "recall": 0.7536231884057971,
            "f1": 0.5591397849462365,
            "number": 69
        },
        "counts": {
            "reals": {
                "O": 381
            },
            "preds": {
                "O": 381
            }
        }
    },
    "Objective_QualIntention": {
        "metrics": {
            "precision": 0.15,
            "recall": 0.24242424242424243,
            "f1": 0.18532818532818532,
            "number": 99
        },
        "counts": {
            "reals": {
                "O": 381
            },
            "preds": {
                "O": 381
            }
        }
    },
    "Objective_QualIntention_noCCM": {
        "metrics": {
            "precision": 0.0,
            "recall": 0.0,
            "f1": 0.0,
            "number": 38
        },
        "counts": {
            "reals": {
                "O": 381
            },
            "preds": {
                "O": 381
            }
        }
    },
    "Objective_QuantTarget": {
        "metrics": {
            "precision": 0.06086956521739131,
            "recall": 0.18421052631578946,
            "f1": 0.0915032679738562,
            "number": 38
        },
        "counts": {
            "reals": {
                "O": 381
            },
            "preds": {
                "O": 381
            }
        }
    },
    "Objective_QuantTarget_noCCM": {
        "metrics": {
            "precision": 0.0,
            "recall": 0.0,
            "f1": 0.0,
            "number": 2
        },
        "counts": {
            "reals": {
                "O": 381
            },
            "preds": {
                "O": 381
            }
        }
    },
    "PublicInvt": {
        "metrics": {
            "precision": 0.2777777777777778,
            "recall": 0.25,
            "f1": 0.2631578947368421,
            "number": 20
        },
        "counts": {
            "reals": {
                "O": 381
            },
            "preds": {
                "O": 381
            }
        }
    },
    "RD_D": {
        "metrics": {
            "precision": 0.0,
            "recall": 0.0,
            "f1": 0.0,
            "number": 5
        },
        "counts": {
            "reals": {
                "O": 381
            },
            "preds": {
                "O": 381
            }
        }
    },
    "Ref_OtherPolicy": {
        "metrics": {
            "precision": 0.641860465116279,
            "recall": 0.7885714285714286,
            "f1": 0.7076923076923076,
            "number": 175
        },
        "counts": {
            "reals": {
                "O": 375,
                "B": 3,
                "I": 3
            },
            "preds": {
                "O": 381
            }
        }
    },
    "Ref_PolicyAmended": {
        "metrics": {
            "precision": 0.38095238095238093,
            "recall": 0.2962962962962963,
            "f1": 0.3333333333333333,
            "number": 27
        },
        "counts": {
            "reals": {
                "O": 381
            },
            "preds": {
                "O": 381
            }
        }
    },
    "Ref_Strategy_Agreement": {
        "metrics": {
            "precision": 0.3302752293577982,
            "recall": 0.46153846153846156,
            "f1": 0.3850267379679144,
            "number": 78
        },
        "counts": {
            "reals": {
                "O": 381
            },
            "preds": {
                "O": 381
            }
        }
    },
    "RegulatoryInstr": {
        "metrics": {
            "precision": 0.41025641025641024,
            "recall": 0.4132841328413284,
            "f1": 0.41176470588235287,
            "number": 271
        },