{
    "Addressee_default": {
        "metrics": {
            "precision": 0.5331695331695332,
            "recall": 0.6867088607594937,
            "f1": 0.6002766251728908,
            "number": 316
        },
        "counts": {
            "reals": {
                "O": 58
            },
            "preds": {
                "O": 58
            }
        }
    },
    "Addressee_monitored": {
        "metrics": {
            "precision": 0.4878048780487805,
            "recall": 0.5504587155963303,
            "f1": 0.5172413793103449,
            "number": 109
        },
        "counts": {
            "reals": {
                "O": 58
            },
            "preds": {
                "O": 58
            }
        }
    },
    "Addressee_resource": {
        "metrics": {
            "precision": 0.0,
            "recall": 0.0,
            "f1": 0.0,
            "number": 23
        },
        "counts": {
            "reals": {
                "O": 58
            },
            "preds": {
                "O": 58
            }
        }
    },
    "Addressee_sector": {
        "metrics": {
            "precision": 0.6459143968871596,
            "recall": 0.6775510204081633,
            "f1": 0.6613545816733069,
            "number": 245
        },
        "counts": {
            "reals": {
                "O": 58
            },
            "preds": {
                "O": 58
            }
        }
    },
    "Authority_default": {
        "metrics": {
            "precision": 0.5793103448275863,
            "recall": 0.48554913294797686,
            "f1": 0.5283018867924529,
            "number": 173
        },
        "counts": {
            "reals": {
                "O": 53,
                "B": 5
            },
            "preds": {
                "O": 53,
                "B": 5
            }
        }
    },
    "Authority_established": {
        "metrics": {
            "precision": 0.0,
            "recall": 0.0,
            "f1": 0.0,
            "number": 17
        },
        "counts": {
            "reals": {
                "O": 58
            },
            "preds": {
                "O": 58
            }
        }
    },
    "Authority_legislative": {
        "metrics": {
            "precision": 0.696969696969697,
            "recall": 0.6216216216216216,
            "f1": 0.6571428571428571,
            "number": 37
        },
        "counts": {
            "reals": {
                "O": 58
            },
            "preds": {
                "O": 58
            }
        }
    },
    "Authority_monitoring": {
        "metrics": {
            "precision": 0.5571428571428572,
            "recall": 0.65,
            "f1": 0.6,
            "number": 120
        },
        "counts": {
            "reals": {
                "O": 58
            },
            "preds": {
                "O": 58
            }
        }
    },
    "Edu_Outreach": {
        "metrics": {
            "precision": 0.5238095238095238,
            "recall": 0.20754716981132076,
            "f1": 0.29729729729729726,
            "number": 53
        },
        "counts": {
            "reals": {
                "O": 58
            },
            "preds": {
                "O": 58
            }
        }
    },
    "Form_monitoring": {
        "metrics": {
            "precision": 0.475177304964539,
            "recall": 0.5677966101694916,
            "f1": 0.5173745173745173,
            "number": 354
        },
        "counts": {
            "reals": {
                "O": 58
            },
            "preds": {
                "O": 58
            }
        }
    },
    "Form_sanctioning": {
        "metrics": {
            "precision": 0.0,
            "recall": 0.0,
            "f1": 0.0,
            "number": 8
        },
        "counts": {
            "reals": {
                "O": 58
            },
            "preds": {
                "O": 58
            }
        }
    },
    "FrameworkPolicy": {
        "metrics": {
            "precision": 0.5932203389830508,
            "recall": 0.6140350877192983,
            "f1": 0.6034482758620691,
            "number": 57
        },
        "counts": {
            "reals": {
                "O": 58
            },
            "preds": {
                "O": 58
            }
        }
    },
    "Objective_QualIntention": {
        "metrics": {
            "precision": 0.17647058823529413,
            "recall": 0.16783216783216784,
            "f1": 0.17204301075268819,
            "number": 143
        },
        "counts": {
            "reals": {
                "O": 58
            },
            "preds": {
                "O": 58
            }
        }
    },
    "Objective_QualIntention_noCCM": {
        "metrics": {
            "precision": 0.0,
            "recall": 0.0,
            "f1": 0.0,
            "number": 44
        },
        "counts": {
            "reals": {
                "O": 58
            },
            "preds": {
                "O": 58
            }
        }
    },
    "Objective_QuantTarget": {
        "metrics": {
            "precision": 0.11290322580645161,
            "recall": 0.18421052631578946,
            "f1": 0.14,
            "number": 38
        },
        "counts": {
            "reals": {
                "O": 58
            },
            "preds": {
                "O": 58
            }
        }
    },
    "Objective_QuantTarget_noCCM": {
        "metrics": {
            "precision": 0.0,
            "recall": 0.0,
            "f1": 0.0,
            "number": 1
        },
        "counts": {
            "reals": {
                "O": 58
            },
            "preds": {
                "O": 58
            }
        }
    },
    "PublicInvt": {
        "metrics": {
            "precision": 0.0,
            "recall": 0.0,
            "f1": 0.0,
            "number": 27
        },
        "counts": {
            "reals": {
                "O": 58
            },
            "preds": {
                "O": 58
            }
        }
    },
    "RD_D": {
        "metrics": {
            "precision": 0.0,
            "recall": 0.0,
            "f1": 0.0,
            "number": 2
        },
        "counts": {
            "reals": {
                "O": 58
            },
            "preds": {
                "O": 58
            }
        }
    },
    "Ref_OtherPolicy": {
        "metrics": {
            "precision": 0.5767195767195767,
            "recall": 0.8014705882352942,
            "f1": 0.6707692307692308,
            "number": 136
        },
        "counts": {
            "reals": {
                "O": 42,
                "B": 2,
                "I": 14
            },
            "preds": {
                "O": 42,
                "B": 2,
                "I": 14
            }
        }
    },
    "Ref_PolicyAmended": {
        "metrics": {
            "precision": 0.0,
            "recall": 0.0,
            "f1": 0.0,
            "number": 26
        },
        "counts": {
            "reals": {
                "O": 58
            },
            "preds": {
                "O": 58
            }
        }
    },
    "Ref_Strategy_Agreement": {
        "metrics": {
            "precision": 0.5294117647058824,
            "recall": 0.5,
            "f1": 0.5142857142857143,
            "number": 54
        },
        "counts": {
            "reals": {
                "O": 58
            },
            "preds": {
                "O": 58
            }
        }
    },
    "RegulatoryInstr": {
        "metrics": {
            "precision": 0.3434343434343434,
            "recall": 0.41975308641975306,
            "f1": 0.37777777777777777,
            "number": 243
        },
        "counts": {
            "reals": {
                "O": 58
            },
            "preds": {
                "O": 58
            }
        }
    },
    "Resource_MonRevenues": {
        "metrics": {
            "precision": 0.0,
            "recall": 0.0,