{
    "Addressee_default": {
        "precision": 0.5094664371772806,
        "recall": 0.6244725738396625,
        "f1": 0.5611374407582937,
        "number": 474
    },
    "Addressee_monitored": {
        "precision": 0.4411764705882353,
        "recall": 0.5232558139534884,
        "f1": 0.4787234042553191,
        "number": 86
    },
    "Addressee_resource": {
        "precision": 0.0,
        "recall": 0.0,
        "f1": 0.0,
        "number": 48
    },
    "Addressee_sector": {
        "precision": 0.38114754098360654,
        "recall": 0.34831460674157305,
        "f1": 0.36399217221135033,
        "number": 267
    },
    "Authority_default": {
        "precision": 0.4656084656084656,
        "recall": 0.4292682926829268,
        "f1": 0.4467005076142132,
        "number": 205
    },
    "Authority_established": {
        "precision": 0.0,
        "recall": 0.0,
        "f1": 0.0,
        "number": 27
    },
    "Authority_legislative": {
        "precision": 0.7547169811320755,
        "recall": 0.5882352941176471,
        "f1": 0.6611570247933886,
        "number": 68
    },
    "Authority_monitoring": {
        "precision": 0.6107784431137725,
        "recall": 0.7786259541984732,
        "f1": 0.6845637583892619,
        "number": 131
    },
    "Edu_Outreach": {
        "precision": 0.0273972602739726,
        "recall": 0.03125,
        "f1": 0.029197080291970802,
        "number": 64
    },
    "Form_monitoring": {
        "precision": 0.4528301886792453,
        "recall": 0.47058823529411764,
        "f1": 0.4615384615384615,
        "number": 459
    },
    "Form_sanctioning": {
        "precision": 0.0,
        "recall": 0.0,
        "f1": 0.0,
        "number": 1
    },
    "FrameworkPolicy": {
        "precision": 0.2894736842105263,
        "recall": 0.5409836065573771,
        "f1": 0.3771428571428571,
        "number": 61
    },
    "Objective_QualIntention": {
        "precision": 0.09375,
        "recall": 0.18584070796460178,
        "f1": 0.12462908011869435,
        "number": 113
    },
    "Objective_QualIntention_noCCM": {
        "precision": 0.0,
        "recall": 0.0,
        "f1": 0.0,
        "number": 41
    },
    "Objective_QuantTarget": {
        "precision": 0.04310344827586207,
        "recall": 0.11627906976744186,
        "f1": 0.06289308176100629,
        "number": 43
    },
    "Objective_QuantTarget_noCCM": {
        "precision": 0.0,
        "recall": 0.0,
        "f1": 0.0,
        "number": 2
    },
    "PublicInvt": {
        "precision": 0.22580645161290322,
        "recall": 0.3684210526315789,
        "f1": 0.28,
        "number": 19
    },
    "RD_D": {
        "precision": 0.0,
        "recall": 0.0,
        "f1": 0.0,
        "number": 5
    },
    "Ref_OtherPolicy": {
        "precision": 0.4722222222222222,
        "recall": 0.5862068965517241,
        "f1": 0.523076923076923,
        "number": 174
    },
    "Ref_PolicyAmended": {
        "precision": 0.53125,
        "recall": 0.6296296296296297,
        "f1": 0.5762711864406779,
        "number": 27
    },
    "Ref_Strategy_Agreement": {
        "precision": 0.32,
        "recall": 0.3037974683544304,
        "f1": 0.3116883116883117,
        "number": 79
    },
    "RegulatoryInstr": {
        "precision": 0.34545454545454546,
        "recall": 0.25,
        "f1": 0.2900763358778626,
        "number": 228
    },
    "Resource_MonRevenues": {
        "precision": 0.4,
        "recall": 0.25,
        "f1": 0.3076923076923077,
        "number": 8
    },
    "Resource_MonSpending": {
        "precision": 0.0,
        "recall": 0.0,
        "f1": 0.0,
        "number": 15
    },
    "Resource_Other": {
        "precision": 0.21428571428571427,
        "recall": 0.125,
        "f1": 0.15789473684210525,
        "number": 120
    },
    "Reversibility_policy": {
        "precision": 0.0,
        "recall": 0.0,
        "f1": 0.0,
        "number": 3
    },
    "Subsidies_Incentives": {
        "precision": 0.6666666666666666,
        "recall": 0.2857142857142857,
        "f1": 0.4,
        "number": 14
    },
    "TaxIncentives": {
        "precision": 0.0,
        "recall": 0.0,
        "f1": 0.0,
        "number": 9
    },
    "Time_Compliance": {
        "precision": 0.22,
        "recall": 0.2972972972972973,
        "f1": 0.2528735632183908,
        "number": 74
    },
    "Time_InEffect": {
        "precision": 0.05714285714285714,
        "recall": 0.15384615384615385,
        "f1": 0.08333333333333333,
        "number": 13
    },
    "Time_Monitoring": {
        "precision": 0.3055555555555556,
        "recall": 0.36065573770491804,
        "f1": 0.33082706766917297,
        "number": 61
    },
    "Time_PolDuration": {
        "precision": 0.0,
        "recall": 0.0,
        "f1": 0.0,
        "number": 4
    },
    "Time_Resources": {
        "precision": 0.0,
        "recall": 0.0,
        "f1": 0.0,
        "number": 6
    },
    "TradablePermit": {
        "precision": 0.16666666666666666,
        "recall": 0.08333333333333333,
        "f1": 0.1111111111111111,
        "number": 12
    },
    "Unspecified": {
        "precision": 0.3793103448275862,
        "recall": 0.484,
        "f1": 0.42530755711775037,
        "number": 250
    },
    "VoluntaryAgrmt": {
        "precision": 0.3333333333333333,
        "recall": 0.23076923076923078,
        "f1": 0.27272727272727276,
        "number": 13
    },
    "overall_precision": 0.3765102556898005,
    "overall_recall": 0.41563275434243174,
    "overall_f1": 0.39510541058528675,
    "overall_accuracy": 0.8480933091213857
}