{
    "Addressee_default": {
        "precision": 0.5274336283185841,
        "recall": 0.6221294363256785,
        "f1": 0.5708812260536399,
        "number": 479
    },
    "Addressee_monitored": {
        "precision": 0.5352112676056338,
        "recall": 0.2992125984251969,
        "f1": 0.38383838383838387,
        "number": 127
    },
    "Addressee_resource": {
        "precision": 0.6666666666666666,
        "recall": 0.08695652173913043,
        "f1": 0.15384615384615383,
        "number": 23
    },
    "Addressee_sector": {
        "precision": 0.5077951002227171,
        "recall": 0.7378640776699029,
        "f1": 0.6015831134564643,
        "number": 309
    },
    "Authority_default": {
        "precision": 0.35537190082644626,
        "recall": 0.48044692737430167,
        "f1": 0.4085510688836104,
        "number": 179
    },
    "Authority_established": {
        "precision": 0.0,
        "recall": 0.0,
        "f1": 0.0,
        "number": 2
    },
    "Authority_legislative": {
        "precision": 0.6851851851851852,
        "recall": 0.6727272727272727,
        "f1": 0.6788990825688074,
        "number": 55
    },
    "Authority_monitoring": {
        "precision": 0.6728395061728395,
        "recall": 0.7315436241610739,
        "f1": 0.7009646302250804,
        "number": 149
    },
    "Edu_Outreach": {
        "precision": 0.0,
        "recall": 0.0,
        "f1": 0.0,
        "number": 25
    },
    "Form_monitoring": {
        "precision": 0.510548523206751,
        "recall": 0.6419098143236074,
        "f1": 0.5687426556991774,
        "number": 377
    },
    "Form_sanctioning": {
        "precision": 0.8,
        "recall": 0.32,
        "f1": 0.45714285714285713,
        "number": 25
    },
    "FrameworkPolicy": {
        "precision": 0.6461538461538462,
        "recall": 0.5185185185185185,
        "f1": 0.5753424657534246,
        "number": 81
    },
    "Objective_QualIntention": {
        "precision": 0.1464968152866242,
        "recall": 0.2839506172839506,
        "f1": 0.19327731092436973,
        "number": 81
    },
    "Objective_QualIntention_noCCM": {
        "precision": 0.11320754716981132,
        "recall": 0.1791044776119403,
        "f1": 0.13872832369942198,
        "number": 67
    },
    "Objective_QuantTarget": {
        "precision": 0.20238095238095238,
        "recall": 0.3333333333333333,
        "f1": 0.2518518518518518,
        "number": 51
    },
    "PublicInvt": {
        "precision": 0.18181818181818182,
        "recall": 0.09523809523809523,
        "f1": 0.125,
        "number": 21
    },
    "RD_D": {
        "precision": 0.0,
        "recall": 0.0,
        "f1": 0.0,
        "number": 3
    },
    "Ref_OtherPolicy": {
        "precision": 0.6320754716981132,
        "recall": 0.7745664739884393,
        "f1": 0.6961038961038961,
        "number": 173
    },
    "Ref_PolicyAmended": {
        "precision": 0.0625,
        "recall": 0.02127659574468085,
        "f1": 0.031746031746031744,
        "number": 47
    },
    "Ref_Strategy_Agreement": {
        "precision": 0.4722222222222222,
        "recall": 0.4857142857142857,
        "f1": 0.47887323943661975,
        "number": 35
    },
    "RegulatoryInstr": {
        "precision": 0.49466192170818507,
        "recall": 0.43302180685358255,
        "f1": 0.46179401993355484,
        "number": 321
    },
    "Resource_MonRevenues": {
        "precision": 0.1111111111111111,
        "recall": 0.1,
        "f1": 0.10526315789473685,
        "number": 10
    },
    "Resource_MonSpending": {
        "precision": 0.02564102564102564,
        "recall": 0.03571428571428571,
        "f1": 0.029850746268656716,
        "number": 28
    },
    "Resource_Other": {
        "precision": 0.12280701754385964,
        "recall": 0.1891891891891892,
        "f1": 0.14893617021276595,
        "number": 37
    },
    "Reversibility_policy": {
        "precision": 0.0,
        "recall": 0.0,
        "f1": 0.0,
        "number": 5
    },
    "Subsidies_Incentives": {
        "precision": 0.4444444444444444,
        "recall": 0.14285714285714285,
        "f1": 0.21621621621621623,
        "number": 28
    },
    "TaxIncentives": {
        "precision": 0.5,
        "recall": 0.4090909090909091,
        "f1": 0.45,
        "number": 22
    },
    "Time_Compliance": {
        "precision": 0.24031007751937986,
        "recall": 0.5740740740740741,
        "f1": 0.3387978142076503,
        "number": 54
    },
    "Time_InEffect": {
        "precision": 0.16666666666666666,
        "recall": 0.11538461538461539,
        "f1": 0.13636363636363638,
        "number": 26
    },
    "Time_Monitoring": {
        "precision": 0.2972972972972973,
        "recall": 0.375,
        "f1": 0.33165829145728637,
        "number": 88
    },
    "Time_PolDuration": {
        "precision": 0.0,
        "recall": 0.0,
        "f1": 0.0,
        "number": 8
    },
    "Time_Resources": {
        "precision": 0.0,
        "recall": 0.0,
        "f1": 0.0,
        "number": 1
    },
    "TradablePermit": {
        "precision": 0.2,
        "recall": 0.21052631578947367,
        "f1": 0.20512820512820512,
        "number": 19
    },
    "Unspecified": {
        "precision": 0.5119617224880383,
        "recall": 0.6114285714285714,
        "f1": 0.5572916666666666,
        "number": 175
    },
    "VoluntaryAgrmt": {
        "precision": 0.0,
        "recall": 0.0,
        "f1": 0.0,
        "number": 2
    },
    "overall_precision": 0.44393157751832746,
    "overall_recall": 0.5218640280880945,
    "overall_f1": 0.47975352112676056,
    "overall_accuracy": 0.8546554835969848
}