{
    "Addressee_default": {
        "precision": 0.5,
        "recall": 0.6699346405228758,
        "f1": 0.5726256983240224,
        "number": 306
    },
    "Addressee_monitored": {
        "precision": 0.5,
        "recall": 0.3018867924528302,
        "f1": 0.3764705882352941,
        "number": 106
    },
    "Addressee_resource": {
        "precision": 0.0,
        "recall": 0.0,
        "f1": 0.0,
        "number": 23
    },
    "Addressee_sector": {
        "precision": 0.5266666666666666,
        "recall": 0.6666666666666666,
        "f1": 0.5884543761638732,
        "number": 237
    },
    "Authority_default": {
        "precision": 0.4389312977099237,
        "recall": 0.6764705882352942,
        "f1": 0.5324074074074073,
        "number": 170
    },
    "Authority_established": {
        "precision": 0.0,
        "recall": 0.0,
        "f1": 0.0,
        "number": 16
    },
    "Authority_legislative": {
        "precision": 0.8461538461538461,
        "recall": 0.5945945945945946,
        "f1": 0.6984126984126985,
        "number": 37
    },
    "Authority_monitoring": {
        "precision": 0.6770833333333334,
        "recall": 0.5508474576271186,
        "f1": 0.6074766355140186,
        "number": 118
    },
    "Edu_Outreach": {
        "precision": 0.171875,
        "recall": 0.21568627450980393,
        "f1": 0.19130434782608696,
        "number": 51
    },
    "Form_monitoring": {
        "precision": 0.48058252427184467,
        "recall": 0.5546218487394958,
        "f1": 0.5149544863459038,
        "number": 357
    },
    "Form_sanctioning": {
        "precision": 1.0,
        "recall": 0.2222222222222222,
        "f1": 0.3636363636363636,
        "number": 9
    },
    "FrameworkPolicy": {
        "precision": 0.47540983606557374,
        "recall": 0.5471698113207547,
        "f1": 0.5087719298245614,
        "number": 53
    },
    "Objective_QualIntention": {
        "precision": 0.1456953642384106,
        "recall": 0.14965986394557823,
        "f1": 0.14765100671140938,
        "number": 147
    },
    "Objective_QualIntention_noCCM": {
        "precision": 0.013513513513513514,
        "recall": 0.02,
        "f1": 0.016129032258064516,
        "number": 50
    },
    "Objective_QuantTarget": {
        "precision": 0.07407407407407407,
        "recall": 0.17777777777777778,
        "f1": 0.1045751633986928,
        "number": 45
    },
    "Objective_QuantTarget_noCCM": {
        "precision": 0.0,
        "recall": 0.0,
        "f1": 0.0,
        "number": 2
    },
    "PublicInvt": {
        "precision": 0.25,
        "recall": 0.21052631578947367,
        "f1": 0.22857142857142856,
        "number": 19
    },
    "RD_D": {
        "precision": 0.0,
        "recall": 0.0,
        "f1": 0.0,
        "number": 2
    },
    "Ref_OtherPolicy": {
        "precision": 0.5467980295566502,
        "recall": 0.8161764705882353,
        "f1": 0.6548672566371683,
        "number": 136
    },
    "Ref_PolicyAmended": {
        "precision": 0.0,
        "recall": 0.0,
        "f1": 0.0,
        "number": 26
    },
    "Ref_Strategy_Agreement": {
        "precision": 0.36363636363636365,
        "recall": 0.2857142857142857,
        "f1": 0.32,
        "number": 56
    },
    "RegulatoryInstr": {
        "precision": 0.35517241379310344,
        "recall": 0.5024390243902439,
        "f1": 0.4161616161616162,
        "number": 205
    },
    "Resource_MonRevenues": {
        "precision": 0.0,
        "recall": 0.0,
        "f1": 0.0,
        "number": 6
    },
    "Resource_MonSpending": {
        "precision": 0.17391304347826086,
        "recall": 0.19047619047619047,
        "f1": 0.1818181818181818,
        "number": 21
    },
    "Resource_Other": {
        "precision": 0.0,
        "recall": 0.0,
        "f1": 0.0,
        "number": 48
    },
    "Reversibility_policy": {
        "precision": 0.0,
        "recall": 0.0,
        "f1": 0.0,
        "number": 2
    },
    "Subsidies_Incentives": {
        "precision": 0.0,
        "recall": 0.0,
        "f1": 0.0,
        "number": 20
    },
    "TaxIncentives": {
        "precision": 0.07142857142857142,
        "recall": 0.08333333333333333,
        "f1": 0.07692307692307691,
        "number": 12
    },
    "Time_Compliance": {
        "precision": 0.26865671641791045,
        "recall": 0.3050847457627119,
        "f1": 0.28571428571428575,
        "number": 59
    },
    "Time_InEffect": {
        "precision": 0.21739130434782608,
        "recall": 0.23809523809523808,
        "f1": 0.22727272727272724,
        "number": 21
    },
    "Time_Monitoring": {
        "precision": 0.3565217391304348,
        "recall": 0.5616438356164384,
        "f1": 0.43617021276595747,
        "number": 73
    },
    "Time_PolDuration": {
        "precision": 0.0,
        "recall": 0.0,
        "f1": 0.0,
        "number": 12
    },
    "TradablePermit": {
        "precision": 0.06896551724137931,
        "recall": 0.16666666666666666,
        "f1": 0.0975609756097561,
        "number": 12
    },
    "Unspecified": {
        "precision": 0.33636363636363636,
        "recall": 0.5068493150684932,
        "f1": 0.4043715846994535,
        "number": 219
    },
    "VoluntaryAgrmt": {
        "precision": 0.34615384615384615,
        "recall": 0.47368421052631576,
        "f1": 0.39999999999999997,
        "number": 19
    },
    "overall_precision": 0.39882788402220853,
    "overall_recall": 0.47977736549165123,
    "overall_f1": 0.4355735219807984,
    "overall_accuracy": 0.8451911589008363
}