{
    "Addressee_default": {
        "precision": 0.5116883116883116,
        "recall": 0.6375404530744336,
        "f1": 0.5677233429394812,
        "number": 309
    },
    "Addressee_monitored": {
        "precision": 0.43884892086330934,
        "recall": 0.5648148148148148,
        "f1": 0.4939271255060728,
        "number": 108
    },
    "Addressee_resource": {
        "precision": 0.0,
        "recall": 0.0,
        "f1": 0.0,
        "number": 26
    },
    "Addressee_sector": {
        "precision": 0.5354330708661418,
        "recall": 0.5596707818930041,
        "f1": 0.5472837022132797,
        "number": 243
    },
    "Authority_default": {
        "precision": 0.44936708860759494,
        "recall": 0.3879781420765027,
        "f1": 0.41642228739002934,
        "number": 183
    },
    "Authority_established": {
        "precision": 0.0,
        "recall": 0.0,
        "f1": 0.0,
        "number": 20
    },
    "Authority_legislative": {
        "precision": 0.8181818181818182,
        "recall": 0.6136363636363636,
        "f1": 0.7012987012987013,
        "number": 44
    },
    "Authority_monitoring": {
        "precision": 0.4858490566037736,
        "recall": 0.8956521739130435,
        "f1": 0.6299694189602447,
        "number": 115
    },
    "Edu_Outreach": {
        "precision": 0.32075471698113206,
        "recall": 0.2982456140350877,
        "f1": 0.3090909090909091,
        "number": 57
    },
    "Form_monitoring": {
        "precision": 0.4076190476190476,
        "recall": 0.6167146974063401,
        "f1": 0.49082568807339455,
        "number": 347
    },
    "Form_sanctioning": {
        "precision": 1.0,
        "recall": 0.375,
        "f1": 0.5454545454545454,
        "number": 8
    },
    "FrameworkPolicy": {
        "precision": 0.5128205128205128,
        "recall": 0.6349206349206349,
        "f1": 0.5673758865248226,
        "number": 63
    },
    "Objective_QualIntention": {
        "precision": 0.28,
        "recall": 0.2876712328767123,
        "f1": 0.2837837837837837,
        "number": 146
    },
    "Objective_QualIntention_noCCM": {
        "precision": 0.04040404040404041,
        "recall": 0.07547169811320754,
        "f1": 0.052631578947368425,
        "number": 53
    },
    "Objective_QuantTarget": {
        "precision": 0.1724137931034483,
        "recall": 0.3409090909090909,
        "f1": 0.22900763358778625,
        "number": 44
    },
    "Objective_QuantTarget_noCCM": {
        "precision": 0.0,
        "recall": 0.0,
        "f1": 0.0,
        "number": 2
    },
    "PublicInvt": {
        "precision": 0.5,
        "recall": 0.30434782608695654,
        "f1": 0.3783783783783784,
        "number": 23
    },
    "RD_D": {
        "precision": 0.0,
        "recall": 0.0,
        "f1": 0.0,
        "number": 3
    },
    "Ref_OtherPolicy": {
        "precision": 0.6666666666666666,
        "recall": 0.863013698630137,
        "f1": 0.7522388059701492,
        "number": 146
    },
    "Ref_PolicyAmended": {
        "precision": 0.0,
        "recall": 0.0,
        "f1": 0.0,
        "number": 26
    },
    "Ref_Strategy_Agreement": {
        "precision": 0.5294117647058824,
        "recall": 0.4909090909090909,
        "f1": 0.5094339622641509,
        "number": 55
    },
    "RegulatoryInstr": {
        "precision": 0.4153846153846154,
        "recall": 0.38388625592417064,
        "f1": 0.39901477832512317,
        "number": 211
    },
    "Resource_MonRevenues": {
        "precision": 0.6,
        "recall": 0.5,
        "f1": 0.5454545454545454,
        "number": 6
    },
    "Resource_MonSpending": {
        "precision": 0.1111111111111111,
        "recall": 0.20833333333333334,
        "f1": 0.14492753623188406,
        "number": 24
    },
    "Resource_Other": {
        "precision": 0.08695652173913043,
        "recall": 0.08163265306122448,
        "f1": 0.08421052631578947,
        "number": 49
    },
    "Reversibility_policy": {
        "precision": 0.0,
        "recall": 0.0,
        "f1": 0.0,
        "number": 2
    },
    "Subsidies_Incentives": {
        "precision": 0.20833333333333334,
        "recall": 0.21739130434782608,
        "f1": 0.2127659574468085,
        "number": 23
    },
    "TaxIncentives": {
        "precision": 0.5,
        "recall": 0.25,
        "f1": 0.3333333333333333,
        "number": 12
    },
    "Time_Compliance": {
        "precision": 0.2948717948717949,
        "recall": 0.3770491803278688,
        "f1": 0.3309352517985611,
        "number": 61
    },
    "Time_InEffect": {
        "precision": 0.0,
        "recall": 0.0,
        "f1": 0.0,
        "number": 19
    },
    "Time_Monitoring": {
        "precision": 0.4380952380952381,
        "recall": 0.6133333333333333,
        "f1": 0.5111111111111111,
        "number": 75
    },
    "Time_PolDuration": {
        "precision": 0.0,
        "recall": 0.0,
        "f1": 0.0,
        "number": 14
    },
    "TradablePermit": {
        "precision": 0.16129032258064516,
        "recall": 0.5,
        "f1": 0.24390243902439024,
        "number": 10
    },
    "Unspecified": {
        "precision": 0.4939759036144578,
        "recall": 0.5146443514644351,
        "f1": 0.5040983606557377,
        "number": 239
    },
    "VoluntaryAgrmt": {
        "precision": 0.4,
        "recall": 0.5263157894736842,
        "f1": 0.45454545454545453,
        "number": 19
    },
    "overall_precision": 0.42870285188592455,
    "overall_recall": 0.5019748653500897,
    "overall_f1": 0.4624545153820707,
    "overall_accuracy": 0.8545810333245714
}