{
    "Addressee_default": {
        "precision": 0.5514993481095176,
        "recall": 0.6968698517298187,
        "f1": 0.6157205240174672,
        "number": 607
    },
    "Addressee_monitored": {
        "precision": 0.5,
        "recall": 0.3712121212121212,
        "f1": 0.4260869565217391,
        "number": 132
    },
    "Addressee_resource": {
        "precision": 0.0,
        "recall": 0.0,
        "f1": 0.0,
        "number": 26
    },
    "Addressee_sector": {
        "precision": 0.4896907216494845,
        "recall": 0.6418918918918919,
        "f1": 0.5555555555555556,
        "number": 296
    },
    "Authority_default": {
        "precision": 0.5521885521885522,
        "recall": 0.5795053003533569,
        "f1": 0.5655172413793104,
        "number": 283
    },
    "Authority_established": {
        "precision": 0.0,
        "recall": 0.0,
        "f1": 0.0,
        "number": 10
    },
    "Authority_legislative": {
        "precision": 0.625,
        "recall": 0.603448275862069,
        "f1": 0.6140350877192983,
        "number": 58
    },
    "Authority_monitoring": {
        "precision": 0.6985294117647058,
        "recall": 0.5974842767295597,
        "f1": 0.6440677966101696,
        "number": 159
    },
    "Edu_Outreach": {
        "precision": 0.3,
        "recall": 0.1595744680851064,
        "f1": 0.20833333333333334,
        "number": 94
    },
    "Form_monitoring": {
        "precision": 0.5171790235081374,
        "recall": 0.5813008130081301,
        "f1": 0.5473684210526315,
        "number": 492
    },
    "Form_sanctioning": {
        "precision": 0.8571428571428571,
        "recall": 0.375,
        "f1": 0.5217391304347825,
        "number": 16
    },
    "FrameworkPolicy": {
        "precision": 0.4794520547945205,
        "recall": 0.5645161290322581,
        "f1": 0.5185185185185185,
        "number": 62
    },
    "Objective_QualIntention": {
        "precision": 0.14545454545454545,
        "recall": 0.2,
        "f1": 0.16842105263157894,
        "number": 120
    },
    "Objective_QualIntention_noCCM": {
        "precision": 0.06486486486486487,
        "recall": 0.1276595744680851,
        "f1": 0.08602150537634408,
        "number": 94
    },
    "Objective_QuantTarget": {
        "precision": 0.0,
        "recall": 0.0,
        "f1": 0.0,
        "number": 14
    },
    "PublicInvt": {
        "precision": 0.03125,
        "recall": 0.125,
        "f1": 0.05,
        "number": 8
    },
    "RD_D": {
        "precision": 0.0,
        "recall": 0.0,
        "f1": 0.0,
        "number": 4
    },
    "Ref_OtherPolicy": {
        "precision": 0.5728643216080402,
        "recall": 0.6440677966101694,
        "f1": 0.6063829787234042,
        "number": 177
    },
    "Ref_PolicyAmended": {
        "precision": 0.48148148148148145,
        "recall": 0.6190476190476191,
        "f1": 0.5416666666666666,
        "number": 21
    },
    "Ref_Strategy_Agreement": {
        "precision": 0.3235294117647059,
        "recall": 0.4342105263157895,
        "f1": 0.37078651685393255,
        "number": 76
    },
    "RegulatoryInstr": {
        "precision": 0.4344262295081967,
        "recall": 0.45821325648414984,
        "f1": 0.4460028050490883,
        "number": 347
    },
    "Resource_MonRevenues": {
        "precision": 0.0,
        "recall": 0.0,
        "f1": 0.0,
        "number": 3
    },
    "Resource_MonSpending": {
        "precision": 0.07407407407407407,
        "recall": 0.06451612903225806,
        "f1": 0.06896551724137931,
        "number": 31
    },
    "Resource_Other": {
        "precision": 0.0962962962962963,
        "recall": 0.1780821917808219,
        "f1": 0.125,
        "number": 73
    },
    "Reversibility_policy": {
        "precision": 0.0,
        "recall": 0.0,
        "f1": 0.0,
        "number": 29
    },
    "Subsidies_Incentives": {
        "precision": 0.13333333333333333,
        "recall": 0.08333333333333333,
        "f1": 0.10256410256410255,
        "number": 24
    },
    "TaxIncentives": {
        "precision": 0.5294117647058824,
        "recall": 0.75,
        "f1": 0.6206896551724139,
        "number": 12
    },
    "Time_Compliance": {
        "precision": 0.23684210526315788,
        "recall": 0.4153846153846154,
        "f1": 0.3016759776536313,
        "number": 65
    },
    "Time_InEffect": {
        "precision": 0.25925925925925924,
        "recall": 0.28,
        "f1": 0.2692307692307692,
        "number": 25
    },
    "Time_Monitoring": {
        "precision": 0.3411764705882353,
        "recall": 0.4027777777777778,
        "f1": 0.3694267515923567,
        "number": 72
    },
    "Time_PolDuration": {
        "precision": 0.0,
        "recall": 0.0,
        "f1": 0.0,
        "number": 12
    },
    "Time_Resources": {
        "precision": 0.0,
        "recall": 0.0,
        "f1": 0.0,
        "number": 0
    },
    "TradablePermit": {
        "precision": 0.1111111111111111,
        "recall": 0.10714285714285714,
        "f1": 0.10909090909090909,
        "number": 28
    },
    "Unspecified": {
        "precision": 0.37694704049844235,
        "recall": 0.5475113122171946,
        "f1": 0.44649446494464945,
        "number": 221
    },
    "VoluntaryAgrmt": {
        "precision": 0.4375,
        "recall": 0.20588235294117646,
        "f1": 0.28,
        "number": 34
    },
    "overall_precision": 0.4336959037259894,
    "overall_recall": 0.5030872483221477,
    "overall_f1": 0.4658215262242108,
    "overall_accuracy": 0.8572551932024202
}