{
    "Addressee_default": {
        "precision": 0.5099457504520796,
        "recall": 0.4862068965517241,
        "f1": 0.49779346866725505,
        "number": 580
    },
    "Addressee_monitored": {
        "precision": 0.3961038961038961,
        "recall": 0.5258620689655172,
        "f1": 0.45185185185185184,
        "number": 116
    },
    "Addressee_resource": {
        "precision": 0.0,
        "recall": 0.0,
        "f1": 0.0,
        "number": 27
    },
    "Addressee_sector": {
        "precision": 0.3434343434343434,
        "recall": 0.576271186440678,
        "f1": 0.43037974683544306,
        "number": 295
    },
    "Authority_default": {
        "precision": 0.524390243902439,
        "recall": 0.4657039711191336,
        "f1": 0.4933078393881454,
        "number": 277
    },
    "Authority_established": {
        "precision": 0.0,
        "recall": 0.0,
        "f1": 0.0,
        "number": 11
    },
    "Authority_legislative": {
        "precision": 0.6792452830188679,
        "recall": 0.5806451612903226,
        "f1": 0.6260869565217392,
        "number": 62
    },
    "Authority_monitoring": {
        "precision": 0.5194805194805194,
        "recall": 0.7361963190184049,
        "f1": 0.6091370558375634,
        "number": 163
    },
    "Edu_Outreach": {
        "precision": 0.19298245614035087,
        "recall": 0.12222222222222222,
        "f1": 0.1496598639455782,
        "number": 90
    },
    "Form_monitoring": {
        "precision": 0.4827018121911038,
        "recall": 0.6129707112970711,
        "f1": 0.5400921658986175,
        "number": 478
    },
    "Form_sanctioning": {
        "precision": 0.0,
        "recall": 0.0,
        "f1": 0.0,
        "number": 16
    },
    "FrameworkPolicy": {
        "precision": 0.4266666666666667,
        "recall": 0.5245901639344263,
        "f1": 0.4705882352941177,
        "number": 61
    },
    "Objective_QualIntention": {
        "precision": 0.11587982832618025,
        "recall": 0.225,
        "f1": 0.1529745042492918,
        "number": 120
    },
    "Objective_QualIntention_noCCM": {
        "precision": 0.07647058823529412,
        "recall": 0.12871287128712872,
        "f1": 0.09594095940959411,
        "number": 101
    },
    "Objective_QuantTarget": {
        "precision": 0.0,
        "recall": 0.0,
        "f1": 0.0,
        "number": 12
    },
    "PublicInvt": {
        "precision": 0.0,
        "recall": 0.0,
        "f1": 0.0,
        "number": 7
    },
    "RD_D": {
        "precision": 0.0,
        "recall": 0.0,
        "f1": 0.0,
        "number": 5
    },
    "Ref_OtherPolicy": {
        "precision": 0.5046296296296297,
        "recall": 0.6337209302325582,
        "f1": 0.5618556701030929,
        "number": 172
    },
    "Ref_PolicyAmended": {
        "precision": 0.5882352941176471,
        "recall": 0.5,
        "f1": 0.5405405405405405,
        "number": 20
    },
    "Ref_Strategy_Agreement": {
        "precision": 0.273972602739726,
        "recall": 0.273972602739726,
        "f1": 0.273972602739726,
        "number": 73
    },
    "RegulatoryInstr": {
        "precision": 0.3542234332425068,
        "recall": 0.37572254335260113,
        "f1": 0.364656381486676,
        "number": 346
    },
    "Resource_MonRevenues": {
        "precision": 0.0,
        "recall": 0.0,
        "f1": 0.0,
        "number": 5
    },
    "Resource_MonSpending": {
        "precision": 0.0,
        "recall": 0.0,
        "f1": 0.0,
        "number": 31
    },
    "Resource_Other": {
        "precision": 0.04716981132075472,
        "recall": 0.13513513513513514,
        "f1": 0.06993006993006994,
        "number": 74
    },
    "Reversibility_policy": {
        "precision": 0.0,
        "recall": 0.0,
        "f1": 0.0,
        "number": 26
    },
    "Subsidies_Incentives": {
        "precision": 0.0,
        "recall": 0.0,
        "f1": 0.0,
        "number": 21
    },
    "TaxIncentives": {
        "precision": 0.0,
        "recall": 0.0,
        "f1": 0.0,
        "number": 12
    },
    "Time_Compliance": {
        "precision": 0.2076923076923077,
        "recall": 0.42857142857142855,
        "f1": 0.2797927461139897,
        "number": 63
    },
    "Time_InEffect": {
        "precision": 0.1875,
        "recall": 0.25,
        "f1": 0.21428571428571427,
        "number": 24
    },
    "Time_Monitoring": {
        "precision": 0.2773109243697479,
        "recall": 0.4647887323943662,
        "f1": 0.3473684210526316,
        "number": 71
    },
    "Time_PolDuration": {
        "precision": 0.0,
        "recall": 0.0,
        "f1": 0.0,
        "number": 14
    },
    "TradablePermit": {
        "precision": 0.0,
        "recall": 0.0,
        "f1": 0.0,
        "number": 29
    },
    "Unspecified": {
        "precision": 0.28306264501160094,
        "recall": 0.5596330275229358,
        "f1": 0.37596302003081666,
        "number": 218
    },
    "VoluntaryAgrmt": {
        "precision": 0.0,
        "recall": 0.0,
        "f1": 0.0,
        "number": 40
    },
    "overall_precision": 0.364019520851819,
    "overall_recall": 0.4483606557377049,
    "overall_f1": 0.40181194906953965,
    "overall_accuracy": 0.8394560226068527
}