{
    "Addressee_default": {
        "precision": 0.45132743362831856,
        "recall": 0.6666666666666666,
        "f1": 0.5382585751978892,
        "number": 306
    },
    "Addressee_monitored": {
        "precision": 0.43434343434343436,
        "recall": 0.4056603773584906,
        "f1": 0.41951219512195126,
        "number": 106
    },
    "Addressee_resource": {
        "precision": 0.0,
        "recall": 0.0,
        "f1": 0.0,
        "number": 25
    },
    "Addressee_sector": {
        "precision": 0.4457831325301205,
        "recall": 0.6244725738396625,
        "f1": 0.5202108963093146,
        "number": 237
    },
    "Authority_default": {
        "precision": 0.47337278106508873,
        "recall": 0.4444444444444444,
        "f1": 0.4584527220630372,
        "number": 180
    },
    "Authority_established": {
        "precision": 0.0,
        "recall": 0.0,
        "f1": 0.0,
        "number": 19
    },
    "Authority_legislative": {
        "precision": 0.8333333333333334,
        "recall": 0.7142857142857143,
        "f1": 0.7692307692307692,
        "number": 42
    },
    "Authority_monitoring": {
        "precision": 0.5481481481481482,
        "recall": 0.6434782608695652,
        "f1": 0.592,
        "number": 115
    },
    "Edu_Outreach": {
        "precision": 0.25,
        "recall": 0.3333333333333333,
        "f1": 0.28571428571428575,
        "number": 57
    },
    "Form_monitoring": {
        "precision": 0.4143763213530655,
        "recall": 0.5697674418604651,
        "f1": 0.4798041615667075,
        "number": 344
    },
    "Form_sanctioning": {
        "precision": 1.0,
        "recall": 0.375,
        "f1": 0.5454545454545454,
        "number": 8
    },
    "FrameworkPolicy": {
        "precision": 0.32857142857142857,
        "recall": 0.38333333333333336,
        "f1": 0.35384615384615387,
        "number": 60
    },
    "Objective_QualIntention": {
        "precision": 0.11274509803921569,
        "recall": 0.1564625850340136,
        "f1": 0.13105413105413108,
        "number": 147
    },
    "Objective_QualIntention_noCCM": {
        "precision": 0.011834319526627219,
        "recall": 0.03773584905660377,
        "f1": 0.018018018018018018,
        "number": 53
    },
    "Objective_QuantTarget": {
        "precision": 0.08527131782945736,
        "recall": 0.25,
        "f1": 0.12716763005780346,
        "number": 44
    },
    "Objective_QuantTarget_noCCM": {
        "precision": 0.0,
        "recall": 0.0,
        "f1": 0.0,
        "number": 2
    },
    "PublicInvt": {
        "precision": 0.42857142857142855,
        "recall": 0.25,
        "f1": 0.3157894736842105,
        "number": 24
    },
    "RD_D": {
        "precision": 0.0,
        "recall": 0.0,
        "f1": 0.0,
        "number": 3
    },
    "Ref_OtherPolicy": {
        "precision": 0.6195652173913043,
        "recall": 0.7916666666666666,
        "f1": 0.6951219512195123,
        "number": 144
    },
    "Ref_PolicyAmended": {
        "precision": 0.125,
        "recall": 0.11538461538461539,
        "f1": 0.12000000000000001,
        "number": 26
    },
    "Ref_Strategy_Agreement": {
        "precision": 0.35443037974683544,
        "recall": 0.509090909090909,
        "f1": 0.417910447761194,
        "number": 55
    },
    "RegulatoryInstr": {
        "precision": 0.2815884476534296,
        "recall": 0.36792452830188677,
        "f1": 0.31901840490797545,
        "number": 212
    },
    "Resource_MonRevenues": {
        "precision": 0.0,
        "recall": 0.0,
        "f1": 0.0,
        "number": 6
    },
    "Resource_MonSpending": {
        "precision": 0.1875,
        "recall": 0.25,
        "f1": 0.21428571428571427,
        "number": 24
    },
    "Resource_Other": {
        "precision": 0.125,
        "recall": 0.04,
        "f1": 0.06060606060606061,
        "number": 50
    },
    "Reversibility_policy": {
        "precision": 0.0,
        "recall": 0.0,
        "f1": 0.0,
        "number": 2
    },
    "Subsidies_Incentives": {
        "precision": 0.12121212121212122,
        "recall": 0.18181818181818182,
        "f1": 0.14545454545454545,
        "number": 22
    },
    "TaxIncentives": {
        "precision": 0.36363636363636365,
        "recall": 0.3333333333333333,
        "f1": 0.34782608695652173,
        "number": 12
    },
    "Time_Compliance": {
        "precision": 0.24324324324324326,
        "recall": 0.3050847457627119,
        "f1": 0.27067669172932335,
        "number": 59
    },
    "Time_InEffect": {
        "precision": 0.16666666666666666,
        "recall": 0.1,
        "f1": 0.125,
        "number": 20
    },
    "Time_Monitoring": {
        "precision": 0.3655913978494624,
        "recall": 0.4533333333333333,
        "f1": 0.40476190476190477,
        "number": 75
    },
    "Time_PolDuration": {
        "precision": 0.16666666666666666,
        "recall": 0.07142857142857142,
        "f1": 0.1,
        "number": 14
    },
    "TradablePermit": {
        "precision": 0.17391304347826086,
        "recall": 0.4,
        "f1": 0.24242424242424243,
        "number": 10
    },
    "Unspecified": {
        "precision": 0.48026315789473684,
        "recall": 0.6083333333333333,
        "f1": 0.5367647058823529,
        "number": 240
    },
    "VoluntaryAgrmt": {
        "precision": 0.3103448275862069,
        "recall": 0.5,
        "f1": 0.3829787234042554,
        "number": 18
    },
    "overall_precision": 0.36507495835646864,
    "overall_recall": 0.4762767113364723,
    "overall_f1": 0.41332704699041334,
    "overall_accuracy": 0.8523539843258395
}