{
    "metrics": {
        "Addressee_default": {
            "precision": 0.5800316957210776,
            "recall": 0.6224489795918368,
            "f1": 0.6004922067268251,
            "number": 588
        },
        "Addressee_monitored": {
            "precision": 0.39603960396039606,
            "recall": 0.32786885245901637,
            "f1": 0.35874439461883406,
            "number": 122
        },
        "Addressee_resource": {
            "precision": 0.0,
            "recall": 0.0,
            "f1": 0.0,
            "number": 29
        },
        "Addressee_sector": {
            "precision": 0.45409429280397023,
            "recall": 0.6354166666666666,
            "f1": 0.5296671490593343,
            "number": 288
        },
        "Authority_default": {
            "precision": 0.6026936026936027,
            "recall": 0.6392857142857142,
            "f1": 0.6204506065857885,
            "number": 280
        },
        "Authority_established": {
            "precision": 1.0,
            "recall": 0.45454545454545453,
            "f1": 0.625,
            "number": 11
        },
        "Authority_legislative": {
            "precision": 0.9166666666666666,
            "recall": 0.6,
            "f1": 0.7252747252747253,
            "number": 55
        },
        "Authority_monitoring": {
            "precision": 0.6622516556291391,
            "recall": 0.6410256410256411,
            "f1": 0.6514657980456026,
            "number": 156
        },
        "Edu_Outreach": {
            "precision": 0.36363636363636365,
            "recall": 0.125,
            "f1": 0.18604651162790697,
            "number": 96
        },
        "Form_monitoring": {
            "precision": 0.6023255813953489,
            "recall": 0.5395833333333333,
            "f1": 0.5692307692307693,
            "number": 480
        },
        "Form_sanctioning": {
            "precision": 0.8,
            "recall": 0.25,
            "f1": 0.38095238095238093,
            "number": 16
        },
        "FrameworkPolicy": {
            "precision": 0.5365853658536586,
            "recall": 0.3728813559322034,
            "f1": 0.44,
            "number": 59
        },
        "Objective_QualIntention": {
            "precision": 0.1506849315068493,
            "recall": 0.09565217391304348,
            "f1": 0.11702127659574467,
            "number": 115
        },
        "Objective_QualIntention_noCCM": {
            "precision": 0.07114624505928854,
            "recall": 0.17647058823529413,
            "f1": 0.10140845070422537,
            "number": 102
        },
        "Objective_QuantTarget": {
            "precision": 0.0,
            "recall": 0.0,
            "f1": 0.0,
            "number": 11
        },
        "Objective_QuantTarget_noCCM": {
            "precision": 0,
            "recall": 0,
            "f1": 0,
            "number": 0
        },
        "PublicInvt": {
            "precision": 0.08695652173913043,
            "recall": 0.2857142857142857,
            "f1": 0.13333333333333333,
            "number": 7
        },
        "RD_D": {
            "precision": 0.0,
            "recall": 0.0,
            "f1": 0.0,
            "number": 6
        },
        "Ref_OtherPolicy": {
            "precision": 0.5540540540540541,
            "recall": 0.6988636363636364,
            "f1": 0.6180904522613065,
            "number": 176
        },
        "Ref_PolicyAmended": {
            "precision": 0.625,
            "recall": 0.25,
            "f1": 0.35714285714285715,
            "number": 20
        },
        "Ref_Strategy_Agreement": {
            "precision": 0.4838709677419355,
            "recall": 0.38961038961038963,
            "f1": 0.43165467625899284,
            "number": 77
        },
        "RegulatoryInstr": {
            "precision": 0.36574074074074076,
            "recall": 0.45930232558139533,
            "f1": 0.4072164948453608,
            "number": 344
        },
        "Resource_MonRevenues": {
            "precision": 0.0,
            "recall": 0.0,
            "f1": 0.0,
            "number": 3
        },
        "Resource_MonSpending": {
            "precision": 0.2857142857142857,
            "recall": 0.1935483870967742,
            "f1": 0.23076923076923075,
            "number": 31
        },
        "Resource_Other": {
            "precision": 0.14285714285714285,
            "recall": 0.013333333333333334,
            "f1": 0.024390243902439025,
            "number": 75
        },
        "Reversibility_policy": {
            "precision": 0.07692307692307693,
            "recall": 0.06451612903225806,
            "f1": 0.07017543859649122,
            "number": 31
        },
        "Subsidies_Incentives": {
            "precision": 0.0,
            "recall": 0.0,
            "f1": 0.0,
            "number": 21
        },
        "TaxIncentives": {
            "precision": 0.375,
            "recall": 0.25,
            "f1": 0.3,
            "number": 12
        },
        "Time_Compliance": {
            "precision": 0.25396825396825395,
            "recall": 0.24615384615384617,
            "f1": 0.25,
            "number": 65
        },
        "Time_InEffect": {
            "precision": 0.30434782608695654,
            "recall": 0.2916666666666667,
            "f1": 0.2978723404255319,
            "number": 24
        },
        "Time_Monitoring": {
            "precision": 0.2545454545454545,
            "recall": 0.4057971014492754,
            "f1": 0.31284916201117313,
            "number": 69
        },
        "Time_PolDuration": {
            "precision": 0.0,
            "recall": 0.0,
            "f1": 0.0,
            "number": 13
        },
        "Time_Resources": {
            "precision": 0,
            "recall": 0,
            "f1": 0,
            "number": 0
        },
        "TradablePermit": {
            "precision": 0.17777777777777778,
            "recall": 0.27586206896551724,
            "f1": 0.2162162162162162,
            "number": 29
        },
        "Unspecified": {
            "precision": 0.3905109489051095,
            "recall": 0.4841628959276018,
            "f1": 0.4323232323232323,
            "number": 221
        },
        "VoluntaryAgrmt": {
            "precision": 0.3333333333333333,
            "recall": 0.06060606060606061,
            "f1": 0.10256410256410256,
            "number": 33
        }
    },
    "counts": {
        "reals": {
            "O": 35419,
            "B-RegulatoryInstr": 334,
            "B-Addressee_default": 586,
            "I-Addressee_default": 553,
            "B-Addressee_monitored": 122,
            "I-Addressee_monitored": 119,
            "B-Addressee_sector": 287,
            "I-Addressee_sector": 450,
            "B-Authority_monitoring": 155,
            "I-Authority_monitoring": 60,
            "B-Form_monitoring": 472,
            "B-Authority_legislative": 55,
            "I-Authority_legislative": 20,
            "I-RegulatoryInstr": 276,
            "B-Time_Compliance": 64,
            "I-Time_Compliance": 178,
            "B-Authority_default": 279,
            "I-Authority_default": 186,
            "B-Ref_OtherPolicy": 175,
            "I-Ref_OtherPolicy": 738,
            "B-Objective_QualIntention_noCCM": 78,
            "I-Objective_QualIntention_noCCM": 602,
            "B-Edu_Outreach": 89,
            "I-Edu_Outreach": 195,
            "B-Resource_Other": 74,
            "B-Objective_QualIntention": 108,
            "I-Objective_QualIntention": 680,
            "B-TaxIncentives": 12,
            "I-TaxIncentives": 10,
            "I-PublicInvt": 11,
            "I-Resource_Other": 83,
            "I-Form_monitoring": 474,
            "B-Ref_Strategy_Agreement": 76,
            "I-Ref_Strategy_Agreement": 350,
            "B-Addressee_resource": 29,
            "I-Addressee_resource": 41,
            "B-Unspecified": 220,
            "I-Unspecified": 184,
            "B-PublicInvt": 6,