{
    "Actor": {
        "_": {
            "precision": 0.5730629225169007,
            "recall": 0.7466124661246613,
            "f1": 0.6484260076493087,
            "number": 1476
        },
        "overall_precision": 0.5730629225169007,
        "overall_recall": 0.7466124661246613,
        "overall_f1": 0.6484260076493087,
        "overall_accuracy": 0.9632859413634758
    },
    "InstrumentType": {
        "_": {
            "precision": 0.19756838905775076,
            "recall": 0.07034632034632035,
            "f1": 0.1037509976057462,
            "number": 924
        },
        "overall_precision": 0.19756838905775076,
        "overall_recall": 0.07034632034632035,
        "overall_f1": 0.1037509976057462,
        "overall_accuracy": 0.9530201342281879
    },
    "Objective": {
        "_": {
            "precision": 0.10084033613445378,
            "recall": 0.1782178217821782,
            "f1": 0.1288014311270125,
            "number": 202
        },
        "overall_precision": 0.10084033613445378,
        "overall_recall": 0.1782178217821782,
        "overall_f1": 0.1288014311270125,
        "overall_accuracy": 0.9541019074531968
    },
    "Resource": {
        "_": {
            "precision": 0.030303030303030304,
            "recall": 0.01818181818181818,
            "f1": 0.022727272727272724,
            "number": 110
        },
        "overall_precision": 0.030303030303030304,
        "overall_recall": 0.01818181818181818,
        "overall_f1": 0.022727272727272724,
        "overall_accuracy": 0.9906835040621689
    },
    "Time": {
        "_": {
            "precision": 0.30092592592592593,
            "recall": 0.39634146341463417,
            "f1": 0.34210526315789475,
            "number": 164
        },
        "overall_precision": 0.30092592592592593,
        "overall_recall": 0.39634146341463417,
        "overall_f1": 0.34210526315789475,
        "overall_accuracy": 0.9885199576121512
    },
    "overall_f1": 0.22382364921300288
}