{
    "Actor": {
        "_": {
            "precision": 0.20610687022900764,
            "recall": 0.09146341463414634,
            "f1": 0.12670107930549038,
            "number": 1476
        },
        "overall_precision": 0.20610687022900764,
        "overall_recall": 0.09146341463414634,
        "overall_f1": 0.12670107930549038,
        "overall_accuracy": 0.9384493111974568
    },
    "InstrumentType": {
        "_": {
            "precision": 0.0,
            "recall": 0.0,
            "f1": 0.0,
            "number": 924
        },
        "overall_precision": 0.0,
        "overall_recall": 0.0,
        "overall_f1": 0.0,
        "overall_accuracy": 0.9537928293889085
    },
    "Objective": {
        "_": {
            "precision": 0.07142857142857142,
            "recall": 0.16336633663366337,
            "f1": 0.09939759036144578,
            "number": 202
        },
        "overall_precision": 0.07142857142857142,
        "overall_recall": 0.16336633663366337,
        "overall_f1": 0.09939759036144578,
        "overall_accuracy": 0.953064288237372
    },
    "Resource": {
        "_": {
            "precision": 0.0,
            "recall": 0.0,
            "f1": 0.0,
            "number": 110
        },
        "overall_precision": 0.0,
        "overall_recall": 0.0,
        "overall_f1": 0.0,
        "overall_accuracy": 0.994811903920876
    },
    "Time": {
        "_": {
            "precision": 0.1625615763546798,
            "recall": 0.20121951219512196,
            "f1": 0.1798365122615804,
            "number": 164
        },
        "overall_precision": 0.1625615763546798,
        "overall_recall": 0.20121951219512196,
        "overall_f1": 0.1798365122615804,
        "overall_accuracy": 0.9849876368774285
    },
    "overall_f1": 0.048186571965940395
}