{
    "Actor": {
        "_": {
            "precision": 0.24528301886792453,
            "recall": 0.011016949152542373,
            "f1": 0.021086780210867802,
            "number": 1180
        },
        "overall_precision": 0.24528301886792453,
        "overall_recall": 0.011016949152542373,
        "overall_f1": 0.021086780210867802,
        "overall_accuracy": 0.9375237612469902
    },
    "InstrumentType": {
        "_": {
            "precision": 0.0,
            "recall": 0.0,
            "f1": 0.0,
            "number": 623
        },
        "overall_precision": 0.0,
        "overall_recall": 0.0,
        "overall_f1": 0.0,
        "overall_accuracy": 0.9605880116588519
    },
    "Objective": {
        "_": {
            "precision": 0.07614213197969544,
            "recall": 0.06818181818181818,
            "f1": 0.07194244604316546,
            "number": 220
        },
        "overall_precision": 0.07614213197969544,
        "overall_recall": 0.06818181818181818,
        "overall_f1": 0.07194244604316546,
        "overall_accuracy": 0.9530857939424661
    },
    "Resource": {
        "_": {
            "precision": 0.0,
            "recall": 0.0,
            "f1": 0.0,
            "number": 110
        },
        "overall_precision": 0.0,
        "overall_recall": 0.0,
        "overall_f1": 0.0,
        "overall_accuracy": 0.9909517171461159
    },
    "Time": {
        "_": {
            "precision": 0.15950920245398773,
            "recall": 0.125,
            "f1": 0.14016172506738545,
            "number": 208
        },
        "overall_precision": 0.15950920245398773,
        "overall_recall": 0.125,
        "overall_f1": 0.14016172506738545,
        "overall_accuracy": 0.9826384488657964
    },
    "overall_f1": 0.014872433195638125
}