{
    "Actor": {
        "_": {
            "precision": 0.135,
            "recall": 0.021704180064308683,
            "f1": 0.037396121883656507,
            "number": 1244
        },
        "overall_precision": 0.135,
        "overall_recall": 0.021704180064308683,
        "overall_f1": 0.037396121883656507,
        "overall_accuracy": 0.9256455799972674
    },
    "InstrumentType": {
        "_": {
            "precision": 0.0,
            "recall": 0.0,
            "f1": 0.0,
            "number": 722
        },
        "overall_precision": 0.0,
        "overall_recall": 0.0,
        "overall_f1": 0.0,
        "overall_accuracy": 0.9575351824019674
    },
    "Objective": {
        "_": {
            "precision": 0.061224489795918366,
            "recall": 0.09146341463414634,
            "f1": 0.07334963325183375,
            "number": 164
        },
        "overall_precision": 0.061224489795918366,
        "overall_recall": 0.09146341463414634,
        "overall_f1": 0.07334963325183375,
        "overall_accuracy": 0.9503210821150431
    },
    "Resource": {
        "_": {
            "precision": 0.0,
            "recall": 0.0,
            "f1": 0.0,
            "number": 75
        },
        "overall_precision": 0.0,
        "overall_recall": 0.0,
        "overall_f1": 0.0,
        "overall_accuracy": 0.9950266429840142
    },
    "Time": {
        "_": {
            "precision": 0.17647058823529413,
            "recall": 0.13636363636363635,
            "f1": 0.15384615384615383,
            "number": 176
        },
        "overall_precision": 0.17647058823529413,
        "overall_recall": 0.13636363636363635,
        "overall_f1": 0.15384615384615383,
        "overall_accuracy": 0.9825385981691488
    },
    "overall_f1": 0.020171371155377142
}