{
    "Actor": {
        "_": {
            "precision": 0.6870120652945352,
            "recall": 0.7781350482315113,
            "f1": 0.7297399170750095,
            "number": 1244
        },
        "overall_precision": 0.6870120652945352,
        "overall_recall": 0.7781350482315113,
        "overall_f1": 0.7297399170750095,
        "overall_accuracy": 0.971362207951906
    },
    "InstrumentType": {
        "_": {
            "precision": 0.30579710144927535,
            "recall": 0.2922437673130194,
            "f1": 0.2988668555240793,
            "number": 722
        },
        "overall_precision": 0.30579710144927535,
        "overall_recall": 0.2922437673130194,
        "overall_f1": 0.2988668555240793,
        "overall_accuracy": 0.9546386118322175
    },
    "Objective": {
        "_": {
            "precision": 0.1152542372881356,
            "recall": 0.2073170731707317,
            "f1": 0.14814814814814814,
            "number": 164
        },
        "overall_precision": 0.1152542372881356,
        "overall_recall": 0.2073170731707317,
        "overall_f1": 0.14814814814814814,
        "overall_accuracy": 0.9583276403880312
    },
    "Resource": {
        "_": {
            "precision": 0.15384615384615385,
            "recall": 0.05333333333333334,
            "f1": 0.07920792079207922,
            "number": 75
        },
        "overall_precision": 0.15384615384615385,
        "overall_recall": 0.05333333333333334,
        "overall_f1": 0.07920792079207922,
        "overall_accuracy": 0.9929498565377783
    },
    "Time": {
        "_": {
            "precision": 0.4388888888888889,
            "recall": 0.44886363636363635,
            "f1": 0.4438202247191011,
            "number": 176
        },
        "overall_precision": 0.4388888888888889,
        "overall_recall": 0.44886363636363635,
        "overall_f1": 0.4438202247191011,
        "overall_accuracy": 0.9898620030058751
    },
    "overall_f1": 0.2851904342653323
}