{
    "Actor": {
        "_": {
            "precision": 0.5953206239168111,
            "recall": 0.5822033898305085,
            "f1": 0.5886889460154241,
            "number": 1180
        },
        "overall_precision": 0.5953206239168111,
        "overall_recall": 0.5822033898305085,
        "overall_f1": 0.5886889460154241,
        "overall_accuracy": 0.9634013433024965
    },
    "InstrumentType": {
        "_": {
            "precision": 0.13725490196078433,
            "recall": 0.011235955056179775,
            "f1": 0.020771513353115726,
            "number": 623
        },
        "overall_precision": 0.13725490196078433,
        "overall_recall": 0.011235955056179775,
        "overall_f1": 0.020771513353115726,
        "overall_accuracy": 0.9603345583576226
    },
    "Objective": {
        "_": {
            "precision": 0.09090909090909091,
            "recall": 0.10454545454545454,
            "f1": 0.09725158562367865,
            "number": 220
        },
        "overall_precision": 0.09090909090909091,
        "overall_recall": 0.10454545454545454,
        "overall_f1": 0.09725158562367865,
        "overall_accuracy": 0.9502724622988215
    },
    "Resource": {
        "_": {
            "precision": 0.0,
            "recall": 0.0,
            "f1": 0.0,
            "number": 110
        },
        "overall_precision": 0.0,
        "overall_recall": 0.0,
        "overall_f1": 0.0,
        "overall_accuracy": 0.9909770624762387
    },
    "Time": {
        "_": {
            "precision": 0.3,
            "recall": 0.28846153846153844,
            "f1": 0.29411764705882354,
            "number": 208
        },
        "overall_precision": 0.3,
        "overall_recall": 0.28846153846153844,
        "overall_f1": 0.29411764705882354,
        "overall_accuracy": 0.9865923203649728
    },
    "overall_f1": 0.18920452083289482
}