{
    "Actor": {
        "metrics": {
            "precision": [
                0.5730629225169007,
                0.6870120652945352,
                0.5953206239168111
            ],
            "recall": [
                0.7466124661246613,
                0.7781350482315113,
                0.5822033898305085
            ],
            "f1": [
                0.6484260076493087,
                0.7297399170750095,
                0.5886889460154241
            ],
            "number": [
                1476,
                1244,
                1180
            ]
        },
        "counts": {
            "reals": {
                "O": [
                    400,
                    473,
                    29
                ],
                "B": [
                    44,
                    12,
                    0
                ],
                "I": [
                    68,
                    1,
                    0
                ]
            },
            "preds": {
                "O": [
                    410,
                    471,
                    29
                ],
                "B": [
                    51,
                    14,
                    0
                ],
                "I": [
                    51,
                    1,
                    0
                ]
            }
        }
    },
    "InstrumentType": {
        "metrics": {
            "precision": [
                0.19756838905775076,
                0.30579710144927535,
                0.13725490196078433
            ],
            "recall": [
                0.07034632034632035,
                0.2922437673130194,
                0.011235955056179775
            ],
            "f1": [
                0.1037509976057462,
                0.2988668555240793,
                0.020771513353115726
            ],
            "number": [
                924,
                722,
                623
            ]
        },
        "counts": {
            "reals": {
                "O": [
                    492,
                    482,
                    29
                ],
                "B": [
                    15,
                    4,
                    0
                ],
                "I": [
                    5,
                    0,
                    0
                ]
            },
            "preds": {
                "O": [
                    512,
                    484,
                    29
                ],
                "B": [
                    0,
                    1,
                    0
                ],
                "I": [
                    0,
                    1,
                    0
                ]
            }
        }
    },
    "Objective": {
        "metrics": {
            "precision": [
                0.10084033613445378,
                0.1152542372881356,
                0.09090909090909091
            ],
            "recall": [
                0.1782178217821782,
                0.2073170731707317,
                0.10454545454545454
            ],
            "f1": [
                0.1288014311270125,
                0.14814814814814814,
                0.09725158562367865
            ],
            "number": [
                202,
                164,
                220
            ]
        },
        "counts": {
            "reals": {
                "O": [
                    505,
                    473,
                    29
                ],
                "B": [
                    1,
                    2,
                    0
                ],
                "I": [
                    6,
                    11,
                    0
                ]
            },
            "preds": {
                "O": [
                    508,
                    476,
                    29
                ],
                "B": [
                    2,
                    3,
                    0
                ],
                "I": [
                    2,
                    7,
                    0
                ]
            }
        }
    },
    "Resource": {
        "metrics": {
            "precision": [
                0.030303030303030304,
                0.15384615384615385,
                0.0
            ],
            "recall": [
                0.01818181818181818,
                0.05333333333333334,
                0.0
            ],
            "f1": [
                0.022727272727272724,
                0.07920792079207922,
                0.0
            ],
            "number": [
                110,
                75,
                110
            ]
        },
        "counts": {
            "reals": {
                "O": [
                    512,
                    486,
                    29
                ],
                "B": [
                    0,
                    0,
                    0
                ],
                "I": [
                    0,
                    0,
                    0
                ]
            },
            "preds": {
                "O": [
                    512,
                    486,
                    29
                ],
                "B": [
                    0,
                    0,
                    0
                ],
                "I": [
                    0,
                    0,
                    0
                ]
            }
        }
    },
    "Time": {
        "metrics": {
            "precision": [
                0.30092592592592593,
                0.4388888888888889,
                0.3
            ],
            "recall": [
                0.39634146341463417,
                0.44886363636363635,
                0.28846153846153844
            ],
            "f1": [
                0.34210526315789475,
                0.4438202247191011,
                0.29411764705882354
            ],
            "number": [
                164,
                176,
                208
            ]
        },
        "counts": {
            "reals": {
                "O": [
                    506,
                    475,
                    14
                ],
                "B": [
                    2,
                    5,
                    1
                ],
                "I": [
                    4,
                    6,
                    14
                ]
            },
            "preds": {
                "O": [
                    496,
                    474,
                    12
                ],
                "B": [
                    2,
                    5,
                    1
                ],
                "I": [
                    14,
                    7,
                    16
                ]
            }
        }
    }
}