{
    "Actor": {
        "metrics": {
            "precision": [
                0.20610687022900764,
                0.135,
                0.24528301886792453
            ],
            "recall": [
                0.09146341463414634,
                0.021704180064308683,
                0.011016949152542373
            ],
            "f1": [
                0.12670107930549038,
                0.037396121883656507,
                0.021086780210867802
            ],
            "number": [
                1476,
                1244,
                1180
            ]
        },
        "counts": {
            "reals": {
                "O": [
                    400,
                    473,
                    29
                ],
                "B": [
                    44,
                    12,
                    0
                ],
                "I": [
                    68,
                    1,
                    0
                ]
            },
            "preds": {
                "O": [
                    483,
                    486,
                    29
                ],
                "B": [
                    20,
                    0,
                    0
                ],
                "I": [
                    9,
                    0,
                    0
                ]
            }
        }
    },
    "InstrumentType": {
        "metrics": {
            "precision": [
                0.0,
                0.0,
                0.0
            ],
            "recall": [
                0.0,
                0.0,
                0.0
            ],
            "f1": [
                0.0,
                0.0,
                0.0
            ],
            "number": [
                924,
                722,
                623
            ]
        },
        "counts": {
            "reals": {
                "O": [
                    492,
                    482,
                    29
                ],
                "B": [
                    15,
                    4,
                    0
                ],
                "I": [
                    5,
                    0,
                    0
                ]
            },
            "preds": {
                "O": [
                    512,
                    486,
                    29
                ],
                "B": [
                    0,
                    0,
                    0
                ],
                "I": [
                    0,
                    0,
                    0
                ]
            }
        }
    },
    "Objective": {
        "metrics": {
            "precision": [
                0.07142857142857142,
                0.061224489795918366,
                0.07614213197969544
            ],
            "recall": [
                0.16336633663366337,
                0.09146341463414634,
                0.06818181818181818
            ],
            "f1": [
                0.09939759036144578,
                0.07334963325183375,
                0.07194244604316546
            ],
            "number": [
                202,
                164,
                220
            ]
        },
        "counts": {
            "reals": {
                "O": [
                    505,
                    473,
                    29
                ],
                "B": [
                    1,
                    2,
                    0
                ],
                "I": [
                    6,
                    11,
                    0
                ]
            },
            "preds": {
                "O": [
                    507,
                    476,
                    29
                ],
                "B": [
                    1,
                    2,
                    0
                ],
                "I": [
                    4,
                    8,
                    0
                ]
            }
        }
    },
    "Resource": {
        "metrics": {
            "precision": [
                0.0,
                0.0,
                0.0
            ],
            "recall": [
                0.0,
                0.0,
                0.0
            ],
            "f1": [
                0.0,
                0.0,
                0.0
            ],
            "number": [
                110,
                75,
                110
            ]
        },
        "counts": {
            "reals": {
                "O": [
                    512,
                    486,
                    29
                ],
                "B": [
                    0,
                    0,
                    0
                ],
                "I": [
                    0,
                    0,
                    0
                ]
            },
            "preds": {
                "O": [
                    512,
                    486,
                    29
                ],
                "B": [
                    0,
                    0,
                    0
                ],
                "I": [
                    0,
                    0,
                    0
                ]
            }
        }
    },
    "Time": {
        "metrics": {
            "precision": [
                0.1625615763546798,
                0.17647058823529413,
                0.15950920245398773
            ],
            "recall": [
                0.20121951219512196,
                0.13636363636363635,
                0.125
            ],
            "f1": [
                0.1798365122615804,
                0.15384615384615383,
                0.14016172506738545
            ],
            "number": [
                164,
                176,
                208
            ]
        },
        "counts": {
            "reals": {
                "O": [
                    506,
                    475,
                    14
                ],
                "B": [
                    2,
                    5,
                    1
                ],
                "I": [
                    4,
                    6,
                    14
                ]
            },
            "preds": {
                "O": [
                    497,
                    476,
                    12
                ],
                "B": [
                    2,
                    3,
                    1
                ],
                "I": [
                    13,
                    7,
                    16
                ]
            }
        }
    }
}