{
    "Actor": {
        "metrics": {
            "precision": 0.24528301886792453,
            "recall": 0.011016949152542373,
            "f1": 0.021086780210867802,
            "number": 1180
        },
        "counts": {
            "reals": {
                "O": 29
            },
            "preds": {
                "O": 29
            }
        }
    },
    "InstrumentType": {
        "metrics": {
            "precision": 0.0,
            "recall": 0.0,
            "f1": 0.0,
            "number": 623
        },
        "counts": {
            "reals": {
                "O": 29
            },
            "preds": {
                "O": 29
            }
        }
    },
    "Objective": {
        "metrics": {
            "precision": 0.07614213197969544,
            "recall": 0.06818181818181818,
            "f1": 0.07194244604316546,
            "number": 220
        },
        "counts": {
            "reals": {
                "O": 29
            },
            "preds": {
                "O": 29
            }
        }
    },
    "Resource": {
        "metrics": {
            "precision": 0.0,
            "recall": 0.0,
            "f1": 0.0,
            "number": 110
        },
        "counts": {
            "reals": {
                "O": 29
            },
            "preds": {
                "O": 29
            }
        }
    },
    "Time": {
        "metrics": {
            "precision": 0.15950920245398773,
            "recall": 0.125,
            "f1": 0.14016172506738545,
            "number": 208
        },
        "counts": {
            "reals": {
                "O": 14,
                "B": 1,
                "I": 14
            },
            "preds": {
                "O": 12,
                "B": 1,
                "I": 16
            }
        }
    }
}