{
    "Actor": {
        "metrics": {
            "precision": 0.5730629225169007,
            "recall": 0.7466124661246613,
            "f1": 0.6484260076493087,
            "number": 1476
        },
        "counts": {
            "reals": {
                "O": 400,
                "B": 44,
                "I": 68
            },
            "preds": {
                "O": 410,
                "B": 51,
                "I": 51
            }
        }
    },
    "InstrumentType": {
        "metrics": {
            "precision": 0.19756838905775076,
            "recall": 0.07034632034632035,
            "f1": 0.1037509976057462,
            "number": 924
        },
        "counts": {
            "reals": {
                "O": 492,
                "B": 15,
                "I": 5
            },
            "preds": {
                "O": 512
            }
        }
    },
    "Objective": {
        "metrics": {
            "precision": 0.10084033613445378,
            "recall": 0.1782178217821782,
            "f1": 0.1288014311270125,
            "number": 202
        },
        "counts": {
            "reals": {
                "O": 505,
                "B": 1,
                "I": 6
            },
            "preds": {
                "O": 508,
                "B": 2,
                "I": 2
            }
        }
    },
    "Resource": {
        "metrics": {
            "precision": 0.030303030303030304,
            "recall": 0.01818181818181818,
            "f1": 0.022727272727272724,
            "number": 110
        },
        "counts": {
            "reals": {
                "O": 512
            },
            "preds": {
                "O": 512
            }
        }
    },
    "Time": {
        "metrics": {
            "precision": 0.30092592592592593,
            "recall": 0.39634146341463417,
            "f1": 0.34210526315789475,
            "number": 164
        },
        "counts": {
            "reals": {
                "O": 506,
                "B": 2,
                "I": 4
            },
            "preds": {
                "O": 496,
                "B": 2,
                "I": 14
            }
        }
    }
}