{
    "Actor": {
        "metrics": {
            "precision": 0.20610687022900764,
            "recall": 0.09146341463414634,
            "f1": 0.12670107930549038,
            "number": 1476
        },
        "counts": {
            "reals": {
                "O": 400,
                "B": 44,
                "I": 68
            },
            "preds": {
                "O": 483,
                "B": 20,
                "I": 9
            }
        }
    },
    "InstrumentType": {
        "metrics": {
            "precision": 0.0,
            "recall": 0.0,
            "f1": 0.0,
            "number": 924
        },
        "counts": {
            "reals": {
                "O": 492,
                "B": 15,
                "I": 5
            },
            "preds": {
                "O": 512
            }
        }
    },
    "Objective": {
        "metrics": {
            "precision": 0.07142857142857142,
            "recall": 0.16336633663366337,
            "f1": 0.09939759036144578,
            "number": 202
        },
        "counts": {
            "reals": {
                "O": 505,
                "B": 1,
                "I": 6
            },
            "preds": {
                "O": 507,
                "B": 1,
                "I": 4
            }
        }
    },
    "Resource": {
        "metrics": {
            "precision": 0.0,
            "recall": 0.0,
            "f1": 0.0,
            "number": 110
        },
        "counts": {
            "reals": {
                "O": 512
            },
            "preds": {
                "O": 512
            }
        }
    },
    "Time": {
        "metrics": {
            "precision": 0.1625615763546798,
            "recall": 0.20121951219512196,
            "f1": 0.1798365122615804,
            "number": 164
        },
        "counts": {
            "reals": {
                "O": 506,
                "B": 2,
                "I": 4
            },
            "preds": {
                "O": 497,
                "B": 2,
                "I": 13
            }
        }
    }
}