{
    "Actor": {
        "metrics": {
            "precision": 0.135,
            "recall": 0.021704180064308683,
            "f1": 0.037396121883656507,
            "number": 1244
        },
        "counts": {
            "reals": {
                "O": 473,
                "B": 12,
                "I": 1
            },
            "preds": {
                "O": 486
            }
        }
    },
    "InstrumentType": {
        "metrics": {
            "precision": 0.0,
            "recall": 0.0,
            "f1": 0.0,
            "number": 722
        },
        "counts": {
            "reals": {
                "O": 482,
                "B": 4
            },
            "preds": {
                "O": 486
            }
        }
    },
    "Objective": {
        "metrics": {
            "precision": 0.061224489795918366,
            "recall": 0.09146341463414634,
            "f1": 0.07334963325183375,
            "number": 164
        },
        "counts": {
            "reals": {
                "O": 473,
                "B": 2,
                "I": 11
            },
            "preds": {
                "O": 476,
                "B": 2,
                "I": 8
            }
        }
    },
    "Resource": {
        "metrics": {
            "precision": 0.0,
            "recall": 0.0,
            "f1": 0.0,
            "number": 75
        },
        "counts": {
            "reals": {
                "O": 486
            },
            "preds": {
                "O": 486
            }
        }
    },
    "Time": {
        "metrics": {
            "precision": 0.17647058823529413,
            "recall": 0.13636363636363635,
            "f1": 0.15384615384615383,
            "number": 176
        },
        "counts": {
            "reals": {
                "O": 475,
                "B": 5,
                "I": 6
            },
            "preds": {
                "O": 476,
                "B": 3,
                "I": 7
            }
        }
    }
}