{
    "Actor": {
        "metrics": {
            "precision": 0.6870120652945352,
            "recall": 0.7781350482315113,
            "f1": 0.7297399170750095,
            "number": 1244
        },
        "counts": {
            "reals": {
                "O": 473,
                "B": 12,
                "I": 1
            },
            "preds": {
                "O": 471,
                "B": 14,
                "I": 1
            }
        }
    },
    "InstrumentType": {
        "metrics": {
            "precision": 0.30579710144927535,
            "recall": 0.2922437673130194,
            "f1": 0.2988668555240793,
            "number": 722
        },
        "counts": {
            "reals": {
                "O": 482,
                "B": 4
            },
            "preds": {
                "O": 484,
                "B": 1,
                "I": 1
            }
        }
    },
    "Objective": {
        "metrics": {
            "precision": 0.1152542372881356,
            "recall": 0.2073170731707317,
            "f1": 0.14814814814814814,
            "number": 164
        },
        "counts": {
            "reals": {
                "O": 473,
                "B": 2,
                "I": 11
            },
            "preds": {
                "O": 476,
                "B": 3,
                "I": 7
            }
        }
    },
    "Resource": {
        "metrics": {
            "precision": 0.15384615384615385,
            "recall": 0.05333333333333334,
            "f1": 0.07920792079207922,
            "number": 75
        },
        "counts": {
            "reals": {
                "O": 486
            },
            "preds": {
                "O": 486
            }
        }
    },
    "Time": {
        "metrics": {
            "precision": 0.4388888888888889,
            "recall": 0.44886363636363635,
            "f1": 0.4438202247191011,
            "number": 176
        },
        "counts": {
            "reals": {
                "O": 475,
                "B": 5,
                "I": 6
            },
            "preds": {
                "O": 474,
                "B": 5,
                "I": 7
            }
        }
    }
}