{
    "Actor": {
        "precision": 0.6663129973474801,
        "recall": 0.8515254237288136,
        "f1": 0.7476190476190476,
        "number": 1475
    },
    "InstrumentType": {
        "precision": 0.26940187839841817,
        "recall": 0.6186152099886493,
        "f1": 0.3753443526170799,
        "number": 881
    },
    "Objective": {
        "precision": 0.058823529411764705,
        "recall": 0.22123893805309736,
        "f1": 0.09293680297397769,
        "number": 226
    },
    "Resource": {
        "precision": 0.058385093167701865,
        "recall": 0.42727272727272725,
        "f1": 0.10273224043715848,
        "number": 110
    },
    "Time": {
        "precision": 0.17849898580121704,
        "recall": 0.5333333333333333,
        "f1": 0.2674772036474164,
        "number": 165
    },
    "overall_precision": 0.32793923381770146,
    "overall_recall": 0.6951347567378369,
    "overall_f1": 0.4456411982497475,
    "overall_accuracy": 0.7921450017661603
}