{
    "Actor": {
        "precision": 0.5413056036972848,
        "recall": 0.7940677966101695,
        "f1": 0.6437650291995877,
        "number": 1180
    },
    "InstrumentType": {
        "precision": 0.1697142857142857,
        "recall": 0.49748743718592964,
        "f1": 0.25308904985087344,
        "number": 597
    },
    "Objective": {
        "precision": 0.03230769230769231,
        "recall": 0.15730337078651685,
        "f1": 0.05360561582641991,
        "number": 267
    },
    "Resource": {
        "precision": 0.07243460764587525,
        "recall": 0.32727272727272727,
        "f1": 0.1186161449752883,
        "number": 110
    },
    "Time": {
        "precision": 0.1898238747553816,
        "recall": 0.46411483253588515,
        "f1": 0.2694444444444444,
        "number": 209
    },
    "overall_precision": 0.2433926412160995,
    "overall_recall": 0.5962759204401185,
    "overall_f1": 0.3456820412168793,
    "overall_accuracy": 0.7345076669623621
}