{
    "Actor": {
        "precision": 0.5937818552497451,
        "recall": 0.7898305084745763,
        "f1": 0.6779167878964213,
        "number": 1475
    },
    "InstrumentType": {
        "precision": 0.20864015709376535,
        "recall": 0.48240635641316687,
        "f1": 0.29129540781357094,
        "number": 881
    },
    "Objective": {
        "precision": 0.04883720930232558,
        "recall": 0.18584070796460178,
        "f1": 0.07734806629834254,
        "number": 226
    },
    "Resource": {
        "precision": 0.04419889502762431,
        "recall": 0.36363636363636365,
        "f1": 0.07881773399014777,
        "number": 110
    },
    "Time": {
        "precision": 0.13001912045889102,
        "recall": 0.4121212121212121,
        "f1": 0.1976744186046512,
        "number": 165
    },
    "overall_precision": 0.2767615714967393,
    "overall_recall": 0.6090304515225762,
    "overall_f1": 0.3805774278215223,
    "overall_accuracy": 0.7462469092193571
}