{
    "metrics": {
        "Actor": {
            "precision": [
                0.5937818552497451,
                0.524908232826429,
                0.5825426944971537
            ],
            "recall": [
                0.7898305084745763,
                0.8046623794212219,
                0.7805084745762711
            ],
            "f1": [
                0.6779167878964213,
                0.635353855918756,
                0.6671495834842448
            ],
            "number": [
                1475,
                1244,
                1180
            ]
        },
        "InstrumentType": {
            "precision": [
                0.20864015709376535,
                0.24653215636822196,
                0.22554144884241972
            ],
            "recall": [
                0.48240635641316687,
                0.5553977272727273,
                0.5058626465661642
            ],
            "f1": [
                0.29129540781357094,
                0.34148471615720527,
                0.3119834710743802
            ],
            "number": [
                881,
                704,
                597
            ]
        },
        "Objective": {
            "precision": [
                0.04883720930232558,
                0.05859872611464968,
                0.06031746031746032
            ],
            "recall": [
                0.18584070796460178,
                0.25555555555555554,
                0.21348314606741572
            ],
            "f1": [
                0.07734806629834254,
                0.09533678756476685,
                0.09405940594059406
            ],
            "number": [
                226,
                180,
                267
            ]
        },
        "Resource": {
            "precision": [
                0.04419889502762431,
                0.033112582781456956,
                0.07993197278911565
            ],
            "recall": [
                0.36363636363636365,
                0.4,
                0.42727272727272725
            ],
            "f1": [
                0.07881773399014777,
                0.06116207951070337,
                0.13467048710601717
            ],
            "number": [
                110,
                75,
                110
            ]
        },
        "Time": {
            "precision": [
                0.13001912045889102,
                0.211864406779661,
                0.2157258064516129
            ],
            "recall": [
                0.4121212121212121,
                0.5681818181818182,
                0.5119617224880383
            ],
            "f1": [
                0.1976744186046512,
                0.30864197530864196,
                0.3035460992907802
            ],
            "number": [
                165,
                176,
                209
            ]
        }
    },
    "counts": {
        "reals": {
            "O": [
                37822,
                30290,
                32765
            ],
            "B-Actor": [
                1473,
                1243,
                1178
            ],
            "I-Actor": [
                1456,
                1548,
                1324
            ],
            "B-InstrumentType": [
                864,
                696,
                584
            ],
            "I-InstrumentType": [
                1083,
                775,
                837
            ],
            "B-Objective": [
                192,
                158,
                207
            ],
            "I-Objective": [
                1482,
                1102,
                1487
            ],
            "B-Resource": [
                107,
                72,
                110
            ],
            "I-Resource": [
                114,
                95,
                241
            ],
            "B-Time": [
                163,
                175,
                206
            ],
            "I-Time": [
                540,
                441,
                516
            ]
        },
        "preds": {
            "O": [
                28403,
                23242,
                25413
            ],
            "B-Actor": [
                1962,
                1907,
                1581
            ],
            "I-Actor": [
                2179,
                1932,
                1992
            ],
            "B-InstrumentType": [
                2037,
                1586,
                1339
            ],
            "I-InstrumentType": [
                2220,
                1347,
                1185
            ],
            "B-Objective": [
                860,
                785,
                945
            ],
            "I-Objective": [
                3347,
                2479,
                4584
            ],
            "B-Resource": [
                905,
                906,
                588
            ],
            "I-Resource": [
                1532,
                1035,
                443
            ],
            "B-Time": [
                523,
                472,
                496
            ],
            "I-Time": [
                1328,
                904,
                889
            ]
        }
    }
}