{
    "metrics": {
        "Actor": {
            "precision": 0.524908232826429,
            "recall": 0.8046623794212219,
            "f1": 0.635353855918756,
            "number": 1244
        },
        "InstrumentType": {
            "precision": 0.24653215636822196,
            "recall": 0.5553977272727273,
            "f1": 0.34148471615720527,
            "number": 704
        },
        "Objective": {
            "precision": 0.05859872611464968,
            "recall": 0.25555555555555554,
            "f1": 0.09533678756476685,
            "number": 180
        },
        "Resource": {
            "precision": 0.033112582781456956,
            "recall": 0.4,
            "f1": 0.06116207951070337,
            "number": 75
        },
        "Time": {
            "precision": 0.211864406779661,
            "recall": 0.5681818181818182,
            "f1": 0.30864197530864196,
            "number": 176
        }
    },
    "counts": {
        "reals": {
            "O": 30290,
            "B-Actor": 1243,
            "B-InstrumentType": 696,
            "B-Time": 175,
            "I-Time": 441,
            "I-Actor": 1548,
            "B-Objective": 158,
            "I-Objective": 1102,
            "I-InstrumentType": 775,
            "B-Resource": 72,
            "I-Resource": 95
        },
        "preds": {
            "O": 23242,
            "B-Actor": 1907,
            "B-InstrumentType": 1586,
            "I-InstrumentType": 1347,
            "B-Resource": 906,
            "I-Actor": 1932,
            "B-Time": 472,
            "I-Time": 904,
            "I-Resource": 1035,
            "B-Objective": 785,
            "I-Objective": 2479
        }
    }
}