{
    "Actor": {
        "precision": 0.7258464079273328,
        "recall": 0.8284637134778511,
        "f1": 0.7737676056338029,
        "number": 1061
    },
    "InstrumentType": {
        "precision": 0.2741702741702742,
        "recall": 0.34990791896869244,
        "f1": 0.3074433656957929,
        "number": 543
    },
    "Objective": {
        "precision": 0.07653061224489796,
        "recall": 0.13636363636363635,
        "f1": 0.09803921568627451,
        "number": 220
    },
    "Resource": {
        "precision": 0.0,
        "recall": 0.0,
        "f1": 0.0,
        "number": 116
    },
    "Time": {
        "precision": 0.22340425531914893,
        "recall": 0.25925925925925924,
        "f1": 0.24,
        "number": 162
    },
    "overall_precision": 0.45933977455716585,
    "overall_recall": 0.5428163653663178,
    "overall_f1": 0.49760139555167904,
    "overall_accuracy": 0.8687796791143331
}