{
    "metrics": {
        "Actor": {
            "precision": [
                0.0,
                0.7258464079273328,
                0.0
            ],
            "recall": [
                0.0,
                0.8284637134778511,
                0.0
            ],
            "f1": [
                0.0,
                0.7737676056338029,
                0.0
            ],
            "number": [
                1098,
                1061,
                1116
            ]
        },
        "InstrumentType": {
            "precision": [
                0.0,
                0.2741702741702742,
                0.0
            ],
            "recall": [
                0.0,
                0.34990791896869244,
                0.0
            ],
            "f1": [
                0.0,
                0.3074433656957929,
                0.0
            ],
            "number": [
                683,
                543,
                574
            ]
        },
        "Objective": {
            "precision": [
                0.0,
                0.07653061224489796,
                0.0
            ],
            "recall": [
                0.0,
                0.13636363636363635,
                0.0
            ],
            "f1": [
                0.0,
                0.09803921568627451,
                0.0
            ],
            "number": [
                284,
                220,
                191
            ]
        },
        "Resource": {
            "precision": [
                0.0,
                0.0,
                0.0
            ],
            "recall": [
                0.0,
                0.0,
                0.0
            ],
            "f1": [
                0.0,
                0.0,
                0.0
            ],
            "number": [
                109,
                116,
                125
            ]
        },
        "Time": {
            "precision": [
                0.0,
                0.22340425531914893,
                0.0
            ],
            "recall": [
                0.0,
                0.25925925925925924,
                0.0
            ],
            "f1": [
                0.0,
                0.24,
                0.0
            ],
            "number": [
                202,
                162,
                158
            ]
        }
    },
    "counts": {
        "reals": {
            "O": [
                30654,
                29602,
                28150
            ],
            "B-Actor": [
                1098,
                1061,
                1115
            ],
            "I-Actor": [
                1308,
                1152,
                1277
            ],
            "B-InstrumentType": [
                677,
                535,
                567
            ],
            "I-InstrumentType": [
                817,
                706,
                765
            ],
            "B-Objective": [
                240,
                190,
                161
            ],
            "I-Objective": [
                1725,
                1478,
                1126
            ],
            "B-Resource": [
                109,
                116,
                125
            ],
            "I-Resource": [
                138,
                129,
                173
            ],
            "B-Time": [
                201,
                162,
                157
            ],
            "I-Time": [
                547,
                458,
                502
            ]
        },
        "preds": {
            "O": [
                37514,
                28870,
                34118
            ],
            "B-Actor": [
                0,
                1211,
                0
            ],
            "I-Actor": [
                0,
                1308,
                0
            ],
            "B-InstrumentType": [
                0,
                693,
                0
            ],
            "I-InstrumentType": [
                0,
                347,
                0
            ],
            "B-Objective": [
                0,
                392,
                0
            ],
            "I-Objective": [
                0,
                1741,
                0
            ],
            "B-Resource": [
                0,
                0,
                0
            ],
            "I-Resource": [
                0,
                0,
                0
            ],
            "B-Time": [
                0,
                188,
                0
            ],
            "I-Time": [
                0,
                839,
                0
            ]
        }
    }
}