{
    "Actor": {
        "precision": 0.5855907780979827,
        "recall": 0.8167202572347267,
        "f1": 0.6821080899630749,
        "number": 1244
    },
    "InstrumentType": {
        "precision": 0.2768798313422347,
        "recall": 0.5596590909090909,
        "f1": 0.3704748472026328,
        "number": 704
    },
    "Objective": {
        "precision": 0.05795314426633785,
        "recall": 0.2611111111111111,
        "f1": 0.094853683148335,
        "number": 180
    },
    "Resource": {
        "precision": 0.05752212389380531,
        "recall": 0.3466666666666667,
        "f1": 0.09867172675521822,
        "number": 75
    },
    "Time": {
        "precision": 0.2465753424657534,
        "recall": 0.6136363636363636,
        "f1": 0.3517915309446254,
        "number": 176
    },
    "overall_precision": 0.3274336283185841,
    "overall_recall": 0.6687683900798654,
    "overall_f1": 0.4396242055816524,
    "overall_accuracy": 0.7895887416313704
}