{
    "Actor": {
        "precision": 0.6991549295774648,
        "recall": 0.8413559322033898,
        "f1": 0.7636923076923078,
        "number": 1475
    },
    "InstrumentType": {
        "precision": 0.27445652173913043,
        "recall": 0.5732122587968218,
        "f1": 0.3711870635795664,
        "number": 881
    },
    "Objective": {
        "precision": 0.06799531066822978,
        "recall": 0.25663716814159293,
        "f1": 0.10750695088044487,
        "number": 226
    },
    "Resource": {
        "precision": 0.053125,
        "recall": 0.3090909090909091,
        "f1": 0.09066666666666666,
        "number": 110
    },
    "Time": {
        "precision": 0.1401151631477927,
        "recall": 0.44242424242424244,
        "f1": 0.21282798833819241,
        "number": 165
    },
    "overall_precision": 0.3394919168591224,
    "overall_recall": 0.6688834441722086,
    "overall_f1": 0.4503888757954277,
    "overall_accuracy": 0.7869348286824444
}