{
    "Actor": {
        "precision": 0.5611555009219422,
        "recall": 0.773728813559322,
        "f1": 0.6505165657285357,
        "number": 1180
    },
    "InstrumentType": {
        "precision": 0.16947115384615385,
        "recall": 0.4723618090452261,
        "f1": 0.24944714727996462,
        "number": 597
    },
    "Objective": {
        "precision": 0.08764940239043825,
        "recall": 0.24719101123595505,
        "f1": 0.12941176470588237,
        "number": 267
    },
    "Resource": {
        "precision": 0.06371191135734072,
        "recall": 0.41818181818181815,
        "f1": 0.11057692307692309,
        "number": 110
    },
    "Time": {
        "precision": 0.22413793103448276,
        "recall": 0.5598086124401914,
        "f1": 0.320109439124487,
        "number": 209
    },
    "overall_precision": 0.2692889561270802,
    "overall_recall": 0.6026237833262802,
    "overall_f1": 0.37223892301659917,
    "overall_accuracy": 0.7623875300975795
}