{
    "metrics": {
        "Actor": {
            "precision": [
                0.6991549295774648,
                0.5855907780979827,
                0.5611555009219422
            ],
            "recall": [
                0.8413559322033898,
                0.8167202572347267,
                0.773728813559322
            ],
            "f1": [
                0.7636923076923078,
                0.6821080899630749,
                0.6505165657285357
            ],
            "number": [
                1475,
                1244,
                1180
            ]
        },
        "InstrumentType": {
            "precision": [
                0.27445652173913043,
                0.2768798313422347,
                0.16947115384615385
            ],
            "recall": [
                0.5732122587968218,
                0.5596590909090909,
                0.4723618090452261
            ],
            "f1": [
                0.3711870635795664,
                0.3704748472026328,
                0.24944714727996462
            ],
            "number": [
                881,
                704,
                597
            ]
        },
        "Objective": {
            "precision": [
                0.06799531066822978,
                0.05795314426633785,
                0.08764940239043825
            ],
            "recall": [
                0.25663716814159293,
                0.2611111111111111,
                0.24719101123595505
            ],
            "f1": [
                0.10750695088044487,
                0.094853683148335,
                0.12941176470588237
            ],
            "number": [
                226,
                180,
                267
            ]
        },
        "Resource": {
            "precision": [
                0.053125,
                0.05752212389380531,
                0.06371191135734072
            ],
            "recall": [
                0.3090909090909091,
                0.3466666666666667,
                0.41818181818181815
            ],
            "f1": [
                0.09066666666666666,
                0.09867172675521822,
                0.11057692307692309
            ],
            "number": [
                110,
                75,
                110
            ]
        },
        "Time": {
            "precision": [
                0.1401151631477927,
                0.2465753424657534,
                0.22413793103448276
            ],
            "recall": [
                0.44242424242424244,
                0.6136363636363636,
                0.5598086124401914
            ],
            "f1": [
                0.21282798833819241,
                0.3517915309446254,
                0.320109439124487
            ],
            "number": [
                165,
                176,
                209
            ]
        }
    },
    "counts": {
        "reals": {
            "O": [
                37822,
                30290,
                32765
            ],
            "B-Actor": [
                1473,
                1243,
                1178
            ],
            "I-Actor": [
                1456,
                1548,
                1324
            ],
            "B-InstrumentType": [
                864,
                696,
                584
            ],
            "I-InstrumentType": [
                1083,
                775,
                837
            ],
            "B-Objective": [
                192,
                158,
                207
            ],
            "I-Objective": [
                1482,
                1102,
                1487
            ],
            "B-Resource": [
                107,
                72,
                110
            ],
            "I-Resource": [
                114,
                95,
                241
            ],
            "B-Time": [
                163,
                175,
                206
            ],
            "I-Time": [
                540,
                441,
                516
            ]
        },
        "preds": {
            "O": [
                30374,
                24466,
                25436
            ],
            "B-Actor": [
                1775,
                1735,
                1627
            ],
            "I-Actor": [
                1895,
                1783,
                2145
            ],
            "B-InstrumentType": [
                1840,
                1423,
                1664
            ],
            "I-InstrumentType": [
                2049,
                1044,
                1653
            ],
            "B-Objective": [
                853,
                811,
                753
            ],
            "I-Objective": [
                2986,
                3079,
                3091
            ],
            "B-Resource": [
                640,
                452,
                722
            ],
            "I-Resource": [
                978,
                494,
                940
            ],
            "B-Time": [
                521,
                438,
                522
            ],
            "I-Time": [
                1385,
                870,
                902
            ]
        }
    }
}