{
    "metrics": {
        "Actor": {
            "precision": 0.6991549295774648,
            "recall": 0.8413559322033898,
            "f1": 0.7636923076923078,
            "number": 1475
        },
        "InstrumentType": {
            "precision": 0.27445652173913043,
            "recall": 0.5732122587968218,
            "f1": 0.3711870635795664,
            "number": 881
        },
        "Objective": {
            "precision": 0.06799531066822978,
            "recall": 0.25663716814159293,
            "f1": 0.10750695088044487,
            "number": 226
        },
        "Resource": {
            "precision": 0.053125,
            "recall": 0.3090909090909091,
            "f1": 0.09066666666666666,
            "number": 110
        },
        "Time": {
            "precision": 0.1401151631477927,
            "recall": 0.44242424242424244,
            "f1": 0.21282798833819241,
            "number": 165
        }
    },
    "counts": {
        "reals": {
            "O": 37822,
            "B-InstrumentType": 864,
            "B-Actor": 1473,
            "I-Actor": 1456,
            "I-InstrumentType": 1083,
            "B-Time": 163,
            "I-Time": 540,
            "B-Objective": 192,
            "I-Objective": 1482,
            "B-Resource": 107,
            "I-Resource": 114
        },
        "preds": {
            "O": 30374,
            "B-InstrumentType": 1840,
            "B-Actor": 1775,
            "I-Actor": 1895,
            "B-Time": 521,
            "I-Time": 1385,
            "B-Objective": 853,
            "I-Objective": 2986,
            "I-InstrumentType": 2049,
            "B-Resource": 640,
            "I-Resource": 978
        }
    }
}