{
    "Actor": {
        "_": {
            "precision": 0.6603325415676959,
            "recall": 0.7067796610169491,
            "f1": 0.6827670896438803,
            "number": 1180
        },
        "overall_precision": 0.6603325415676959,
        "overall_recall": 0.7067796610169491,
        "overall_f1": 0.6827670896438803,
        "overall_accuracy": 0.9691800785705234
    },
    "InstrumentType": {
        "_": {
            "precision": 0.10344827586206896,
            "recall": 0.05778491171749599,
            "f1": 0.07415036045314109,
            "number": 623
        },
        "overall_precision": 0.10344827586206896,
        "overall_recall": 0.05778491171749599,
        "overall_f1": 0.07415036045314109,
        "overall_accuracy": 0.9558484349258649
    },
    "Objective": {
        "_": {
            "precision": 0.06930693069306931,
            "recall": 0.09545454545454546,
            "f1": 0.08030592734225622,
            "number": 220
        },
        "overall_precision": 0.06930693069306931,
        "overall_recall": 0.09545454545454546,
        "overall_f1": 0.08030592734225622,
        "overall_accuracy": 0.9570396654416424
    },
    "Resource": {
        "_": {
            "precision": 0.10869565217391304,
            "recall": 0.045454545454545456,
            "f1": 0.06410256410256411,
            "number": 110
        },
        "overall_precision": 0.10869565217391304,
        "overall_recall": 0.045454545454545456,
        "overall_f1": 0.06410256410256411,
        "overall_accuracy": 0.9900899759219364
    },
    "Time": {
        "_": {
            "precision": 0.281767955801105,
            "recall": 0.24519230769230768,
            "f1": 0.2622107969151671,
            "number": 208
        },
        "overall_precision": 0.281767955801105,
        "overall_recall": 0.24519230769230768,
        "overall_f1": 0.2622107969151671,
        "overall_accuracy": 0.9863895577239894
    },
    "overall_f1": 0.2245793140621057
}