{
    "Actor": {
        "_": {
            "precision": 0.6406035665294925,
            "recall": 0.7508038585209004,
            "f1": 0.6913397483345671,
            "number": 1244
        },
        "overall_precision": 0.6406035665294925,
        "overall_recall": 0.7508038585209004,
        "overall_f1": 0.6913397483345671,
        "overall_accuracy": 0.9670993305096325
    },
    "InstrumentType": {
        "_": {
            "precision": 0.12138728323699421,
            "recall": 0.029085872576177285,
            "f1": 0.04692737430167598,
            "number": 722
        },
        "overall_precision": 0.12138728323699421,
        "overall_recall": 0.029085872576177285,
        "overall_f1": 0.04692737430167598,
        "overall_accuracy": 0.9564421369039486
    },
    "Objective": {
        "_": {
            "precision": 0.1276595744680851,
            "recall": 0.14634146341463414,
            "f1": 0.13636363636363635,
            "number": 164
        },
        "overall_precision": 0.1276595744680851,
        "overall_recall": 0.14634146341463414,
        "overall_f1": 0.13636363636363635,
        "overall_accuracy": 0.9686022680694084
    },
    "Resource": {
        "_": {
            "precision": 0.07407407407407407,
            "recall": 0.02666666666666667,
            "f1": 0.0392156862745098,
            "number": 75
        },
        "overall_precision": 0.07407407407407407,
        "overall_recall": 0.02666666666666667,
        "overall_f1": 0.0392156862745098,
        "overall_accuracy": 0.9926765951632737
    },
    "Time": {
        "_": {
            "precision": 0.3407821229050279,
            "recall": 0.3465909090909091,
            "f1": 0.3436619718309859,
            "number": 176
        },
        "overall_precision": 0.3407821229050279,
        "overall_recall": 0.3465909090909091,
        "overall_f1": 0.3436619718309859,
        "overall_accuracy": 0.9875392813225851
    },
    "overall_f1": 0.2278049849125736
}