{
    "Actor": {
        "metrics": {
            "precision": [
                0.6473029045643154,
                0.6406035665294925,
                0.6603325415676959
            ],
            "recall": [
                0.7398373983739838,
                0.7508038585209004,
                0.7067796610169491
            ],
            "f1": [
                0.6904837179892508,
                0.6913397483345671,
                0.6827670896438803
            ],
            "number": [
                1476,
                1244,
                1180
            ]
        },
        "counts": {
            "reals": {
                "O": [
                    400,
                    473,
                    29
                ],
                "B": [
                    44,
                    12,
                    0
                ],
                "I": [
                    68,
                    1,
                    0
                ]
            },
            "preds": {
                "O": [
                    414,
                    463,
                    29
                ],
                "B": [
                    51,
                    18,
                    0
                ],
                "I": [
                    47,
                    5,
                    0
                ]
            }
        }
    },
    "InstrumentType": {
        "metrics": {
            "precision": [
                0.1949685534591195,
                0.12138728323699421,
                0.10344827586206896
            ],
            "recall": [
                0.0670995670995671,
                0.029085872576177285,
                0.05778491171749599
            ],
            "f1": [
                0.0998389694041868,
                0.04692737430167598,
                0.07415036045314109
            ],
            "number": [
                924,
                722,
                623
            ]
        },
        "counts": {
            "reals": {
                "O": [
                    492,
                    482,
                    29
                ],
                "B": [
                    15,
                    4,
                    0
                ],
                "I": [
                    5,
                    0,
                    0
                ]
            },
            "preds": {
                "O": [
                    512,
                    486,
                    29
                ],
                "B": [
                    0,
                    0,
                    0
                ],
                "I": [
                    0,
                    0,
                    0
                ]
            }
        }
    },
    "Objective": {
        "metrics": {
            "precision": [
                0.09333333333333334,
                0.1276595744680851,
                0.06930693069306931
            ],
            "recall": [
                0.13861386138613863,
                0.14634146341463414,
                0.09545454545454546
            ],
            "f1": [
                0.11155378486055778,
                0.13636363636363635,
                0.08030592734225622
            ],
            "number": [
                202,
                164,
                220
            ]
        },
        "counts": {
            "reals": {
                "O": [
                    505,
                    473,
                    29
                ],
                "B": [
                    1,
                    2,
                    0
                ],
                "I": [
                    6,
                    11,
                    0
                ]
            },
            "preds": {
                "O": [
                    511,
                    482,
                    29
                ],
                "B": [
                    1,
                    2,
                    0
                ],
                "I": [
                    0,
                    2,
                    0
                ]
            }
        }
    },
    "Resource": {
        "metrics": {
            "precision": [
                0.0,
                0.07407407407407407,
                0.10869565217391304
            ],
            "recall": [
                0.0,
                0.02666666666666667,
                0.045454545454545456
            ],
            "f1": [
                0.0,
                0.0392156862745098,
                0.06410256410256411
            ],
            "number": [
                110,
                75,
                110
            ]
        },
        "counts": {
            "reals": {
                "O": [
                    512,
                    486,
                    29
                ],
                "B": [
                    0,
                    0,
                    0
                ],
                "I": [
                    0,
                    0,
                    0
                ]
            },
            "preds": {
                "O": [
                    512,
                    486,
                    29
                ],
                "B": [
                    0,
                    0,
                    0
                ],
                "I": [
                    0,
                    0,
                    0
                ]
            }
        }
    },
    "Time": {
        "metrics": {
            "precision": [
                0.2722772277227723,
                0.3407821229050279,
                0.281767955801105
            ],
            "recall": [
                0.3353658536585366,
                0.3465909090909091,
                0.24519230769230768
            ],
            "f1": [
                0.3005464480874317,
                0.3436619718309859,
                0.2622107969151671
            ],
            "number": [
                164,
                176,
                208
            ]
        },
        "counts": {
            "reals": {
                "O": [
                    506,
                    475,
                    14
                ],
                "B": [
                    2,
                    5,
                    1
                ],
                "I": [
                    4,
                    6,
                    14
                ]
            },
            "preds": {
                "O": [
                    494,
                    477,
                    11
                ],
                "B": [
                    2,
                    3,
                    1
                ],
                "I": [
                    16,
                    6,
                    17
                ]
            }
        }
    }
}