{
    "Actor": {
        "metrics": {
            "precision": 0.6473029045643154,
            "recall": 0.7398373983739838,
            "f1": 0.6904837179892508,
            "number": 1476
        },
        "counts": {
            "reals": {
                "O": 400,
                "B": 44,
                "I": 68
            },
            "preds": {
                "O": 414,
                "B": 51,
                "I": 47
            }
        }
    },
    "InstrumentType": {
        "metrics": {
            "precision": 0.1949685534591195,
            "recall": 0.0670995670995671,
            "f1": 0.0998389694041868,
            "number": 924
        },
        "counts": {
            "reals": {
                "O": 492,
                "B": 15,
                "I": 5
            },
            "preds": {
                "O": 512
            }
        }
    },
    "Objective": {
        "metrics": {
            "precision": 0.09333333333333334,
            "recall": 0.13861386138613863,
            "f1": 0.11155378486055778,
            "number": 202
        },
        "counts": {
            "reals": {
                "O": 505,
                "B": 1,
                "I": 6
            },
            "preds": {
                "O": 511,
                "B": 1
            }
        }
    },
    "Resource": {
        "metrics": {
            "precision": 0.0,
            "recall": 0.0,
            "f1": 0.0,
            "number": 110
        },
        "counts": {
            "reals": {
                "O": 512
            },
            "preds": {
                "O": 512
            }
        }
    },
    "Time": {
        "metrics": {
            "precision": 0.2722772277227723,
            "recall": 0.3353658536585366,
            "f1": 0.3005464480874317,
            "number": 164
        },
        "counts": {
            "reals": {
                "O": 506,
                "B": 2,
                "I": 4
            },
            "preds": {
                "O": 494,
                "B": 2,
                "I": 16
            }
        }
    }
}