{
    "Actor": {
        "metrics": {
            "precision": 0.6406035665294925,
            "recall": 0.7508038585209004,
            "f1": 0.6913397483345671,
            "number": 1244
        },
        "counts": {
            "reals": {
                "O": 473,
                "B": 12,
                "I": 1
            },
            "preds": {
                "O": 463,
                "B": 18,
                "I": 5
            }
        }
    },
    "InstrumentType": {
        "metrics": {
            "precision": 0.12138728323699421,
            "recall": 0.029085872576177285,
            "f1": 0.04692737430167598,
            "number": 722
        },
        "counts": {
            "reals": {
                "O": 482,
                "B": 4
            },
            "preds": {
                "O": 486
            }
        }
    },
    "Objective": {
        "metrics": {
            "precision": 0.1276595744680851,
            "recall": 0.14634146341463414,
            "f1": 0.13636363636363635,
            "number": 164
        },
        "counts": {
            "reals": {
                "O": 473,
                "B": 2,
                "I": 11
            },
            "preds": {
                "O": 482,
                "B": 2,
                "I": 2
            }
        }
    },
    "Resource": {
        "metrics": {
            "precision": 0.07407407407407407,
            "recall": 0.02666666666666667,
            "f1": 0.0392156862745098,
            "number": 75
        },
        "counts": {
            "reals": {
                "O": 486
            },
            "preds": {
                "O": 486
            }
        }
    },
    "Time": {
        "metrics": {
            "precision": 0.3407821229050279,
            "recall": 0.3465909090909091,
            "f1": 0.3436619718309859,
            "number": 176
        },
        "counts": {
            "reals": {
                "O": 475,
                "B": 5,
                "I": 6
            },
            "preds": {
                "O": 477,
                "B": 3,
                "I": 6
            }
        }
    }
}