{
    "Actor": {
        "metrics": {
            "precision": 0.6603325415676959,
            "recall": 0.7067796610169491,
            "f1": 0.6827670896438803,
            "number": 1180
        },
        "counts": {
            "reals": {
                "O": 29
            },
            "preds": {
                "O": 29
            }
        }
    },
    "InstrumentType": {
        "metrics": {
            "precision": 0.10344827586206896,
            "recall": 0.05778491171749599,
            "f1": 0.07415036045314109,
            "number": 623
        },
        "counts": {
            "reals": {
                "O": 29
            },
            "preds": {
                "O": 29
            }
        }
    },
    "Objective": {
        "metrics": {
            "precision": 0.06930693069306931,
            "recall": 0.09545454545454546,
            "f1": 0.08030592734225622,
            "number": 220
        },
        "counts": {
            "reals": {
                "O": 29
            },
            "preds": {
                "O": 29
            }
        }
    },
    "Resource": {
        "metrics": {
            "precision": 0.10869565217391304,
            "recall": 0.045454545454545456,
            "f1": 0.06410256410256411,
            "number": 110
        },
        "counts": {
            "reals": {
                "O": 29
            },
            "preds": {
                "O": 29
            }
        }
    },
    "Time": {
        "metrics": {
            "precision": 0.281767955801105,
            "recall": 0.24519230769230768,
            "f1": 0.2622107969151671,
            "number": 208
        },
        "counts": {
            "reals": {
                "O": 14,
                "B": 1,
                "I": 14
            },
            "preds": {
                "O": 11,
                "B": 1,
                "I": 17
            }
        }
    }
}