{
    "Actor": {
        "_": {
            "precision": 0.7935323383084577,
            "recall": 0.8575268817204301,
            "f1": 0.8242894056847545,
            "number": 1116
        },
        "overall_precision": 0.7935323383084577,
        "overall_recall": 0.8575268817204301,
        "overall_f1": 0.8242894056847545,
        "overall_accuracy": 0.9816226039040975
    },
    "InstrumentType": {
        "_": {
            "precision": 0.4400606980273141,
            "recall": 0.4746317512274959,
            "f1": 0.45669291338582674,
            "number": 611
        },
        "overall_precision": 0.4400606980273141,
        "overall_recall": 0.4746317512274959,
        "overall_f1": 0.45669291338582674,
        "overall_accuracy": 0.9638607186822206
    },
    "Objective": {
        "_": {
            "precision": 0.13043478260869565,
            "recall": 0.14457831325301204,
            "f1": 0.13714285714285712,
            "number": 166
        },
        "overall_precision": 0.13043478260869565,
        "overall_recall": 0.14457831325301204,
        "overall_f1": 0.13714285714285712,
        "overall_accuracy": 0.9681986048420189
    },
    "Resource": {
        "_": {
            "precision": 0.0,
            "recall": 0.0,
            "f1": 0.0,
            "number": 125
        },
        "overall_precision": 0.0,
        "overall_recall": 0.0,
        "overall_f1": 0.0,
        "overall_accuracy": 0.9912362975555425
    },
    "Time": {
        "_": {
            "precision": 0.3971631205673759,
            "recall": 0.35668789808917195,
            "f1": 0.37583892617449666,
            "number": 157
        },
        "overall_precision": 0.3971631205673759,
        "overall_recall": 0.35668789808917195,
        "overall_f1": 0.37583892617449666,
        "overall_accuracy": 0.9897707954745296
    },
    "overall_f1": 0.3330594207687021
}