{
    "Actor": {
        "_": {
            "precision": 0.7565511411665258,
            "recall": 0.8435438265786993,
            "f1": 0.7976827094474153,
            "number": 1061
        },
        "overall_precision": 0.7565511411665258,
        "overall_recall": 0.8435438265786993,
        "overall_f1": 0.7976827094474153,
        "overall_accuracy": 0.9809210711174802
    },
    "InstrumentType": {
        "_": {
            "precision": 0.4652482269503546,
            "recall": 0.5645438898450946,
            "f1": 0.510108864696734,
            "number": 581
        },
        "overall_precision": 0.4652482269503546,
        "overall_recall": 0.5645438898450946,
        "overall_f1": 0.510108864696734,
        "overall_accuracy": 0.9674899547613026
    },
    "Objective": {
        "_": {
            "precision": 0.11594202898550725,
            "recall": 0.16494845360824742,
            "f1": 0.13617021276595745,
            "number": 194
        },
        "overall_precision": 0.11594202898550725,
        "overall_recall": 0.16494845360824742,
        "overall_f1": 0.13617021276595745,
        "overall_accuracy": 0.9590603838264632
    },
    "Resource": {
        "_": {
            "precision": 0.0,
            "recall": 0.0,
            "f1": 0.0,
            "number": 116
        },
        "overall_precision": 0.0,
        "overall_recall": 0.0,
        "overall_f1": 0.0,
        "overall_accuracy": 0.9930596532636489
    },
    "Time": {
        "_": {
            "precision": 0.40804597701149425,
            "recall": 0.4382716049382716,
            "f1": 0.4226190476190476,
            "number": 162
        },
        "overall_precision": 0.40804597701149425,
        "overall_recall": 0.4382716049382716,
        "overall_f1": 0.4226190476190476,
        "overall_accuracy": 0.9899969091573239
    },
    "overall_f1": 0.33579915986954606
}