{
    "Actor": {
        "metrics": {
            "precision": [
                0.7679425837320574,
                0.7565511411665258,
                0.7935323383084577
            ],
            "recall": [
                0.8762511373976342,
                0.8435438265786993,
                0.8575268817204301
            ],
            "f1": [
                0.8185295367615809,
                0.7976827094474153,
                0.8242894056847545
            ],
            "number": [
                1099,
                1061,
                1116
            ]
        },
        "counts": {
            "reals": {
                "O": [
                    174,
                    46,
                    88
                ],
                "B": [
                    1,
                    4,
                    2
                ],
                "I": [
                    1,
                    5,
                    9
                ]
            },
            "preds": {
                "O": [
                    174,
                    46,
                    95
                ],
                "B": [
                    1,
                    4,
                    3
                ],
                "I": [
                    1,
                    5,
                    1
                ]
            }
        }
    },
    "InstrumentType": {
        "metrics": {
            "precision": [
                0.44237485448195574,
                0.4652482269503546,
                0.4400606980273141
            ],
            "recall": [
                0.5277777777777778,
                0.5645438898450946,
                0.4746317512274959
            ],
            "f1": [
                0.48131728942368585,
                0.510108864696734,
                0.45669291338582674
            ],
            "number": [
                720,
                581,
                611
            ]
        },
        "counts": {
            "reals": {
                "O": [
                    176,
                    55,
                    98
                ],
                "B": [
                    0,
                    0,
                    1
                ],
                "I": [
                    0,
                    0,
                    0
                ]
            },
            "preds": {
                "O": [
                    176,
                    55,
                    98
                ],
                "B": [
                    0,
                    0,
                    1
                ],
                "I": [
                    0,
                    0,
                    0
                ]
            }
        }
    },
    "Objective": {
        "metrics": {
            "precision": [
                0.14156626506024098,
                0.11594202898550725,
                0.13043478260869565
            ],
            "recall": [
                0.19183673469387755,
                0.16494845360824742,
                0.14457831325301204
            ],
            "f1": [
                0.16291161178509533,
                0.13617021276595745,
                0.13714285714285712
            ],
            "number": [
                245,
                194,
                166
            ]
        },
        "counts": {
            "reals": {
                "O": [
                    168,
                    55,
                    99
                ],
                "B": [
                    1,
                    0,
                    0
                ],
                "I": [
                    7,
                    0,
                    0
                ]
            },
            "preds": {
                "O": [
                    166,
                    55,
                    99
                ],
                "B": [
                    1,
                    0,
                    0
                ],
                "I": [
                    9,
                    0,
                    0
                ]
            }
        }
    },
    "Resource": {
        "metrics": {
            "precision": [
                0.0,
                0.0,
                0.0
            ],
            "recall": [
                0.0,
                0.0,
                0.0
            ],
            "f1": [
                0.0,
                0.0,
                0.0
            ],
            "number": [
                109,
                116,
                125
            ]
        },
        "counts": {
            "reals": {
                "O": [
                    176,
                    55,
                    99
                ],
                "B": [
                    0,
                    0,
                    0
                ],
                "I": [
                    0,
                    0,
                    0
                ]
            },
            "preds": {
                "O": [
                    176,
                    55,
                    99
                ],
                "B": [
                    0,
                    0,
                    0
                ],
                "I": [
                    0,
                    0,
                    0
                ]
            }
        }
    },
    "Time": {
        "metrics": {
            "precision": [
                0.40217391304347827,
                0.40804597701149425,
                0.3971631205673759
            ],
            "recall": [
                0.3681592039800995,
                0.4382716049382716,
                0.35668789808917195
            ],
            "f1": [
                0.3844155844155844,
                0.4226190476190476,
                0.37583892617449666
            ],
            "number": [
                201,
                162,
                157
            ]
        },
        "counts": {
            "reals": {
                "O": [
                    176,
                    55,
                    99
                ],
                "B": [
                    0,
                    0,
                    0
                ],
                "I": [
                    0,
                    0,
                    0
                ]
            },
            "preds": {
                "O": [
                    176,
                    55,
                    99
                ],
                "B": [
                    0,
                    0,
                    0
                ],
                "I": [
                    0,
                    0,
                    0
                ]
            }
        }
    }
}