{
    "Actor": {
        "metrics": {
            "precision": 0.7679425837320574,
            "recall": 0.8762511373976342,
            "f1": 0.8185295367615809,
            "number": 1099
        },
        "counts": {
            "reals": {
                "O": 174,
                "B": 1,
                "I": 1
            },
            "preds": {
                "O": 174,
                "B": 1,
                "I": 1
            }
        }
    },
    "InstrumentType": {
        "metrics": {
            "precision": 0.44237485448195574,
            "recall": 0.5277777777777778,
            "f1": 0.48131728942368585,
            "number": 720
        },
        "counts": {
            "reals": {
                "O": 176
            },
            "preds": {
                "O": 176
            }
        }
    },
    "Objective": {
        "metrics": {
            "precision": 0.14156626506024098,
            "recall": 0.19183673469387755,
            "f1": 0.16291161178509533,
            "number": 245
        },
        "counts": {
            "reals": {
                "O": 168,
                "B": 1,
                "I": 7
            },
            "preds": {
                "O": 166,
                "B": 1,
                "I": 9
            }
        }
    },
    "Resource": {
        "metrics": {
            "precision": 0.0,
            "recall": 0.0,
            "f1": 0.0,
            "number": 109
        },
        "counts": {
            "reals": {
                "O": 176
            },
            "preds": {
                "O": 176
            }
        }
    },
    "Time": {
        "metrics": {
            "precision": 0.40217391304347827,
            "recall": 0.3681592039800995,
            "f1": 0.3844155844155844,
            "number": 201
        },
        "counts": {
            "reals": {
                "O": 176
            },
            "preds": {
                "O": 176
            }
        }
    }
}