{
    "Actor": {
        "metrics": {
            "precision": 0.7935323383084577,
            "recall": 0.8575268817204301,
            "f1": 0.8242894056847545,
            "number": 1116
        },
        "counts": {
            "reals": {
                "O": 88,
                "B": 2,
                "I": 9
            },
            "preds": {
                "O": 95,
                "B": 3,
                "I": 1
            }
        }
    },
    "InstrumentType": {
        "metrics": {
            "precision": 0.4400606980273141,
            "recall": 0.4746317512274959,
            "f1": 0.45669291338582674,
            "number": 611
        },
        "counts": {
            "reals": {
                "O": 98,
                "B": 1
            },
            "preds": {
                "O": 98,
                "B": 1
            }
        }
    },
    "Objective": {
        "metrics": {
            "precision": 0.13043478260869565,
            "recall": 0.14457831325301204,
            "f1": 0.13714285714285712,
            "number": 166
        },
        "counts": {
            "reals": {
                "O": 99
            },
            "preds": {
                "O": 99
            }
        }
    },
    "Resource": {
        "metrics": {
            "precision": 0.0,
            "recall": 0.0,
            "f1": 0.0,
            "number": 125
        },
        "counts": {
            "reals": {
                "O": 99
            },
            "preds": {
                "O": 99
            }
        }
    },
    "Time": {
        "metrics": {
            "precision": 0.3971631205673759,
            "recall": 0.35668789808917195,
            "f1": 0.37583892617449666,
            "number": 157
        },
        "counts": {
            "reals": {
                "O": 99
            },
            "preds": {
                "O": 99
            }
        }
    }
}