{
    "Actor": {
        "metrics": {
            "precision": 0.7565511411665258,
            "recall": 0.8435438265786993,
            "f1": 0.7976827094474153,
            "number": 1061
        },
        "counts": {
            "reals": {
                "O": 46,
                "B": 4,
                "I": 5
            },
            "preds": {
                "O": 46,
                "B": 4,
                "I": 5
            }
        }
    },
    "InstrumentType": {
        "metrics": {
            "precision": 0.4652482269503546,
            "recall": 0.5645438898450946,
            "f1": 0.510108864696734,
            "number": 581
        },
        "counts": {
            "reals": {
                "O": 55
            },
            "preds": {
                "O": 55
            }
        }
    },
    "Objective": {
        "metrics": {
            "precision": 0.11594202898550725,
            "recall": 0.16494845360824742,
            "f1": 0.13617021276595745,
            "number": 194
        },
        "counts": {
            "reals": {
                "O": 55
            },
            "preds": {
                "O": 55
            }
        }
    },
    "Resource": {
        "metrics": {
            "precision": 0.0,
            "recall": 0.0,
            "f1": 0.0,
            "number": 116
        },
        "counts": {
            "reals": {
                "O": 55
            },
            "preds": {
                "O": 55
            }
        }
    },
    "Time": {
        "metrics": {
            "precision": 0.40804597701149425,
            "recall": 0.4382716049382716,
            "f1": 0.4226190476190476,
            "number": 162
        },
        "counts": {
            "reals": {
                "O": 55
            },
            "preds": {
                "O": 55
            }
        }
    }
}