{
    "Actor": {
        "precision": 0.8323353293413174,
        "recall": 0.8718637992831542,
        "f1": 0.8516411378555799,
        "number": 1116
    },
    "InstrumentType": {
        "precision": 0.4909596662030598,
        "recall": 0.6149825783972126,
        "f1": 0.5460170146945088,
        "number": 574
    },
    "Objective": {
        "precision": 0.2120253164556962,
        "recall": 0.3507853403141361,
        "f1": 0.26429980276134124,
        "number": 191
    },
    "Resource": {
        "precision": 0.1,
        "recall": 0.008,
        "f1": 0.014814814814814814,
        "number": 125
    },
    "Time": {
        "precision": 0.46774193548387094,
        "recall": 0.5506329113924051,
        "f1": 0.5058139534883721,
        "number": 158
    },
    "overall_precision": 0.6170833333333333,
    "overall_recall": 0.6843807763401109,
    "overall_f1": 0.6489921121822961,
    "overall_accuracy": 0.906676827481095
}