{
    "Actor": {
        "precision": 0.7890691716481639,
        "recall": 0.8708765315739868,
        "f1": 0.8279569892473118,
        "number": 1061
    },
    "InstrumentType": {
        "precision": 0.49780701754385964,
        "recall": 0.4180478821362799,
        "f1": 0.4544544544544545,
        "number": 543
    },
    "Objective": {
        "precision": 0.16853932584269662,
        "recall": 0.20454545454545456,
        "f1": 0.18480492813141686,
        "number": 220
    },
    "Resource": {
        "precision": 0.0,
        "recall": 0.0,
        "f1": 0.0,
        "number": 116
    },
    "Time": {
        "precision": 0.4207650273224044,
        "recall": 0.47530864197530864,
        "f1": 0.4463768115942029,
        "number": 162
    },
    "overall_precision": 0.6129032258064516,
    "overall_recall": 0.6056137012369173,
    "overall_f1": 0.6092366594879158,
    "overall_accuracy": 0.9093540138806935
}