{
    "Actor": {
        "precision": 0.770281124497992,
        "recall": 0.8734061930783242,
        "f1": 0.8186086214255229,
        "number": 1098
    },
    "InstrumentType": {
        "precision": 0.4649859943977591,
        "recall": 0.486090775988287,
        "f1": 0.4753042233357194,
        "number": 683
    },
    "Objective": {
        "precision": 0.19902912621359223,
        "recall": 0.2887323943661972,
        "f1": 0.235632183908046,
        "number": 284
    },
    "Resource": {
        "precision": 1.0,
        "recall": 0.01834862385321101,
        "f1": 0.03603603603603604,
        "number": 109
    },
    "Time": {
        "precision": 0.5560747663551402,
        "recall": 0.5891089108910891,
        "f1": 0.5721153846153847,
        "number": 202
    },
    "overall_precision": 0.5775028991109393,
    "overall_recall": 0.6287878787878788,
    "overall_f1": 0.6020552085432198,
    "overall_accuracy": 0.900037319400757
}