{
    "metrics": {
        "Actor": {
            "precision": [
                0.770281124497992,
                0.7890691716481639,
                0.8323353293413174
            ],
            "recall": [
                0.8734061930783242,
                0.8708765315739868,
                0.8718637992831542
            ],
            "f1": [
                0.8186086214255229,
                0.8279569892473118,
                0.8516411378555799
            ],
            "number": [
                1098,
                1061,
                1116
            ]
        },
        "InstrumentType": {
            "precision": [
                0.4649859943977591,
                0.49780701754385964,
                0.4909596662030598
            ],
            "recall": [
                0.486090775988287,
                0.4180478821362799,
                0.6149825783972126
            ],
            "f1": [
                0.4753042233357194,
                0.4544544544544545,
                0.5460170146945088
            ],
            "number": [
                683,
                543,
                574
            ]
        },
        "Objective": {
            "precision": [
                0.19902912621359223,
                0.16853932584269662,
                0.2120253164556962
            ],
            "recall": [
                0.2887323943661972,
                0.20454545454545456,
                0.3507853403141361
            ],
            "f1": [
                0.235632183908046,
                0.18480492813141686,
                0.26429980276134124
            ],
            "number": [
                284,
                220,
                191
            ]
        },
        "Resource": {
            "precision": [
                1.0,
                0.0,
                0.1
            ],
            "recall": [
                0.01834862385321101,
                0.0,
                0.008
            ],
            "f1": [
                0.03603603603603604,
                0.0,
                0.014814814814814814
            ],
            "number": [
                109,
                116,
                125
            ]
        },
        "Time": {
            "precision": [
                0.5560747663551402,
                0.4207650273224044,
                0.46774193548387094
            ],
            "recall": [
                0.5891089108910891,
                0.47530864197530864,
                0.5506329113924051
            ],
            "f1": [
                0.5721153846153847,
                0.4463768115942029,
                0.5058139534883721
            ],
            "number": [
                202,
                162,
                158
            ]
        }
    },
    "counts": {
        "reals": {
            "O": [
                30654,
                29602,
                28150
            ],
            "B-Actor": [
                1098,
                1061,
                1115
            ],
            "I-Actor": [
                1308,
                1152,
                1277
            ],
            "B-InstrumentType": [
                677,
                535,
                567
            ],
            "I-InstrumentType": [
                817,
                706,
                765
            ],
            "B-Objective": [
                240,
                190,
                161
            ],
            "I-Objective": [
                1725,
                1478,
                1126
            ],
            "B-Resource": [
                109,
                116,
                125
            ],
            "I-Resource": [
                138,
                129,
                173
            ],
            "B-Time": [
                201,
                162,
                157
            ],
            "I-Time": [
                547,
                458,
                502
            ]
        },
        "preds": {
            "O": [
                30793,
                30667,
                28142
            ],
            "B-Actor": [
                1245,
                1171,
                1169
            ],
            "I-Actor": [
                1313,
                1052,
                1242
            ],
            "B-InstrumentType": [
                714,
                456,
                719
            ],
            "I-InstrumentType": [
                616,
                330,
                688
            ],
            "B-Objective": [
                412,
                267,
                316
            ],
            "I-Objective": [
                1761,
                1099,
                1112
            ],
            "B-Resource": [
                2,
                0,
                10
            ],
            "I-Resource": [
                0,
                0,
                3
            ],
            "B-Time": [
                214,
                183,
                186
            ],
            "I-Time": [
                444,
                364,
                531
            ]
        }
    }
}