{
    "metrics": {
        "Actor": {
            "precision": 0.7890691716481639,
            "recall": 0.8708765315739868,
            "f1": 0.8279569892473118,
            "number": 1061
        },
        "InstrumentType": {
            "precision": 0.49780701754385964,
            "recall": 0.4180478821362799,
            "f1": 0.4544544544544545,
            "number": 543
        },
        "Objective": {
            "precision": 0.16853932584269662,
            "recall": 0.20454545454545456,
            "f1": 0.18480492813141686,
            "number": 220
        },
        "Resource": {
            "precision": 0.0,
            "recall": 0.0,
            "f1": 0.0,
            "number": 116
        },
        "Time": {
            "precision": 0.4207650273224044,
            "recall": 0.47530864197530864,
            "f1": 0.4463768115942029,
            "number": 162
        }
    },
    "counts": {
        "reals": {
            "O": 29602,
            "B-Actor": 1061,
            "I-Actor": 1152,
            "B-InstrumentType": 535,
            "I-InstrumentType": 706,
            "B-Time": 162,
            "I-Time": 458,
            "B-Objective": 190,
            "I-Objective": 1478,
            "B-Resource": 116,
            "I-Resource": 129
        },
        "preds": {
            "O": 30667,
            "B-Actor": 1171,
            "I-Actor": 1052,
            "B-InstrumentType": 456,
            "I-InstrumentType": 330,
            "B-Time": 183,
            "I-Time": 364,
            "B-Objective": 267,
            "I-Objective": 1099
        }
    }
}