{
    "Actor": {
        "_": {
            "precision": 0.7970479704797048,
            "recall": 0.8925619834710744,
            "f1": 0.8421052631578948,
            "number": 968
        },
        "overall_precision": 0.7970479704797048,
        "overall_recall": 0.8925619834710744,
        "overall_f1": 0.8421052631578948,
        "overall_accuracy": 0.9860812425328555
    },
    "ApplicationSpecificity": {
        "_": {
            "precision": 0.24802110817941952,
            "recall": 0.3686274509803922,
            "f1": 0.2965299684542587,
            "number": 255
        },
        "overall_precision": 0.24802110817941952,
        "overall_recall": 0.3686274509803922,
        "overall_f1": 0.2965299684542587,
        "overall_accuracy": 0.97831541218638
    },
    "Compliance": {
        "_": {
            "precision": 0.42696629213483145,
            "recall": 0.6440677966101694,
            "f1": 0.5135135135135135,
            "number": 354
        },
        "overall_precision": 0.42696629213483145,
        "overall_recall": 0.6440677966101694,
        "overall_f1": 0.5135135135135135,
        "overall_accuracy": 0.9801971326164874
    },
    "EnergySpecificity": {
        "_": {
            "precision": 0.6331521739130435,
            "recall": 0.744408945686901,
            "f1": 0.684287812041116,
            "number": 313
        },
        "overall_precision": 0.6331521739130435,
        "overall_recall": 0.744408945686901,
        "overall_f1": 0.684287812041116,
        "overall_accuracy": 0.9902927120669056
    },
    "InstrumentType": {
        "_": {
            "precision": 0.42410714285714285,
            "recall": 0.5919003115264797,
            "f1": 0.494148244473342,
            "number": 642
        },
        "overall_precision": 0.42410714285714285,
        "overall_recall": 0.5919003115264797,
        "overall_f1": 0.494148244473342,
        "overall_accuracy": 0.9618279569892473
    },
    "Objective": {
        "_": {
            "precision": 0.15451895043731778,
            "recall": 0.25,
            "f1": 0.19099099099099098,
            "number": 212
        },
        "overall_precision": 0.15451895043731778,
        "overall_recall": 0.25,
        "overall_f1": 0.19099099099099098,
        "overall_accuracy": 0.9540919952210275
    },
    "Reference": {
        "_": {
            "precision": 0.65,
            "recall": 0.7934272300469484,
            "f1": 0.7145877378435518,
            "number": 213
        },
        "overall_precision": 0.65,
        "overall_recall": 0.7934272300469484,
        "overall_f1": 0.7145877378435518,
        "overall_accuracy": 0.9913679808841099
    },
    "Resource": {
        "_": {
            "precision": 0.21,
            "recall": 0.2727272727272727,
            "f1": 0.23728813559322035,
            "number": 77
        },
        "overall_precision": 0.21,
        "overall_recall": 0.2727272727272727,
        "overall_f1": 0.23728813559322035,
        "overall_accuracy": 0.9898148148148148
    },
    "Reversibility": {
        "_": {
            "precision": 0.0,
            "recall": 0.0,
            "f1": 0.0,
            "number": 2
        },
        "overall_precision": 0.0,
        "overall_recall": 0.0,
        "overall_f1": 0.0,
        "overall_accuracy": 0.9993727598566309
    },
    "TechnologySpecificity": {
        "_": {
            "precision": 0.4383561643835616,
            "recall": 0.4878048780487805,
            "f1": 0.4617604617604617,
            "number": 328
        },
        "overall_precision": 0.4383561643835616,
        "overall_recall": 0.4878048780487805,
        "overall_f1": 0.4617604617604617,
        "overall_accuracy": 0.9816009557945041
    },
    "Time": {
        "_": {
            "precision": 0.5029940119760479,
            "recall": 0.525,
            "f1": 0.5137614678899083,
            "number": 160
        },
        "overall_precision": 0.5029940119760479,
        "overall_recall": 0.525,
        "overall_f1": 0.5137614678899083,
        "overall_accuracy": 0.9902628434886499
    },
    "overall_f1": 0.584003780733201
}