{
    "Actor": {
        "_": {
            "precision": 0.8264248704663213,
            "recall": 0.8662593346911066,
            "f1": 0.8458733841564469,
            "number": 1473
        },
        "overall_precision": 0.8264248704663213,
        "overall_recall": 0.8662593346911066,
        "overall_f1": 0.8458733841564469,
        "overall_accuracy": 0.9850568369937093
    },
    "ApplicationSpecificity": {
        "_": {
            "precision": 0.2714285714285714,
            "recall": 0.2714285714285714,
            "f1": 0.2714285714285714,
            "number": 280
        },
        "overall_precision": 0.2714285714285714,
        "overall_recall": 0.2714285714285714,
        "overall_f1": 0.2714285714285714,
        "overall_accuracy": 0.9805540227347975
    },
    "Compliance": {
        "_": {
            "precision": 0.5979643765903307,
            "recall": 0.49682875264270615,
            "f1": 0.5427251732101617,
            "number": 473
        },
        "overall_precision": 0.5979643765903307,
        "overall_recall": 0.49682875264270615,
        "overall_f1": 0.5427251732101617,
        "overall_accuracy": 0.9845712393775522
    },
    "EnergySpecificity": {
        "_": {
            "precision": 0.7150537634408602,
            "recall": 0.7578347578347578,
            "f1": 0.73582295988935,
            "number": 351
        },
        "overall_precision": 0.7150537634408602,
        "overall_recall": 0.7578347578347578,
        "overall_f1": 0.73582295988935,
        "overall_accuracy": 0.9947025714601038
    },
    "InstrumentType": {
        "_": {
            "precision": 0.4885745375408052,
            "recall": 0.4838362068965517,
            "f1": 0.48619382782891174,
            "number": 928
        },
        "overall_precision": 0.4885745375408052,
        "overall_recall": 0.4838362068965517,
        "overall_f1": 0.48619382782891174,
        "overall_accuracy": 0.9642644299746165
    },
    "Objective": {
        "_": {
            "precision": 0.16831683168316833,
            "recall": 0.17258883248730963,
            "f1": 0.17042606516290726,
            "number": 197
        },
        "overall_precision": 0.16831683168316833,
        "overall_recall": 0.17258883248730963,
        "overall_f1": 0.17042606516290726,
        "overall_accuracy": 0.9677739763822978
    },
    "Reference": {
        "_": {
            "precision": 0.7321428571428571,
            "recall": 0.6142322097378277,
            "f1": 0.6680244399185337,
            "number": 267
        },
        "overall_precision": 0.7321428571428571,
        "overall_recall": 0.6142322097378277,
        "overall_f1": 0.6680244399185337,
        "overall_accuracy": 0.9869550822205054
    },
    "Resource": {
        "_": {
            "precision": 0.17391304347826086,
            "recall": 0.07339449541284404,
            "f1": 0.10322580645161292,
            "number": 109
        },
        "overall_precision": 0.17391304347826086,
        "overall_recall": 0.07339449541284404,
        "overall_f1": 0.10322580645161292,
        "overall_accuracy": 0.9944597726520251
    },
    "Reversibility": {
        "_": {
            "precision": 0.0,
            "recall": 0.0,
            "f1": 0.0,
            "number": 21
        },
        "overall_precision": 0.0,
        "overall_recall": 0.0,
        "overall_f1": 0.0,
        "overall_accuracy": 0.9960931464518266
    },
    "TechnologySpecificity": {
        "_": {
            "precision": 0.4512670565302144,
            "recall": 0.6084099868593955,
            "f1": 0.5181869054280918,
            "number": 761
        },
        "overall_precision": 0.4512670565302144,
        "overall_recall": 0.6084099868593955,
        "overall_f1": 0.5181869054280918,
        "overall_accuracy": 0.9759408453813045
    },
    "Time": {
        "_": {
            "precision": 0.3014705882352941,
            "recall": 0.5030674846625767,
            "f1": 0.3770114942528735,
            "number": 163
        },
        "overall_precision": 0.3014705882352941,
        "overall_recall": 0.5030674846625767,
        "overall_f1": 0.3770114942528735,
        "overall_accuracy": 0.9886546738770555
    },
    "overall_f1": 0.5839125610127633
}