{
    "Actor": {
        "_": {
            "precision": 0.7631964809384164,
            "recall": 0.8653366583541147,
            "f1": 0.8110634982469809,
            "number": 1203
        },
        "overall_precision": 0.7631964809384164,
        "overall_recall": 0.8653366583541147,
        "overall_f1": 0.8110634982469809,
        "overall_accuracy": 0.98100288815855
    },
    "ApplicationSpecificity": {
        "_": {
            "precision": 0.3418181818181818,
            "recall": 0.3102310231023102,
            "f1": 0.32525951557093424,
            "number": 303
        },
        "overall_precision": 0.3418181818181818,
        "overall_recall": 0.3102310231023102,
        "overall_f1": 0.32525951557093424,
        "overall_accuracy": 0.9774424858081865
    },
    "Compliance": {
        "_": {
            "precision": 0.4318181818181818,
            "recall": 0.572289156626506,
            "f1": 0.49222797927461137,
            "number": 332
        },
        "overall_precision": 0.4318181818181818,
        "overall_recall": 0.572289156626506,
        "overall_f1": 0.49222797927461137,
        "overall_accuracy": 0.981077581914152
    },
    "EnergySpecificity": {
        "_": {
            "precision": 0.5728,
            "recall": 0.7203219315895373,
            "f1": 0.6381461675579323,
            "number": 497
        },
        "overall_precision": 0.5728,
        "overall_recall": 0.7203219315895373,
        "overall_f1": 0.6381461675579323,
        "overall_accuracy": 0.9861069614580221
    },
    "InstrumentType": {
        "_": {
            "precision": 0.4112388250319285,
            "recall": 0.5210355987055016,
            "f1": 0.45967166309778734,
            "number": 618
        },
        "overall_precision": 0.4112388250319285,
        "overall_recall": 0.5210355987055016,
        "overall_f1": 0.45967166309778734,
        "overall_accuracy": 0.9650433223782492
    },
    "Objective": {
        "_": {
            "precision": 0.22349570200573066,
            "recall": 0.35294117647058826,
            "f1": 0.27368421052631575,
            "number": 221
        },
        "overall_precision": 0.22349570200573066,
        "overall_recall": 0.35294117647058826,
        "overall_f1": 0.27368421052631575,
        "overall_accuracy": 0.9619061846429638
    },
    "Reference": {
        "_": {
            "precision": 0.6722972972972973,
            "recall": 0.7566539923954373,
            "f1": 0.7119856887298748,
            "number": 263
        },
        "overall_precision": 0.6722972972972973,
        "overall_recall": 0.7566539923954373,
        "overall_f1": 0.7119856887298748,
        "overall_accuracy": 0.9920077681505826
    },
    "Resource": {
        "_": {
            "precision": 0.1111111111111111,
            "recall": 0.009174311926605505,
            "f1": 0.016949152542372885,
            "number": 109
        },
        "overall_precision": 0.1111111111111111,
        "overall_recall": 0.009174311926605505,
        "overall_f1": 0.016949152542372885,
        "overall_accuracy": 0.9906632805497461
    },
    "Reversibility": {
        "_": {
            "precision": 0.0,
            "recall": 0.0,
            "f1": 0.0,
            "number": 3
        },
        "overall_precision": 0.0,
        "overall_recall": 0.0,
        "overall_f1": 0.0,
        "overall_accuracy": 0.9992281645254457
    },
    "TechnologySpecificity": {
        "_": {
            "precision": 0.40304709141274236,
            "recall": 0.5369003690036901,
            "f1": 0.46044303797468356,
            "number": 542
        },
        "overall_precision": 0.40304709141274236,
        "overall_recall": 0.5369003690036901,
        "overall_f1": 0.46044303797468356,
        "overall_accuracy": 0.9710686186634797
    },
    "Time": {
        "_": {
            "precision": 0.45933014354066987,
            "recall": 0.4266666666666667,
            "f1": 0.44239631336405527,
            "number": 225
        },
        "overall_precision": 0.45933014354066987,
        "overall_recall": 0.4266666666666667,
        "overall_f1": 0.44239631336405527,
        "overall_accuracy": 0.9886963449855593
    },
    "overall_f1": 0.5609859633975322
}