{
    "Actor": {
        "_": {
            "precision": 0.7608,
            "recall": 0.7892116182572614,
            "f1": 0.7747454175152749,
            "number": 1205
        },
        "overall_precision": 0.7608,
        "overall_recall": 0.7892116182572614,
        "overall_f1": 0.7747454175152749,
        "overall_accuracy": 0.9772212341949472
    },
    "ApplicationSpecificity": {
        "_": {
            "precision": 0.20297029702970298,
            "recall": 0.13804713804713806,
            "f1": 0.16432865731462928,
            "number": 297
        },
        "overall_precision": 0.20297029702970298,
        "overall_recall": 0.13804713804713806,
        "overall_f1": 0.16432865731462928,
        "overall_accuracy": 0.97588130679465
    },
    "Compliance": {
        "_": {
            "precision": 0.4175531914893617,
            "recall": 0.47005988023952094,
            "f1": 0.4422535211267606,
            "number": 334
        },
        "overall_precision": 0.4175531914893617,
        "overall_recall": 0.47005988023952094,
        "overall_f1": 0.4422535211267606,
        "overall_accuracy": 0.9807781323848271
    },
    "EnergySpecificity": {
        "_": {
            "precision": 0.6225961538461539,
            "recall": 0.5307377049180327,
            "f1": 0.5730088495575221,
            "number": 488
        },
        "overall_precision": 0.6225961538461539,
        "overall_recall": 0.5307377049180327,
        "overall_f1": 0.5730088495575221,
        "overall_accuracy": 0.9838965088800643
    },
    "InstrumentType": {
        "_": {
            "precision": 0.4223968565815324,
            "recall": 0.34959349593495936,
            "f1": 0.3825622775800712,
            "number": 615
        },
        "overall_precision": 0.4223968565815324,
        "overall_recall": 0.34959349593495936,
        "overall_f1": 0.3825622775800712,
        "overall_accuracy": 0.9668916120544742
    },
    "Objective": {
        "_": {
            "precision": 0.0880503144654088,
            "recall": 0.12389380530973451,
            "f1": 0.10294117647058823,
            "number": 226
        },
        "overall_precision": 0.0880503144654088,
        "overall_recall": 0.12389380530973451,
        "overall_f1": 0.10294117647058823,
        "overall_accuracy": 0.9578288303651912
    },
    "Reference": {
        "_": {
            "precision": 0.6108949416342413,
            "recall": 0.596958174904943,
            "f1": 0.6038461538461539,
            "number": 263
        },
        "overall_precision": 0.6108949416342413,
        "overall_recall": 0.596958174904943,
        "overall_f1": 0.6038461538461539,
        "overall_accuracy": 0.9902063488196458
    },
    "Resource": {
        "_": {
            "precision": 0.0,
            "recall": 0.0,
            "f1": 0.0,
            "number": 108
        },
        "overall_precision": 0.0,
        "overall_recall": 0.0,
        "overall_f1": 0.0,
        "overall_accuracy": 0.9908154067288718
    },
    "Reversibility": {
        "_": {
            "precision": 0.0,
            "recall": 0.0,
            "f1": 0.0,
            "number": 3
        },
        "overall_precision": 0.0,
        "overall_recall": 0.0,
        "overall_f1": 0.0,
        "overall_accuracy": 0.9992447681925597
    },
    "TechnologySpecificity": {
        "_": {
            "precision": 0.3508137432188065,
            "recall": 0.36329588014981273,
            "f1": 0.35694572217111314,
            "number": 534
        },
        "overall_precision": 0.3508137432188065,
        "overall_recall": 0.36329588014981273,
        "overall_f1": 0.35694572217111314,
        "overall_accuracy": 0.9663800034107243
    },
    "Time": {
        "_": {
            "precision": 0.4322033898305085,
            "recall": 0.46153846153846156,
            "f1": 0.44638949671772427,
            "number": 221
        },
        "overall_precision": 0.4322033898305085,
        "overall_recall": 0.46153846153846156,
        "overall_f1": 0.44638949671772427,
        "overall_accuracy": 0.9879650157136941
    },
    "overall_f1": 0.48863055315358317
}