{
    "Actor": {
        "_": {
            "precision": 0.794778825235678,
            "recall": 0.8810289389067524,
            "f1": 0.8356843309187952,
            "number": 1244
        },
        "overall_precision": 0.794778825235678,
        "overall_recall": 0.8810289389067524,
        "overall_f1": 0.8356843309187952,
        "overall_accuracy": 0.9816368356332832
    },
    "ApplicationSpecificity": {
        "_": {
            "precision": 0.26288659793814434,
            "recall": 0.17832167832167833,
            "f1": 0.21250000000000002,
            "number": 286
        },
        "overall_precision": 0.26288659793814434,
        "overall_recall": 0.17832167832167833,
        "overall_f1": 0.21250000000000002,
        "overall_accuracy": 0.9766088263423965
    },
    "Compliance": {
        "_": {
            "precision": 0.5709677419354838,
            "recall": 0.4903047091412742,
            "f1": 0.5275707898658718,
            "number": 361
        },
        "overall_precision": 0.5709677419354838,
        "overall_recall": 0.4903047091412742,
        "overall_f1": 0.5275707898658718,
        "overall_accuracy": 0.9828665118185544
    },
    "EnergySpecificity": {
        "_": {
            "precision": 0.6021897810218978,
            "recall": 0.4755043227665706,
            "f1": 0.5314009661835749,
            "number": 347
        },
        "overall_precision": 0.6021897810218978,
        "overall_recall": 0.4755043227665706,
        "overall_f1": 0.5314009661835749,
        "overall_accuracy": 0.9883863915835497
    },
    "InstrumentType": {
        "_": {
            "precision": 0.5405797101449276,
            "recall": 0.5166204986149584,
            "f1": 0.5283286118980169,
            "number": 722
        },
        "overall_precision": 0.5405797101449276,
        "overall_recall": 0.5166204986149584,
        "overall_f1": 0.5283286118980169,
        "overall_accuracy": 0.9688208771690121
    },
    "Objective": {
        "_": {
            "precision": 0.11814345991561181,
            "recall": 0.17073170731707318,
            "f1": 0.1396508728179551,
            "number": 164
        },
        "overall_precision": 0.11814345991561181,
        "overall_recall": 0.17073170731707318,
        "overall_f1": 0.1396508728179551,
        "overall_accuracy": 0.967591200983741
    },
    "Reference": {
        "_": {
            "precision": 0.8075117370892019,
            "recall": 0.7166666666666667,
            "f1": 0.7593818984547461,
            "number": 240
        },
        "overall_precision": 0.8075117370892019,
        "overall_recall": 0.7166666666666667,
        "overall_f1": 0.7593818984547461,
        "overall_accuracy": 0.9938516190736439
    },
    "Resource": {
        "_": {
            "precision": 0.0,
            "recall": 0.0,
            "f1": 0.0,
            "number": 75
        },
        "overall_precision": 0.0,
        "overall_recall": 0.0,
        "overall_f1": 0.0,
        "overall_accuracy": 0.9950266429840142
    },
    "Reversibility": {
        "_": {
            "precision": 0.0,
            "recall": 0.0,
            "f1": 0.0,
            "number": 5
        },
        "overall_precision": 0.0,
        "overall_recall": 0.0,
        "overall_f1": 0.0,
        "overall_accuracy": 0.9987429976772784
    },
    "TechnologySpecificity": {
        "_": {
            "precision": 0.45151033386327505,
            "recall": 0.6173913043478261,
            "f1": 0.5215794306703397,
            "number": 460
        },
        "overall_precision": 0.45151033386327505,
        "overall_recall": 0.6173913043478261,
        "overall_f1": 0.5215794306703397,
        "overall_accuracy": 0.9760896297308376
    },
    "Time": {
        "_": {
            "precision": 0.5423728813559322,
            "recall": 0.5454545454545454,
            "f1": 0.5439093484419264,
            "number": 176
        },
        "overall_precision": 0.5423728813559322,
        "overall_recall": 0.5454545454545454,
        "overall_f1": 0.5439093484419264,
        "overall_accuracy": 0.9912556360158492
    },
    "overall_f1": 0.5713828491348241
}