{
    "Actor": {
        "_": {
            "precision": 0.739202657807309,
            "recall": 0.8917835671342685,
            "f1": 0.8083560399636696,
            "number": 998
        },
        "overall_precision": 0.739202657807309,
        "overall_recall": 0.8917835671342685,
        "overall_f1": 0.8083560399636696,
        "overall_accuracy": 0.9818627880487164
    },
    "ApplicationSpecificity": {
        "_": {
            "precision": 0.3009478672985782,
            "recall": 0.4635036496350365,
            "f1": 0.3649425287356322,
            "number": 274
        },
        "overall_precision": 0.3009478672985782,
        "overall_recall": 0.4635036496350365,
        "overall_f1": 0.3649425287356322,
        "overall_accuracy": 0.9786792838575893
    },
    "Compliance": {
        "_": {
            "precision": 0.4452054794520548,
            "recall": 0.5718475073313783,
            "f1": 0.5006418485237484,
            "number": 341
        },
        "overall_precision": 0.4452054794520548,
        "overall_recall": 0.5718475073313783,
        "overall_f1": 0.5006418485237484,
        "overall_accuracy": 0.9802856391833874
    },
    "EnergySpecificity": {
        "_": {
            "precision": 0.6,
            "recall": 0.6165644171779141,
            "f1": 0.6081694402420575,
            "number": 326
        },
        "overall_precision": 0.6,
        "overall_recall": 0.6165644171779141,
        "overall_f1": 0.6081694402420575,
        "overall_accuracy": 0.9896317065334852
    },
    "InstrumentType": {
        "_": {
            "precision": 0.5139664804469274,
            "recall": 0.5348837209302325,
            "f1": 0.5242165242165242,
            "number": 688
        },
        "overall_precision": 0.5139664804469274,
        "overall_recall": 0.5348837209302325,
        "overall_f1": 0.5242165242165242,
        "overall_accuracy": 0.9649814538976021
    },
    "Objective": {
        "_": {
            "precision": 0.18900343642611683,
            "recall": 0.2570093457943925,
            "f1": 0.21782178217821782,
            "number": 214
        },
        "overall_precision": 0.18900343642611683,
        "overall_recall": 0.2570093457943925,
        "overall_f1": 0.21782178217821782,
        "overall_accuracy": 0.9561026899150092
    },
    "Reference": {
        "_": {
            "precision": 0.7172131147540983,
            "recall": 0.7882882882882883,
            "f1": 0.7510729613733904,
            "number": 222
        },
        "overall_precision": 0.7172131147540983,
        "overall_recall": 0.7882882882882883,
        "overall_f1": 0.7510729613733904,
        "overall_accuracy": 0.9909167907941236
    },
    "Resource": {
        "_": {
            "precision": 0.22727272727272727,
            "recall": 0.06097560975609756,
            "f1": 0.09615384615384616,
            "number": 82
        },
        "overall_precision": 0.22727272727272727,
        "overall_recall": 0.06097560975609756,
        "overall_f1": 0.09615384615384616,
        "overall_accuracy": 0.9913548877011595
    },
    "Reversibility": {
        "_": {
            "precision": 0.0,
            "recall": 0.0,
            "f1": 0.0,
            "number": 2
        },
        "overall_precision": 0.0,
        "overall_recall": 0.0,
        "overall_f1": 0.0,
        "overall_accuracy": 0.9993866643301498
    },
    "TechnologySpecificity": {
        "_": {
            "precision": 0.3975609756097561,
            "recall": 0.46438746438746437,
            "f1": 0.42838370565045997,
            "number": 351
        },
        "overall_precision": 0.3975609756097561,
        "overall_recall": 0.46438746438746437,
        "overall_f1": 0.42838370565045997,
        "overall_accuracy": 0.9784164257133678
    },
    "Time": {
        "_": {
            "precision": 0.49473684210526314,
            "recall": 0.573170731707317,
            "f1": 0.5310734463276836,
            "number": 164
        },
        "overall_precision": 0.49473684210526314,
        "overall_recall": 0.573170731707317,
        "overall_f1": 0.5310734463276836,
        "overall_accuracy": 0.9901866292823973
    },
    "overall_f1": 0.5726411725387796
}