{
    "Actor": {
        "_": {
            "precision": 0.7792998477929984,
            "recall": 0.8366013071895425,
            "f1": 0.8069345941686367,
            "number": 1224
        },
        "overall_precision": 0.7792998477929984,
        "overall_recall": 0.8366013071895425,
        "overall_f1": 0.8069345941686367,
        "overall_accuracy": 0.9796956786366403
    },
    "ApplicationSpecificity": {
        "_": {
            "precision": 0.19827586206896552,
            "recall": 0.1707920792079208,
            "f1": 0.18351063829787234,
            "number": 404
        },
        "overall_precision": 0.19827586206896552,
        "overall_recall": 0.1707920792079208,
        "overall_f1": 0.18351063829787234,
        "overall_accuracy": 0.9717102860620815
    },
    "Compliance": {
        "_": {
            "precision": 0.3924914675767918,
            "recall": 0.5287356321839081,
            "f1": 0.4505386875612145,
            "number": 435
        },
        "overall_precision": 0.3924914675767918,
        "overall_recall": 0.5287356321839081,
        "overall_f1": 0.4505386875612145,
        "overall_accuracy": 0.9753864881314668
    },
    "EnergySpecificity": {
        "_": {
            "precision": 0.6104553119730185,
            "recall": 0.6988416988416989,
            "f1": 0.6516651665166516,
            "number": 518
        },
        "overall_precision": 0.6104553119730185,
        "overall_recall": 0.6988416988416989,
        "overall_f1": 0.6516651665166516,
        "overall_accuracy": 0.9866342057212416
    },
    "InstrumentType": {
        "_": {
            "precision": 0.42024202420242024,
            "recall": 0.583206106870229,
            "f1": 0.48849104859335035,
            "number": 655
        },
        "overall_precision": 0.42024202420242024,
        "overall_recall": 0.583206106870229,
        "overall_f1": 0.48849104859335035,
        "overall_accuracy": 0.9674010955569081
    },
    "Objective": {
        "_": {
            "precision": 0.15087719298245614,
            "recall": 0.2670807453416149,
            "f1": 0.19282511210762332,
            "number": 161
        },
        "overall_precision": 0.15087719298245614,
        "overall_recall": 0.2670807453416149,
        "overall_f1": 0.19282511210762332,
        "overall_accuracy": 0.9697626293365794
    },
    "Reference": {
        "_": {
            "precision": 0.6283987915407855,
            "recall": 0.7619047619047619,
            "f1": 0.6887417218543045,
            "number": 273
        },
        "overall_precision": 0.6283987915407855,
        "overall_recall": 0.7619047619047619,
        "overall_f1": 0.6887417218543045,
        "overall_accuracy": 0.9880706025562994
    },
    "Resource": {
        "_": {
            "precision": 0.0,
            "recall": 0.0,
            "f1": 0.0,
            "number": 154
        },
        "overall_precision": 0.0,
        "overall_recall": 0.0,
        "overall_f1": 0.0,
        "overall_accuracy": 0.9898965307364577
    },
    "Reversibility": {
        "_": {
            "precision": 0.0,
            "recall": 0.0,
            "f1": 0.0,
            "number": 3
        },
        "overall_precision": 0.0,
        "overall_recall": 0.0,
        "overall_f1": 0.0,
        "overall_accuracy": 0.9996835057821059
    },
    "TechnologySpecificity": {
        "_": {
            "precision": 0.4309063893016345,
            "recall": 0.5534351145038168,
            "f1": 0.48454469507101083,
            "number": 524
        },
        "overall_precision": 0.4309063893016345,
        "overall_recall": 0.5534351145038168,
        "overall_f1": 0.48454469507101083,
        "overall_accuracy": 0.9707608034083993
    },
    "Time": {
        "_": {
            "precision": 0.4029126213592233,
            "recall": 0.5608108108108109,
            "f1": 0.4689265536723164,
            "number": 148
        },
        "overall_precision": 0.4029126213592233,
        "overall_recall": 0.5608108108108109,
        "overall_f1": 0.4689265536723164,
        "overall_accuracy": 0.9893852708460134
    },
    "overall_f1": 0.5498784294710944
}