{
    "Actor": {
        "metrics": {
            "precision": 0.7975708502024291,
            "recall": 0.8347457627118644,
            "f1": 0.8157349896480333,
            "number": 1180
        },
        "counts": {
            "reals": {
                "O": 29
            },
            "preds": {
                "O": 29
            }
        }
    },
    "ApplicationSpecificity": {
        "metrics": {
            "precision": 0.25496688741721857,
            "recall": 0.2692307692307692,
            "f1": 0.2619047619047619,
            "number": 286
        },
        "counts": {
            "reals": {
                "O": 29
            },
            "preds": {
                "O": 29
            }
        }
    },
    "Compliance": {
        "metrics": {
            "precision": 0.524390243902439,
            "recall": 0.5058823529411764,
            "f1": 0.5149700598802395,
            "number": 340
        },
        "counts": {
            "reals": {
                "O": 29
            },
            "preds": {
                "O": 29
            }
        }
    },
    "EnergySpecificity": {
        "metrics": {
            "precision": 0.5562770562770563,
            "recall": 0.5456475583864119,
            "f1": 0.5509110396570205,
            "number": 471
        },
        "counts": {
            "reals": {
                "O": 29
            },
            "preds": {
                "O": 29
            }
        }
    },
    "InstrumentType": {
        "metrics": {
            "precision": 0.4873417721518987,
            "recall": 0.4943820224719101,
            "f1": 0.49083665338645416,
            "number": 623
        },
        "counts": {
            "reals": {
                "O": 29
            },
            "preds": {
                "O": 29
            }
        }
    },
    "Objective": {
        "metrics": {
            "precision": 0.18446601941747573,
            "recall": 0.2590909090909091,
            "f1": 0.21550094517958412,
            "number": 220
        },
        "counts": {
            "reals": {
                "O": 29
            },
            "preds": {
                "O": 29
            }
        }
    },
    "Reference": {
        "metrics": {
            "precision": 0.6644295302013423,
            "recall": 0.7734375,
            "f1": 0.7148014440433214,
            "number": 256
        },
        "counts": {
            "reals": {
                "O": 29
            },
            "preds": {
                "O": 29
            }
        }
    },
    "Resource": {
        "metrics": {
            "precision": 0.05,
            "recall": 0.00909090909090909,
            "f1": 0.015384615384615384,
            "number": 110
        },
        "counts": {
            "reals": {
                "O": 29
            },
            "preds": {
                "O": 29
            }
        }
    },
    "Reversibility": {
        "metrics": {
            "precision": 0.0,
            "recall": 0.0,
            "f1": 0.0,
            "number": 3
        },
        "counts": {
            "reals": {
                "O": 29
            },
            "preds": {
                "O": 29
            }
        }
    },
    "TechnologySpecificity": {
        "metrics": {
            "precision": 0.5080321285140562,
            "recall": 0.5090543259557344,
            "f1": 0.5085427135678392,
            "number": 497
        },
        "counts": {
            "reals": {
                "O": 29
            },
            "preds": {
                "O": 29
            }
        }
    },
    "Time": {
        "metrics": {
            "precision": 0.3821138211382114,
            "recall": 0.4519230769230769,
            "f1": 0.41409691629955947,
            "number": 208
        },
        "counts": {
            "reals": {
                "O": 14,
                "B": 1,
                "I": 14
            },
            "preds": {
                "O": 13,
                "B": 1,
                "I": 15
            }
        }
    }
}