{
    "Actor": {
        "metrics": {
            "precision": 0.7970479704797048,
            "recall": 0.8925619834710744,
            "f1": 0.8421052631578948,
            "number": 968
        },
        "counts": {
            "reals": {
                "O": 53,
                "B": 5
            },
            "preds": {
                "O": 53,
                "B": 5
            }
        }
    },
    "ApplicationSpecificity": {
        "metrics": {
            "precision": 0.24802110817941952,
            "recall": 0.3686274509803922,
            "f1": 0.2965299684542587,
            "number": 255
        },
        "counts": {
            "reals": {
                "O": 58
            },
            "preds": {
                "O": 58
            }
        }
    },
    "Compliance": {
        "metrics": {
            "precision": 0.42696629213483145,
            "recall": 0.6440677966101694,
            "f1": 0.5135135135135135,
            "number": 354
        },
        "counts": {
            "reals": {
                "O": 58
            },
            "preds": {
                "O": 58
            }
        }
    },
    "EnergySpecificity": {
        "metrics": {
            "precision": 0.6331521739130435,
            "recall": 0.744408945686901,
            "f1": 0.684287812041116,
            "number": 313
        },
        "counts": {
            "reals": {
                "O": 58
            },
            "preds": {
                "O": 58
            }
        }
    },
    "InstrumentType": {
        "metrics": {
            "precision": 0.42410714285714285,
            "recall": 0.5919003115264797,
            "f1": 0.494148244473342,
            "number": 642
        },
        "counts": {
            "reals": {
                "O": 58
            },
            "preds": {
                "O": 58
            }
        }
    },
    "Objective": {
        "metrics": {
            "precision": 0.15451895043731778,
            "recall": 0.25,
            "f1": 0.19099099099099098,
            "number": 212
        },
        "counts": {
            "reals": {
                "O": 58
            },
            "preds": {
                "O": 58
            }
        }
    },
    "Reference": {
        "metrics": {
            "precision": 0.65,
            "recall": 0.7934272300469484,
            "f1": 0.7145877378435518,
            "number": 213
        },
        "counts": {
            "reals": {
                "O": 42,
                "B": 2,
                "I": 14
            },
            "preds": {
                "O": 42,
                "B": 2,
                "I": 14
            }
        }
    },
    "Resource": {
        "metrics": {
            "precision": 0.21,
            "recall": 0.2727272727272727,
            "f1": 0.23728813559322035,
            "number": 77
        },
        "counts": {
            "reals": {
                "O": 58
            },
            "preds": {
                "O": 58
            }
        }
    },
    "Reversibility": {
        "metrics": {
            "precision": 0.0,
            "recall": 0.0,
            "f1": 0.0,
            "number": 2
        },
        "counts": {
            "reals": {
                "O": 58
            },
            "preds": {
                "O": 58
            }
        }
    },
    "TechnologySpecificity": {
        "metrics": {
            "precision": 0.4383561643835616,
            "recall": 0.4878048780487805,
            "f1": 0.4617604617604617,
            "number": 328
        },
        "counts": {
            "reals": {
                "O": 58
            },
            "preds": {
                "O": 58
            }
        }
    },
    "Time": {
        "metrics": {
            "precision": 0.5029940119760479,
            "recall": 0.525,
            "f1": 0.5137614678899083,
            "number": 160
        },
        "counts": {
            "reals": {
                "O": 58
            },
            "preds": {
                "O": 58
            }
        }
    }
}