{
    "Actor": {
        "metrics": {
            "precision": 0.77439446366782,
            "recall": 0.8859857482185273,
            "f1": 0.826440177252585,
            "number": 1263
        },
        "counts": {
            "reals": {
                "O": 378,
                "B": 10,
                "I": 1
            },
            "preds": {
                "O": 376,
                "B": 12,
                "I": 1
            }
        }
    },
    "ApplicationSpecificity": {
        "metrics": {
            "precision": 0.31338028169014087,
            "recall": 0.288961038961039,
            "f1": 0.3006756756756757,
            "number": 308
        },
        "counts": {
            "reals": {
                "O": 347,
                "B": 9,
                "I": 33
            },
            "preds": {
                "O": 354,
                "B": 12,
                "I": 23
            }
        }
    },
    "Compliance": {
        "metrics": {
            "precision": 0.5259593679458239,
            "recall": 0.6180371352785146,
            "f1": 0.5682926829268292,
            "number": 377
        },
        "counts": {
            "reals": {
                "O": 361,
                "B": 7,
                "I": 21
            },
            "preds": {
                "O": 368,
                "B": 13,
                "I": 8
            }
        }
    },
    "EnergySpecificity": {
        "metrics": {
            "precision": 0.6584022038567493,
            "recall": 0.6512261580381471,
            "f1": 0.6547945205479453,
            "number": 367
        },
        "counts": {
            "reals": {
                "O": 369,
                "B": 18,
                "I": 2
            },
            "preds": {
                "O": 376,
                "B": 11,
                "I": 2
            }
        }
    },
    "InstrumentType": {
        "metrics": {
            "precision": 0.5348258706467661,
            "recall": 0.5795148247978437,
            "f1": 0.55627425614489,
            "number": 742
        },
        "counts": {
            "reals": {
                "O": 387,
                "B": 2
            },
            "preds": {
                "O": 388,
                "B": 1
            }
        }
    },
    "Objective": {
        "metrics": {
            "precision": 0.20938628158844766,
            "recall": 0.3314285714285714,
            "f1": 0.25663716814159293,
            "number": 175
        },
        "counts": {
            "reals": {
                "O": 382,
                "B": 1,
                "I": 6
            },
            "preds": {
                "O": 385,
                "B": 1,
                "I": 3
            }
        }
    },
    "Reference": {
        "metrics": {
            "precision": 0.7034220532319392,
            "recall": 0.7370517928286853,
            "f1": 0.7198443579766536,
            "number": 251
        },
        "counts": {
            "reals": {
                "O": 373,
                "B": 2,
                "I": 14
            },
            "preds": {
                "O": 373,
                "B": 2,
                "I": 14
            }
        }
    },
    "Resource": {
        "metrics": {
            "precision": 0.0,
            "recall": 0.0,
            "f1": 0.0,
            "number": 72
        },
        "counts": {
            "reals": {
                "O": 389
            },
            "preds": {
                "O": 389
            }
        }
    },
    "Reversibility": {
        "metrics": {
            "precision": 0.0,
            "recall": 0.0,
            "f1": 0.0,
            "number": 5
        },
        "counts": {
            "reals": {
                "O": 389
            },
            "preds": {
                "O": 389
            }
        }
    },
    "TechnologySpecificity": {
        "metrics": {
            "precision": 0.4656934306569343,
            "recall": 0.6523517382413088,
            "f1": 0.5434412265758091,
            "number": 489
        },
        "counts": {
            "reals": {
                "O": 354,
                "B": 12,
                "I": 23
            },
            "preds": {
                "O": 356,
                "B": 12,
                "I": 21
            }
        }
    },
    "Time": {
        "metrics": {
            "precision": 0.478494623655914,
            "recall": 0.5114942528735632,
            "f1": 0.49444444444444446,
            "number": 174
        },
        "counts": {
            "reals": {
                "O": 382,
                "B": 3,
                "I": 4
            },
            "preds": {
                "O": 383,
                "B": 2,
                "I": 4
            }
        }
    }
}