{
    "Actor": {
        "metrics": {
            "precision": 0.7789757412398922,
            "recall": 0.8837920489296636,
            "f1": 0.828080229226361,
            "number": 981
        },
        "counts": {
            "reals": {
                "O": 55,
                "B": 5
            },
            "preds": {
                "O": 56,
                "B": 4
            }
        }
    },
    "ApplicationSpecificity": {
        "metrics": {
            "precision": 0.2955665024630542,
            "recall": 0.22388059701492538,
            "f1": 0.25477707006369427,
            "number": 268
        },
        "counts": {
            "reals": {
                "O": 60
            },
            "preds": {
                "O": 60
            }
        }
    },
    "Compliance": {
        "metrics": {
            "precision": 0.3914209115281501,
            "recall": 0.4319526627218935,
            "f1": 0.410689170182841,
            "number": 338
        },
        "counts": {
            "reals": {
                "O": 60
            },
            "preds": {
                "O": 60
            }
        }
    },
    "EnergySpecificity": {
        "metrics": {
            "precision": 0.55,
            "recall": 0.721875,
            "f1": 0.6243243243243244,
            "number": 320
        },
        "counts": {
            "reals": {
                "O": 60
            },
            "preds": {
                "O": 60
            }
        }
    },
    "InstrumentType": {
        "metrics": {
            "precision": 0.4066193853427896,
            "recall": 0.5,
            "f1": 0.44850065189048244,
            "number": 688
        },
        "counts": {
            "reals": {
                "O": 60
            },
            "preds": {
                "O": 60
            }
        }
    },
    "Objective": {
        "metrics": {
            "precision": 0.13392857142857142,
            "recall": 0.20930232558139536,
            "f1": 0.16333938294010888,
            "number": 215
        },
        "counts": {
            "reals": {
                "O": 60
            },
            "preds": {
                "O": 60
            }
        }
    },
    "Reference": {
        "metrics": {
            "precision": 0.7081339712918661,
            "recall": 0.6727272727272727,
            "f1": 0.68997668997669,
            "number": 220
        },
        "counts": {
            "reals": {
                "O": 44,
                "B": 2,
                "I": 14
            },
            "preds": {
                "O": 44,
                "B": 2,
                "I": 14
            }
        }
    },
    "Resource": {
        "metrics": {
            "precision": 0.18181818181818182,
            "recall": 0.04878048780487805,
            "f1": 0.07692307692307693,
            "number": 82
        },
        "counts": {
            "reals": {
                "O": 60
            },
            "preds": {
                "O": 60
            }
        }
    },
    "Reversibility": {
        "metrics": {
            "precision": 0.0,
            "recall": 0.0,
            "f1": 0.0,
            "number": 2
        },
        "counts": {
            "reals": {
                "O": 60
            },
            "preds": {
                "O": 60
            }
        }
    },
    "TechnologySpecificity": {
        "metrics": {
            "precision": 0.398876404494382,
            "recall": 0.4068767908309456,
            "f1": 0.4028368794326241,
            "number": 349
        },
        "counts": {
            "reals": {
                "O": 60
            },
            "preds": {
                "O": 60
            }
        }
    },
    "Time": {
        "metrics": {
            "precision": 0.4540229885057471,
            "recall": 0.48466257668711654,
            "f1": 0.46884272997032644,
            "number": 163
        },
        "counts": {
            "reals": {
                "O": 60
            },
            "preds": {
                "O": 60
            }
        }
    }
}