{
    "Actor": {
        "metrics": {
            "precision": 0.8264248704663213,
            "recall": 0.8662593346911066,
            "f1": 0.8458733841564469,
            "number": 1473
        },
        "counts": {
            "reals": {
                "O": 390,
                "B": 43,
                "I": 66
            },
            "preds": {
                "O": 401,
                "B": 38,
                "I": 60
            }
        }
    },
    "ApplicationSpecificity": {
        "metrics": {
            "precision": 0.2714285714285714,
            "recall": 0.2714285714285714,
            "f1": 0.2714285714285714,
            "number": 280
        },
        "counts": {
            "reals": {
                "O": 493,
                "B": 3,
                "I": 3
            },
            "preds": {
                "O": 493,
                "B": 3,
                "I": 3
            }
        }
    },
    "Compliance": {
        "metrics": {
            "precision": 0.5979643765903307,
            "recall": 0.49682875264270615,
            "f1": 0.5427251732101617,
            "number": 473
        },
        "counts": {
            "reals": {
                "O": 495,
                "B": 4
            },
            "preds": {
                "O": 495,
                "B": 4
            }
        }
    },
    "EnergySpecificity": {
        "metrics": {
            "precision": 0.7150537634408602,
            "recall": 0.7578347578347578,
            "f1": 0.73582295988935,
            "number": 351
        },
        "counts": {
            "reals": {
                "O": 499
            },
            "preds": {
                "O": 499
            }
        }
    },
    "InstrumentType": {
        "metrics": {
            "precision": 0.4885745375408052,
            "recall": 0.4838362068965517,
            "f1": 0.48619382782891174,
            "number": 928
        },
        "counts": {
            "reals": {
                "O": 479,
                "B": 15,
                "I": 5
            },
            "preds": {
                "O": 480,
                "B": 13,
                "I": 6
            }
        }
    },
    "Objective": {
        "metrics": {
            "precision": 0.16831683168316833,
            "recall": 0.17258883248730963,
            "f1": 0.17042606516290726,
            "number": 197
        },
        "counts": {
            "reals": {
                "O": 492,
                "B": 1,
                "I": 6
            },
            "preds": {
                "O": 495,
                "B": 3,
                "I": 1
            }
        }
    },
    "Reference": {
        "metrics": {
            "precision": 0.7321428571428571,
            "recall": 0.6142322097378277,
            "f1": 0.6680244399185337,
            "number": 267
        },
        "counts": {
            "reals": {
                "O": 480,
                "B": 6,
                "I": 13
            },
            "preds": {
                "O": 495,
                "B": 2,
                "I": 2
            }
        }
    },
    "Resource": {
        "metrics": {
            "precision": 0.17391304347826086,
            "recall": 0.07339449541284404,
            "f1": 0.10322580645161292,
            "number": 109
        },
        "counts": {
            "reals": {
                "O": 499
            },
            "preds": {
                "O": 499
            }
        }
    },
    "Reversibility": {
        "metrics": {
            "precision": 0.0,
            "recall": 0.0,
            "f1": 0.0,
            "number": 21
        },
        "counts": {
            "reals": {
                "O": 499
            },
            "preds": {
                "O": 499
            }
        }
    },
    "TechnologySpecificity": {
        "metrics": {
            "precision": 0.4512670565302144,
            "recall": 0.6084099868593955,
            "f1": 0.5181869054280918,
            "number": 761
        },
        "counts": {
            "reals": {
                "O": 495,
                "B": 2,
                "I": 2
            },
            "preds": {
                "O": 493,
                "B": 3,
                "I": 3
            }
        }
    },
    "Time": {
        "metrics": {
            "precision": 0.3014705882352941,
            "recall": 0.5030674846625767,
            "f1": 0.3770114942528735,
            "number": 163
        },
        "counts": {
            "reals": {
                "O": 493,
                "B": 2,
                "I": 4
            },
            "preds": {
                "O": 480,
                "B": 4,
                "I": 15
            }
        }
    }
}