{
    "Actor": {
        "metrics": {
            "precision": 0.7792998477929984,
            "recall": 0.8366013071895425,
            "f1": 0.8069345941686367,
            "number": 1224
        },
        "counts": {
            "reals": {
                "O": 467,
                "B": 14,
                "I": 19
            },
            "preds": {
                "O": 475,
                "B": 11,
                "I": 14
            }
        }
    },
    "ApplicationSpecificity": {
        "metrics": {
            "precision": 0.19827586206896552,
            "recall": 0.1707920792079208,
            "f1": 0.18351063829787234,
            "number": 404
        },
        "counts": {
            "reals": {
                "O": 410,
                "B": 7,
                "I": 83
            },
            "preds": {
                "O": 455,
                "B": 12,
                "I": 33
            }
        }
    },
    "Compliance": {
        "metrics": {
            "precision": 0.3924914675767918,
            "recall": 0.5287356321839081,
            "f1": 0.4505386875612145,
            "number": 435
        },
        "counts": {
            "reals": {
                "O": 500
            },
            "preds": {
                "O": 500
            }
        }
    },
    "EnergySpecificity": {
        "metrics": {
            "precision": 0.6104553119730185,
            "recall": 0.6988416988416989,
            "f1": 0.6516651665166516,
            "number": 518
        },
        "counts": {
            "reals": {
                "O": 441,
                "B": 29,
                "I": 30
            },
            "preds": {
                "O": 434,
                "B": 33,
                "I": 33
            }
        }
    },
    "InstrumentType": {
        "metrics": {
            "precision": 0.42024202420242024,
            "recall": 0.583206106870229,
            "f1": 0.48849104859335035,
            "number": 655
        },
        "counts": {
            "reals": {
                "O": 492,
                "B": 4,
                "I": 4
            },
            "preds": {
                "O": 492,
                "B": 4,
                "I": 4
            }
        }
    },
    "Objective": {
        "metrics": {
            "precision": 0.15087719298245614,
            "recall": 0.2670807453416149,
            "f1": 0.19282511210762332,
            "number": 161
        },
        "counts": {
            "reals": {
                "O": 500
            },
            "preds": {
                "O": 500
            }
        }
    },
    "Reference": {
        "metrics": {
            "precision": 0.6283987915407855,
            "recall": 0.7619047619047619,
            "f1": 0.6887417218543045,
            "number": 273
        },
        "counts": {
            "reals": {
                "O": 494,
                "B": 3,
                "I": 3
            },
            "preds": {
                "O": 500
            }
        }
    },
    "Resource": {
        "metrics": {
            "precision": 0.0,
            "recall": 0.0,
            "f1": 0.0,
            "number": 154
        },
        "counts": {
            "reals": {
                "O": 500
            },
            "preds": {
                "O": 500
            }
        }
    },
    "Reversibility": {
        "metrics": {
            "precision": 0.0,
            "recall": 0.0,
            "f1": 0.0,
            "number": 3
        },
        "counts": {
            "reals": {
                "O": 500
            },
            "preds": {
                "O": 500
            }
        }
    },
    "TechnologySpecificity": {
        "metrics": {
            "precision": 0.4309063893016345,
            "recall": 0.5534351145038168,
            "f1": 0.48454469507101083,
            "number": 524
        },
        "counts": {
            "reals": {
                "O": 482,
                "B": 3,
                "I": 15
            },
            "preds": {
                "O": 481,
                "B": 4,
                "I": 15
            }
        }
    },
    "Time": {
        "metrics": {
            "precision": 0.4029126213592233,
            "recall": 0.5608108108108109,
            "f1": 0.4689265536723164,
            "number": 148
        },
        "counts": {
            "reals": {
                "O": 500
            },
            "preds": {
                "O": 500
            }
        }
    }
}