{
    "Actor": {
        "metrics": {
            "precision": 0.7765151515151515,
            "recall": 0.8360522022838499,
            "f1": 0.805184603299293,
            "number": 1226
        },
        "counts": {
            "reals": {
                "O": 440,
                "B": 14,
                "I": 19
            },
            "preds": {
                "O": 448,
                "B": 12,
                "I": 13
            }
        }
    },
    "ApplicationSpecificity": {
        "metrics": {
            "precision": 0.17048710601719197,
            "recall": 0.2938271604938272,
            "f1": 0.2157751586582049,
            "number": 405
        },
        "counts": {
            "reals": {
                "O": 383,
                "B": 7,
                "I": 83
            },
            "preds": {
                "O": 420,
                "B": 17,
                "I": 36
            }
        }
    },
    "Compliance": {
        "metrics": {
            "precision": 0.4186991869918699,
            "recall": 0.48130841121495327,
            "f1": 0.44782608695652176,
            "number": 428
        },
        "counts": {
            "reals": {
                "O": 473
            },
            "preds": {
                "O": 473
            }
        }
    },
    "EnergySpecificity": {
        "metrics": {
            "precision": 0.5821325648414986,
            "recall": 0.7709923664122137,
            "f1": 0.6633825944170771,
            "number": 524
        },
        "counts": {
            "reals": {
                "O": 414,
                "B": 29,
                "I": 30
            },
            "preds": {
                "O": 415,
                "B": 33,
                "I": 25
            }
        }
    },
    "InstrumentType": {
        "metrics": {
            "precision": 0.47430249632892807,
            "recall": 0.4908814589665654,
            "f1": 0.48244958924570575,
            "number": 658
        },
        "counts": {
            "reals": {
                "O": 465,
                "B": 4,
                "I": 4
            },
            "preds": {
                "O": 467,
                "B": 4,
                "I": 2
            }
        }
    },
    "Objective": {
        "metrics": {
            "precision": 0.14705882352941177,
            "recall": 0.22012578616352202,
            "f1": 0.17632241813602018,
            "number": 159
        },
        "counts": {
            "reals": {
                "O": 473
            },
            "preds": {
                "O": 473
            }
        }
    },
    "Reference": {
        "metrics": {
            "precision": 0.6036036036036037,
            "recall": 0.7256317689530686,
            "f1": 0.659016393442623,
            "number": 277
        },
        "counts": {
            "reals": {
                "O": 467,
                "B": 3,
                "I": 3
            },
            "preds": {
                "O": 473
            }
        }
    },
    "Resource": {
        "metrics": {
            "precision": 0.3333333333333333,
            "recall": 0.006622516556291391,
            "f1": 0.012987012987012988,
            "number": 151
        },
        "counts": {
            "reals": {
                "O": 473
            },
            "preds": {
                "O": 473
            }
        }
    },
    "Reversibility": {
        "metrics": {
            "precision": 0.0,
            "recall": 0.0,
            "f1": 0.0,
            "number": 3
        },
        "counts": {
            "reals": {
                "O": 473
            },
            "preds": {
                "O": 473
            }
        }
    },
    "TechnologySpecificity": {
        "metrics": {
            "precision": 0.4328147100424328,
            "recall": 0.5719626168224299,
            "f1": 0.49275362318840576,
            "number": 535
        },
        "counts": {
            "reals": {
                "O": 457,
                "B": 2,
                "I": 14
            },
            "preds": {
                "O": 464,
                "B": 5,
                "I": 4
            }
        }
    },
    "Time": {
        "metrics": {
            "precision": 0.34285714285714286,
            "recall": 0.24324324324324326,
            "f1": 0.2845849802371541,
            "number": 148
        },
        "counts": {
            "reals": {
                "O": 473
            },
            "preds": {
                "O": 473
            }
        }
    }
}