{
    "Actor": {
        "metrics": {
            "precision": 0.7864845434938893,
            "recall": 0.8766025641025641,
            "f1": 0.8291019325502084,
            "number": 1248
        },
        "counts": {
            "reals": {
                "O": 452,
                "B": 12,
                "I": 1
            },
            "preds": {
                "O": 450,
                "B": 14,
                "I": 1
            }
        }
    },
    "ApplicationSpecificity": {
        "metrics": {
            "precision": 0.31493506493506496,
            "recall": 0.3321917808219178,
            "f1": 0.32333333333333336,
            "number": 292
        },
        "counts": {
            "reals": {
                "O": 423,
                "B": 9,
                "I": 33
            },
            "preds": {
                "O": 423,
                "B": 11,
                "I": 31
            }
        }
    },
    "Compliance": {
        "metrics": {
            "precision": 0.570694087403599,
            "recall": 0.6032608695652174,
            "f1": 0.5865257595772788,
            "number": 368
        },
        "counts": {
            "reals": {
                "O": 436,
                "B": 8,
                "I": 21
            },
            "preds": {
                "O": 459,
                "B": 6
            }
        }
    },
    "EnergySpecificity": {
        "metrics": {
            "precision": 0.648578811369509,
            "recall": 0.7130681818181818,
            "f1": 0.6792963464140731,
            "number": 352
        },
        "counts": {
            "reals": {
                "O": 445,
                "B": 18,
                "I": 2
            },
            "preds": {
                "O": 449,
                "B": 13,
                "I": 3
            }
        }
    },
    "InstrumentType": {
        "metrics": {
            "precision": 0.52088772845953,
            "recall": 0.5533980582524272,
            "f1": 0.5366509751176867,
            "number": 721
        },
        "counts": {
            "reals": {
                "O": 461,
                "B": 4
            },
            "preds": {
                "O": 461,
                "B": 4
            }
        }
    },
    "Objective": {
        "metrics": {
            "precision": 0.2094240837696335,
            "recall": 0.23952095808383234,
            "f1": 0.223463687150838,
            "number": 167
        },
        "counts": {
            "reals": {
                "O": 452,
                "B": 2,
                "I": 11
            },
            "preds": {
                "O": 459,
                "B": 2,
                "I": 4
            }
        }
    },
    "Reference": {
        "metrics": {
            "precision": 0.7758620689655172,
            "recall": 0.7346938775510204,
            "f1": 0.7547169811320754,
            "number": 245
        },
        "counts": {
            "reals": {
                "O": 449,
                "B": 2,
                "I": 14
            },
            "preds": {
                "O": 449,
                "B": 2,
                "I": 14
            }
        }
    },
    "Resource": {
        "metrics": {
            "precision": 0.13385826771653545,
            "recall": 0.21518987341772153,
            "f1": 0.1650485436893204,
            "number": 79
        },
        "counts": {
            "reals": {
                "O": 465
            },
            "preds": {
                "O": 464,
                "B": 1
            }
        }
    },
    "Reversibility": {
        "metrics": {
            "precision": 0.0,
            "recall": 0.0,
            "f1": 0.0,
            "number": 5
        },
        "counts": {
            "reals": {
                "O": 465
            },
            "preds": {
                "O": 465
            }
        }
    },
    "TechnologySpecificity": {
        "metrics": {
            "precision": 0.5076045627376425,
            "recall": 0.5717344753747323,
            "f1": 0.5377643504531722,
            "number": 467
        },
        "counts": {
            "reals": {
                "O": 430,
                "B": 12,
                "I": 23
            },
            "preds": {
                "O": 444,
                "B": 11,
                "I": 10
            }
        }
    },
    "Time": {
        "metrics": {
            "precision": 0.4021164021164021,
            "recall": 0.4367816091954023,
            "f1": 0.418732782369146,
            "number": 174
        },
        "counts": {
            "reals": {
                "O": 454,
                "B": 5,
                "I": 6
            },
            "preds": {
                "O": 454,
                "B": 6,
                "I": 5
            }
        }
    }
}