{
    "Actor": {
        "metrics": {
            "precision": 0.7868632707774799,
            "recall": 0.7847593582887701,
            "f1": 0.785809906291834,
            "number": 1496
        },
        "counts": {
            "reals": {
                "O": 318,
                "B": 38,
                "I": 66
            },
            "preds": {
                "O": 343,
                "B": 40,
                "I": 39
            }
        }
    },
    "ApplicationSpecificity": {
        "metrics": {
            "precision": 0.23863636363636365,
            "recall": 0.1414141414141414,
            "f1": 0.17758985200845664,
            "number": 297
        },
        "counts": {
            "reals": {
                "O": 418,
                "B": 2,
                "I": 2
            },
            "preds": {
                "O": 418,
                "B": 2,
                "I": 2
            }
        }
    },
    "Compliance": {
        "metrics": {
            "precision": 0.4817708333333333,
            "recall": 0.3854166666666667,
            "f1": 0.42824074074074076,
            "number": 480
        },
        "counts": {
            "reals": {
                "O": 418,
                "B": 4
            },
            "preds": {
                "O": 419,
                "B": 3
            }
        }
    },
    "EnergySpecificity": {
        "metrics": {
            "precision": 0.6296296296296297,
            "recall": 0.5650969529085873,
            "f1": 0.5956204379562045,
            "number": 361
        },
        "counts": {
            "reals": {
                "O": 422
            },
            "preds": {
                "O": 422
            }
        }
    },
    "InstrumentType": {
        "metrics": {
            "precision": 0.39919354838709675,
            "recall": 0.21663019693654267,
            "f1": 0.2808510638297872,
            "number": 914
        },
        "counts": {
            "reals": {
                "O": 404,
                "B": 13,
                "I": 5
            },
            "preds": {
                "O": 419,
                "B": 3
            }
        }
    },
    "Objective": {
        "metrics": {
            "precision": 0.09803921568627451,
            "recall": 0.024752475247524754,
            "f1": 0.03952569169960474,
            "number": 202
        },
        "counts": {
            "reals": {
                "O": 422
            },
            "preds": {
                "O": 422
            }
        }
    },
    "Reference": {
        "metrics": {
            "precision": 0.6551724137931034,
            "recall": 0.5487364620938628,
            "f1": 0.5972495088408644,
            "number": 277
        },
        "counts": {
            "reals": {
                "O": 403,
                "B": 6,
                "I": 13
            },
            "preds": {
                "O": 417,
                "B": 3,
                "I": 2
            }
        }
    },
    "Resource": {
        "metrics": {
            "precision": 0.0,
            "recall": 0.0,
            "f1": 0.0,
            "number": 106
        },
        "counts": {
            "reals": {
                "O": 422
            },
            "preds": {
                "O": 422
            }
        }
    },
    "Reversibility": {
        "metrics": {
            "precision": 0.0,
            "recall": 0.0,
            "f1": 0.0,
            "number": 17
        },
        "counts": {
            "reals": {
                "O": 422
            },
            "preds": {
                "O": 422
            }
        }
    },
    "TechnologySpecificity": {
        "metrics": {
            "precision": 0.3561924257932446,
            "recall": 0.4467265725288832,
            "f1": 0.39635535307517084,
            "number": 779
        },
        "counts": {
            "reals": {
                "O": 418,
                "B": 2,
                "I": 2
            },
            "preds": {
                "O": 418,
                "B": 2,
                "I": 2
            }
        }
    },
    "Time": {
        "metrics": {
            "precision": 0.26851851851851855,
            "recall": 0.3473053892215569,
            "f1": 0.3028720626631854,
            "number": 167
        },
        "counts": {
            "reals": {
                "O": 419,
                "B": 1,
                "I": 2
            },
            "preds": {
                "O": 412,
                "B": 2,
                "I": 8
            }
        }
    }
}