{
    "Actor": {
        "metrics": {
            "precision": 0.7631964809384164,
            "recall": 0.8653366583541147,
            "f1": 0.8110634982469809,
            "number": 1203
        },
        "counts": {
            "reals": {
                "O": 29
            },
            "preds": {
                "O": 29
            }
        }
    },
    "ApplicationSpecificity": {
        "metrics": {
            "precision": 0.3418181818181818,
            "recall": 0.3102310231023102,
            "f1": 0.32525951557093424,
            "number": 303
        },
        "counts": {
            "reals": {
                "O": 29
            },
            "preds": {
                "O": 29
            }
        }
    },
    "Compliance": {
        "metrics": {
            "precision": 0.4318181818181818,
            "recall": 0.572289156626506,
            "f1": 0.49222797927461137,
            "number": 332
        },
        "counts": {
            "reals": {
                "O": 29
            },
            "preds": {
                "O": 29
            }
        }
    },
    "EnergySpecificity": {
        "metrics": {
            "precision": 0.5728,
            "recall": 0.7203219315895373,
            "f1": 0.6381461675579323,
            "number": 497
        },
        "counts": {
            "reals": {
                "O": 29
            },
            "preds": {
                "O": 29
            }
        }
    },
    "InstrumentType": {
        "metrics": {
            "precision": 0.4112388250319285,
            "recall": 0.5210355987055016,
            "f1": 0.45967166309778734,
            "number": 618
        },
        "counts": {
            "reals": {
                "O": 29
            },
            "preds": {
                "O": 29
            }
        }
    },
    "Objective": {
        "metrics": {
            "precision": 0.22349570200573066,
            "recall": 0.35294117647058826,
            "f1": 0.27368421052631575,
            "number": 221
        },
        "counts": {
            "reals": {
                "O": 29
            },
            "preds": {
                "O": 29
            }
        }
    },
    "Reference": {
        "metrics": {
            "precision": 0.6722972972972973,
            "recall": 0.7566539923954373,
            "f1": 0.7119856887298748,
            "number": 263
        },
        "counts": {
            "reals": {
                "O": 29
            },
            "preds": {
                "O": 29
            }
        }
    },
    "Resource": {
        "metrics": {
            "precision": 0.1111111111111111,
            "recall": 0.009174311926605505,
            "f1": 0.016949152542372885,
            "number": 109
        },
        "counts": {
            "reals": {
                "O": 29
            },
            "preds": {
                "O": 29
            }
        }
    },
    "Reversibility": {
        "metrics": {
            "precision": 0.0,
            "recall": 0.0,
            "f1": 0.0,
            "number": 3
        },
        "counts": {
            "reals": {
                "O": 29
            },
            "preds": {
                "O": 29
            }
        }
    },
    "TechnologySpecificity": {
        "metrics": {
            "precision": 0.40304709141274236,
            "recall": 0.5369003690036901,
            "f1": 0.46044303797468356,
            "number": 542
        },
        "counts": {
            "reals": {
                "O": 29
            },
            "preds": {
                "O": 29
            }
        }
    },
    "Time": {
        "metrics": {
            "precision": 0.45933014354066987,
            "recall": 0.4266666666666667,
            "f1": 0.44239631336405527,
            "number": 225
        },
        "counts": {
            "reals": {
                "O": 14,
                "B": 1,
                "I": 14
            },
            "preds": {
                "O": 14,
                "B": 1,
                "I": 14
            }
        }
    }
}