{
    "Actor": {
        "metrics": {
            "precision": 0.794778825235678,
            "recall": 0.8810289389067524,
            "f1": 0.8356843309187952,
            "number": 1244
        },
        "counts": {
            "reals": {
                "O": 473,
                "B": 12,
                "I": 1
            },
            "preds": {
                "O": 471,
                "B": 14,
                "I": 1
            }
        }
    },
    "ApplicationSpecificity": {
        "metrics": {
            "precision": 0.26288659793814434,
            "recall": 0.17832167832167833,
            "f1": 0.21250000000000002,
            "number": 286
        },
        "counts": {
            "reals": {
                "O": 444,
                "B": 9,
                "I": 33
            },
            "preds": {
                "O": 463,
                "B": 15,
                "I": 8
            }
        }
    },
    "Compliance": {
        "metrics": {
            "precision": 0.5709677419354838,
            "recall": 0.4903047091412742,
            "f1": 0.5275707898658718,
            "number": 361
        },
        "counts": {
            "reals": {
                "O": 457,
                "B": 8,
                "I": 21
            },
            "preds": {
                "O": 480,
                "B": 5,
                "I": 1
            }
        }
    },
    "EnergySpecificity": {
        "metrics": {
            "precision": 0.6021897810218978,
            "recall": 0.4755043227665706,
            "f1": 0.5314009661835749,
            "number": 347
        },
        "counts": {
            "reals": {
                "O": 466,
                "B": 18,
                "I": 2
            },
            "preds": {
                "O": 480,
                "B": 4,
                "I": 2
            }
        }
    },
    "InstrumentType": {
        "metrics": {
            "precision": 0.5405797101449276,
            "recall": 0.5166204986149584,
            "f1": 0.5283286118980169,
            "number": 722
        },
        "counts": {
            "reals": {
                "O": 482,
                "B": 4
            },
            "preds": {
                "O": 481,
                "B": 4,
                "I": 1
            }
        }
    },
    "Objective": {
        "metrics": {
            "precision": 0.11814345991561181,
            "recall": 0.17073170731707318,
            "f1": 0.1396508728179551,
            "number": 164
        },
        "counts": {
            "reals": {
                "O": 473,
                "B": 2,
                "I": 11
            },
            "preds": {
                "O": 474,
                "B": 5,
                "I": 7
            }
        }
    },
    "Reference": {
        "metrics": {
            "precision": 0.8075117370892019,
            "recall": 0.7166666666666667,
            "f1": 0.7593818984547461,
            "number": 240
        },
        "counts": {
            "reals": {
                "O": 470,
                "B": 2,
                "I": 14
            },
            "preds": {
                "O": 470,
                "B": 2,
                "I": 14
            }
        }
    },
    "Resource": {
        "metrics": {
            "precision": 0.0,
            "recall": 0.0,
            "f1": 0.0,
            "number": 75
        },
        "counts": {
            "reals": {
                "O": 486
            },
            "preds": {
                "O": 486
            }
        }
    },
    "Reversibility": {
        "metrics": {
            "precision": 0.0,
            "recall": 0.0,
            "f1": 0.0,
            "number": 5
        },
        "counts": {
            "reals": {
                "O": 486
            },
            "preds": {
                "O": 486
            }
        }
    },
    "TechnologySpecificity": {
        "metrics": {
            "precision": 0.45151033386327505,
            "recall": 0.6173913043478261,
            "f1": 0.5215794306703397,
            "number": 460
        },
        "counts": {
            "reals": {
                "O": 451,
                "B": 12,
                "I": 23
            },
            "preds": {
                "O": 442,
                "B": 15,
                "I": 29
            }
        }
    },
    "Time": {
        "metrics": {
            "precision": 0.5423728813559322,
            "recall": 0.5454545454545454,
            "f1": 0.5439093484419264,
            "number": 176
        },
        "counts": {
            "reals": {
                "O": 475,
                "B": 5,
                "I": 6
            },
            "preds": {
                "O": 476,
                "B": 4,
                "I": 6
            }
        }
    }
}