{
    "Actor": {
        "metrics": {
            "precision": 0.7608,
            "recall": 0.7892116182572614,
            "f1": 0.7747454175152749,
            "number": 1205
        },
        "counts": {
            "reals": {
                "O": 29
            },
            "preds": {
                "O": 29
            }
        }
    },
    "ApplicationSpecificity": {
        "metrics": {
            "precision": 0.20297029702970298,
            "recall": 0.13804713804713806,
            "f1": 0.16432865731462928,
            "number": 297
        },
        "counts": {
            "reals": {
                "O": 29
            },
            "preds": {
                "O": 29
            }
        }
    },
    "Compliance": {
        "metrics": {
            "precision": 0.4175531914893617,
            "recall": 0.47005988023952094,
            "f1": 0.4422535211267606,
            "number": 334
        },
        "counts": {
            "reals": {
                "O": 29
            },
            "preds": {
                "O": 29
            }
        }
    },
    "EnergySpecificity": {
        "metrics": {
            "precision": 0.6225961538461539,
            "recall": 0.5307377049180327,
            "f1": 0.5730088495575221,
            "number": 488
        },
        "counts": {
            "reals": {
                "O": 29
            },
            "preds": {
                "O": 29
            }
        }
    },
    "InstrumentType": {
        "metrics": {
            "precision": 0.4223968565815324,
            "recall": 0.34959349593495936,
            "f1": 0.3825622775800712,
            "number": 615
        },
        "counts": {
            "reals": {
                "O": 29
            },
            "preds": {
                "O": 29
            }
        }
    },
    "Objective": {
        "metrics": {
            "precision": 0.0880503144654088,
            "recall": 0.12389380530973451,
            "f1": 0.10294117647058823,
            "number": 226
        },
        "counts": {
            "reals": {
                "O": 29
            },
            "preds": {
                "O": 29
            }
        }
    },
    "Reference": {
        "metrics": {
            "precision": 0.6108949416342413,
            "recall": 0.596958174904943,
            "f1": 0.6038461538461539,
            "number": 263
        },
        "counts": {
            "reals": {
                "O": 29
            },
            "preds": {
                "O": 29
            }
        }
    },
    "Resource": {
        "metrics": {
            "precision": 0.0,
            "recall": 0.0,
            "f1": 0.0,
            "number": 108
        },
        "counts": {
            "reals": {
                "O": 29
            },
            "preds": {
                "O": 29
            }
        }
    },
    "Reversibility": {
        "metrics": {
            "precision": 0.0,
            "recall": 0.0,
            "f1": 0.0,
            "number": 3
        },
        "counts": {
            "reals": {
                "O": 29
            },
            "preds": {
                "O": 29
            }
        }
    },
    "TechnologySpecificity": {
        "metrics": {
            "precision": 0.3508137432188065,
            "recall": 0.36329588014981273,
            "f1": 0.35694572217111314,
            "number": 534
        },
        "counts": {
            "reals": {
                "O": 29
            },
            "preds": {
                "O": 29
            }
        }
    },
    "Time": {
        "metrics": {
            "precision": 0.4322033898305085,
            "recall": 0.46153846153846156,
            "f1": 0.44638949671772427,
            "number": 221
        },
        "counts": {
            "reals": {
                "O": 14,
                "B": 1,
                "I": 14
            },
            "preds": {
                "O": 13,
                "B": 1,
                "I": 15
            }
        }
    }
}