{
    "Actor": {
        "metrics": {
            "precision": 0.7366071428571429,
            "recall": 0.8425531914893617,
            "f1": 0.7860262008733625,
            "number": 1175
        },
        "counts": {
            "reals": {
                "O": 29
            },
            "preds": {
                "O": 29
            }
        }
    },
    "ApplicationSpecificity": {
        "metrics": {
            "precision": 0.3544973544973545,
            "recall": 0.23426573426573427,
            "f1": 0.28210526315789475,
            "number": 286
        },
        "counts": {
            "reals": {
                "O": 29
            },
            "preds": {
                "O": 29
            }
        }
    },
    "Compliance": {
        "metrics": {
            "precision": 0.511864406779661,
            "recall": 0.44542772861356933,
            "f1": 0.4763406940063092,
            "number": 339
        },
        "counts": {
            "reals": {
                "O": 29
            },
            "preds": {
                "O": 29
            }
        }
    },
    "EnergySpecificity": {
        "metrics": {
            "precision": 0.6132478632478633,
            "recall": 0.5966735966735967,
            "f1": 0.6048472075869336,
            "number": 481
        },
        "counts": {
            "reals": {
                "O": 29
            },
            "preds": {
                "O": 29
            }
        }
    },
    "InstrumentType": {
        "metrics": {
            "precision": 0.45454545454545453,
            "recall": 0.5130293159609121,
            "f1": 0.4820198928844682,
            "number": 614
        },
        "counts": {
            "reals": {
                "O": 29
            },
            "preds": {
                "O": 29
            }
        }
    },
    "Objective": {
        "metrics": {
            "precision": 0.12087912087912088,
            "recall": 0.25821596244131456,
            "f1": 0.16467065868263472,
            "number": 213
        },
        "counts": {
            "reals": {
                "O": 29
            },
            "preds": {
                "O": 29
            }
        }
    },
    "Reference": {
        "metrics": {
            "precision": 0.6591639871382636,
            "recall": 0.7945736434108527,
            "f1": 0.7205623901581723,
            "number": 258
        },
        "counts": {
            "reals": {
                "O": 29
            },
            "preds": {
                "O": 29
            }
        }
    },
    "Resource": {
        "metrics": {
            "precision": 0.0,
            "recall": 0.0,
            "f1": 0.0,
            "number": 110
        },
        "counts": {
            "reals": {
                "O": 29
            },
            "preds": {
                "O": 29
            }
        }
    },
    "Reversibility": {
        "metrics": {
            "precision": 0.0,
            "recall": 0.0,
            "f1": 0.0,
            "number": 3
        },
        "counts": {
            "reals": {
                "O": 29
            },
            "preds": {
                "O": 29
            }
        }
    },
    "TechnologySpecificity": {
        "metrics": {
            "precision": 0.4235474006116208,
            "recall": 0.5337186897880539,
            "f1": 0.4722932651321398,
            "number": 519
        },
        "counts": {
            "reals": {
                "O": 29
            },
            "preds": {
                "O": 29
            }
        }
    },
    "Time": {
        "metrics": {
            "precision": 0.4689265536723164,
            "recall": 0.4129353233830846,
            "f1": 0.4391534391534392,
            "number": 201
        },
        "counts": {
            "reals": {
                "O": 14,
                "B": 1,
                "I": 14
            },
            "preds": {
                "O": 14,
                "B": 1,
                "I": 14
            }
        }
    }
}