{
    "Actor": {
        "metrics": {
            "precision": 0.8071833648393195,
            "recall": 0.8714285714285714,
            "f1": 0.8380765456329735,
            "number": 980
        },
        "counts": {
            "reals": {
                "O": 53,
                "B": 5
            },
            "preds": {
                "O": 53,
                "B": 5
            }
        }
    },
    "ApplicationSpecificity": {
        "metrics": {
            "precision": 0.4090909090909091,
            "recall": 0.3852140077821012,
            "f1": 0.39679358717434876,
            "number": 257
        },
        "counts": {
            "reals": {
                "O": 58
            },
            "preds": {
                "O": 58
            }
        }
    },
    "Compliance": {
        "metrics": {
            "precision": 0.4269911504424779,
            "recall": 0.546742209631728,
            "f1": 0.47950310559006204,
            "number": 353
        },
        "counts": {
            "reals": {
                "O": 58
            },
            "preds": {
                "O": 58
            }
        }
    },
    "EnergySpecificity": {
        "metrics": {
            "precision": 0.5989717223650386,
            "recall": 0.7327044025157232,
            "f1": 0.6591230551626591,
            "number": 318
        },
        "counts": {
            "reals": {
                "O": 58
            },
            "preds": {
                "O": 58
            }
        }
    },
    "InstrumentType": {
        "metrics": {
            "precision": 0.4620418848167539,
            "recall": 0.5524256651017214,
            "f1": 0.503207412687099,
            "number": 639
        },
        "counts": {
            "reals": {
                "O": 58
            },
            "preds": {
                "O": 58
            }
        }
    },
    "Objective": {
        "metrics": {
            "precision": 0.18705035971223022,
            "recall": 0.24413145539906103,
            "f1": 0.21181262729124234,
            "number": 213
        },
        "counts": {
            "reals": {
                "O": 58
            },
            "preds": {
                "O": 58
            }
        }
    },
    "Reference": {
        "metrics": {
            "precision": 0.6853448275862069,
            "recall": 0.7429906542056075,
            "f1": 0.7130044843049327,
            "number": 214
        },
        "counts": {
            "reals": {
                "O": 42,
                "B": 2,
                "I": 14
            },
            "preds": {
                "O": 42,
                "B": 2,
                "I": 14
            }
        }
    },
    "Resource": {
        "metrics": {
            "precision": 0.0,
            "recall": 0.0,
            "f1": 0.0,
            "number": 79
        },
        "counts": {
            "reals": {
                "O": 58
            },
            "preds": {
                "O": 58
            }
        }
    },
    "Reversibility": {
        "metrics": {
            "precision": 0.0,
            "recall": 0.0,
            "f1": 0.0,
            "number": 2
        },
        "counts": {
            "reals": {
                "O": 58
            },
            "preds": {
                "O": 58
            }
        }
    },
    "TechnologySpecificity": {
        "metrics": {
            "precision": 0.4267352185089974,
            "recall": 0.5,
            "f1": 0.4604715672676838,
            "number": 332
        },
        "counts": {
            "reals": {
                "O": 58
            },
            "preds": {
                "O": 58
            }
        }
    },
    "Time": {
        "metrics": {
            "precision": 0.4540540540540541,
            "recall": 0.509090909090909,
            "f1": 0.48,
            "number": 165
        },
        "counts": {
            "reals": {
                "O": 58
            },
            "preds": {
                "O": 58
            }
        }
    }
}