{
    "Actor": {
        "metrics": {
            "precision": 0.7752562225475842,
            "recall": 0.8364928909952607,
            "f1": 0.8047112462006079,
            "number": 1266
        },
        "counts": {
            "reals": {
                "O": 349,
                "B": 13,
                "I": 19
            },
            "preds": {
                "O": 357,
                "B": 10,
                "I": 14
            }
        }
    },
    "ApplicationSpecificity": {
        "metrics": {
            "precision": 0.3464788732394366,
            "recall": 0.3037037037037037,
            "f1": 0.3236842105263158,
            "number": 405
        },
        "counts": {
            "reals": {
                "O": 291,
                "B": 7,
                "I": 83
            },
            "preds": {
                "O": 321,
                "B": 11,
                "I": 49
            }
        }
    },
    "Compliance": {
        "metrics": {
            "precision": 0.509009009009009,
            "recall": 0.510158013544018,
            "f1": 0.5095828635851184,
            "number": 443
        },
        "counts": {
            "reals": {
                "O": 381
            },
            "preds": {
                "O": 381
            }
        }
    },
    "EnergySpecificity": {
        "metrics": {
            "precision": 0.5801418439716312,
            "recall": 0.7716981132075472,
            "f1": 0.6623481781376518,
            "number": 530
        },
        "counts": {
            "reals": {
                "O": 329,
                "B": 24,
                "I": 28
            },
            "preds": {
                "O": 330,
                "B": 25,
                "I": 26
            }
        }
    },
    "InstrumentType": {
        "metrics": {
            "precision": 0.44110854503464203,
            "recall": 0.5232876712328767,
            "f1": 0.47869674185463656,
            "number": 730
        },
        "counts": {
            "reals": {
                "O": 373,
                "B": 4,
                "I": 4
            },
            "preds": {
                "O": 371,
                "B": 7,
                "I": 3
            }
        }
    },
    "Objective": {
        "metrics": {
            "precision": 0.17857142857142858,
            "recall": 0.3160919540229885,
            "f1": 0.22821576763485477,
            "number": 174
        },
        "counts": {
            "reals": {
                "O": 381
            },
            "preds": {
                "O": 381
            }
        }
    },
    "Reference": {
        "metrics": {
            "precision": 0.653250773993808,
            "recall": 0.7535714285714286,
            "f1": 0.6998341625207297,
            "number": 280
        },
        "counts": {
            "reals": {
                "O": 375,
                "B": 3,
                "I": 3
            },
            "preds": {
                "O": 381
            }
        }
    },
    "Resource": {
        "metrics": {
            "precision": 0.38461538461538464,
            "recall": 0.03546099290780142,
            "f1": 0.06493506493506494,
            "number": 141
        },
        "counts": {
            "reals": {
                "O": 381
            },
            "preds": {
                "O": 381
            }
        }
    },
    "Reversibility": {
        "metrics": {
            "precision": 0.0,
            "recall": 0.0,
            "f1": 0.0,
            "number": 3
        },
        "counts": {
            "reals": {
                "O": 381
            },
            "preds": {
                "O": 381
            }
        }
    },
    "TechnologySpecificity": {
        "metrics": {
            "precision": 0.39166666666666666,
            "recall": 0.5241635687732342,
            "f1": 0.44833068362480133,
            "number": 538
        },
        "counts": {
            "reals": {
                "O": 374,
                "B": 1,
                "I": 6
            },
            "preds": {
                "O": 368,
                "B": 6,
                "I": 7
            }
        }
    },
    "Time": {
        "metrics": {
            "precision": 0.35964912280701755,
            "recall": 0.5222929936305732,
            "f1": 0.425974025974026,
            "number": 157
        },
        "counts": {
            "reals": {
                "O": 381
            },
            "preds": {
                "O": 381
            }
        }
    }
}