{
    "Actor": {
        "metrics": {
            "precision": 0.7978227060653188,
            "recall": 0.8194888178913738,
            "f1": 0.8085106382978724,
            "number": 1252
        },
        "counts": {
            "reals": {
                "O": 376,
                "B": 13,
                "I": 22
            },
            "preds": {
                "O": 384,
                "B": 10,
                "I": 17
            }
        }
    },
    "ApplicationSpecificity": {
        "metrics": {
            "precision": 0.3271604938271605,
            "recall": 0.12926829268292683,
            "f1": 0.1853146853146853,
            "number": 410
        },
        "counts": {
            "reals": {
                "O": 321,
                "B": 7,
                "I": 83
            },
            "preds": {
                "O": 408,
                "B": 3
            }
        }
    },
    "Compliance": {
        "metrics": {
            "precision": 0.3921200750469043,
            "recall": 0.4793577981651376,
            "f1": 0.4313725490196078,
            "number": 436
        },
        "counts": {
            "reals": {
                "O": 411
            },
            "preds": {
                "O": 411
            }
        }
    },
    "EnergySpecificity": {
        "metrics": {
            "precision": 0.5682492581602374,
            "recall": 0.7365384615384616,
            "f1": 0.6415410385259631,
            "number": 520
        },
        "counts": {
            "reals": {
                "O": 357,
                "B": 25,
                "I": 29
            },
            "preds": {
                "O": 356,
                "B": 26,
                "I": 29
            }
        }
    },
    "InstrumentType": {
        "metrics": {
            "precision": 0.42084942084942084,
            "recall": 0.4560669456066946,
            "f1": 0.4377510040160642,
            "number": 717
        },
        "counts": {
            "reals": {
                "O": 403,
                "B": 4,
                "I": 4
            },
            "preds": {
                "O": 405,
                "B": 3,
                "I": 3
            }
        }
    },
    "Objective": {
        "metrics": {
            "precision": 0.13716814159292035,
            "recall": 0.1781609195402299,
            "f1": 0.155,
            "number": 174
        },
        "counts": {
            "reals": {
                "O": 411
            },
            "preds": {
                "O": 411
            }
        }
    },
    "Reference": {
        "metrics": {
            "precision": 0.5981308411214953,
            "recall": 0.6906474820143885,
            "f1": 0.6410684474123539,
            "number": 278
        },
        "counts": {
            "reals": {
                "O": 405,
                "B": 3,
                "I": 3
            },
            "preds": {
                "O": 408,
                "B": 2,
                "I": 1
            }
        }
    },
    "Resource": {
        "metrics": {
            "precision": 0.1875,
            "recall": 0.04285714285714286,
            "f1": 0.0697674418604651,
            "number": 140
        },
        "counts": {
            "reals": {
                "O": 411
            },
            "preds": {
                "O": 411
            }
        }
    },
    "Reversibility": {
        "metrics": {
            "precision": 0.0,
            "recall": 0.0,
            "f1": 0.0,
            "number": 3
        },
        "counts": {
            "reals": {
                "O": 411
            },
            "preds": {
                "O": 411
            }
        }
    },
    "TechnologySpecificity": {
        "metrics": {
            "precision": 0.37925925925925924,
            "recall": 0.4740740740740741,
            "f1": 0.42139917695473256,
            "number": 540
        },
        "counts": {
            "reals": {
                "O": 404,
                "B": 1,
                "I": 6
            },
            "preds": {
                "O": 401,
                "B": 5,
                "I": 5
            }
        }
    },
    "Time": {
        "metrics": {
            "precision": 0.4965986394557823,
            "recall": 0.47096774193548385,
            "f1": 0.4834437086092715,
            "number": 155
        },
        "counts": {
            "reals": {
                "O": 411
            },
            "preds": {
                "O": 411
            }
        }
    }
}