{
    "Actor": {
        "metrics": {
            "precision": 0.739202657807309,
            "recall": 0.8917835671342685,
            "f1": 0.8083560399636696,
            "number": 998
        },
        "counts": {
            "reals": {
                "O": 53,
                "B": 5
            },
            "preds": {
                "O": 53,
                "B": 5
            }
        }
    },
    "ApplicationSpecificity": {
        "metrics": {
            "precision": 0.3009478672985782,
            "recall": 0.4635036496350365,
            "f1": 0.3649425287356322,
            "number": 274
        },
        "counts": {
            "reals": {
                "O": 58
            },
            "preds": {
                "O": 58
            }
        }
    },
    "Compliance": {
        "metrics": {
            "precision": 0.4452054794520548,
            "recall": 0.5718475073313783,
            "f1": 0.5006418485237484,
            "number": 341
        },
        "counts": {
            "reals": {
                "O": 58
            },
            "preds": {
                "O": 58
            }
        }
    },
    "EnergySpecificity": {
        "metrics": {
            "precision": 0.6,
            "recall": 0.6165644171779141,
            "f1": 0.6081694402420575,
            "number": 326
        },
        "counts": {
            "reals": {
                "O": 58
            },
            "preds": {
                "O": 58
            }
        }
    },
    "InstrumentType": {
        "metrics": {
            "precision": 0.5139664804469274,
            "recall": 0.5348837209302325,
            "f1": 0.5242165242165242,
            "number": 688
        },
        "counts": {
            "reals": {
                "O": 58
            },
            "preds": {
                "O": 58
            }
        }
    },
    "Objective": {
        "metrics": {
            "precision": 0.18900343642611683,
            "recall": 0.2570093457943925,
            "f1": 0.21782178217821782,
            "number": 214
        },
        "counts": {
            "reals": {
                "O": 58
            },
            "preds": {
                "O": 58
            }
        }
    },
    "Reference": {
        "metrics": {
            "precision": 0.7172131147540983,
            "recall": 0.7882882882882883,
            "f1": 0.7510729613733904,
            "number": 222
        },
        "counts": {
            "reals": {
                "O": 42,
                "B": 2,
                "I": 14
            },
            "preds": {
                "O": 42,
                "B": 2,
                "I": 14
            }
        }
    },
    "Resource": {
        "metrics": {
            "precision": 0.22727272727272727,
            "recall": 0.06097560975609756,
            "f1": 0.09615384615384616,
            "number": 82
        },
        "counts": {
            "reals": {
                "O": 58
            },
            "preds": {
                "O": 58
            }
        }
    },
    "Reversibility": {
        "metrics": {
            "precision": 0.0,
            "recall": 0.0,
            "f1": 0.0,
            "number": 2
        },
        "counts": {
            "reals": {
                "O": 58
            },
            "preds": {
                "O": 58
            }
        }
    },
    "TechnologySpecificity": {
        "metrics": {
            "precision": 0.3975609756097561,
            "recall": 0.46438746438746437,
            "f1": 0.42838370565045997,
            "number": 351
        },
        "counts": {
            "reals": {
                "O": 58
            },
            "preds": {
                "O": 58
            }
        }
    },
    "Time": {
        "metrics": {
            "precision": 0.49473684210526314,
            "recall": 0.573170731707317,
            "f1": 0.5310734463276836,
            "number": 164
        },
        "counts": {
            "reals": {
                "O": 58
            },
            "preds": {
                "O": 58
            }
        }
    }
}