{
    "Actor": {
        "metrics": {
            "precision": 0.7458563535911602,
            "recall": 0.7566052842273819,
            "f1": 0.7511923688394275,
            "number": 1249
        },
        "counts": {
            "reals": {
                "O": 397,
                "B": 10,
                "I": 1
            },
            "preds": {
                "O": 397,
                "B": 10,
                "I": 1
            }
        }
    },
    "ApplicationSpecificity": {
        "metrics": {
            "precision": 0.28289473684210525,
            "recall": 0.1423841059602649,
            "f1": 0.1894273127753304,
            "number": 302
        },
        "counts": {
            "reals": {
                "O": 366,
                "B": 9,
                "I": 33
            },
            "preds": {
                "O": 379,
                "B": 13,
                "I": 16
            }
        }
    },
    "Compliance": {
        "metrics": {
            "precision": 0.5846153846153846,
            "recall": 0.30978260869565216,
            "f1": 0.40497335701598575,
            "number": 368
        },
        "counts": {
            "reals": {
                "O": 380,
                "B": 7,
                "I": 21
            },
            "preds": {
                "O": 406,
                "B": 2
            }
        }
    },
    "EnergySpecificity": {
        "metrics": {
            "precision": 0.5811320754716981,
            "recall": 0.4265927977839335,
            "f1": 0.4920127795527156,
            "number": 361
        },
        "counts": {
            "reals": {
                "O": 388,
                "B": 18,
                "I": 2
            },
            "preds": {
                "O": 405,
                "B": 3
            }
        }
    },
    "InstrumentType": {
        "metrics": {
            "precision": 0.4377358490566038,
            "recall": 0.15803814713896458,
            "f1": 0.23223223223223224,
            "number": 734
        },
        "counts": {
            "reals": {
                "O": 406,
                "B": 2
            },
            "preds": {
                "O": 407,
                "B": 1
            }
        }
    },
    "Objective": {
        "metrics": {
            "precision": 0.0425531914893617,
            "recall": 0.03428571428571429,
            "f1": 0.0379746835443038,
            "number": 175
        },
        "counts": {
            "reals": {
                "O": 401,
                "B": 1,
                "I": 6
            },
            "preds": {
                "O": 408
            }
        }
    },
    "Reference": {
        "metrics": {
            "precision": 0.7395348837209302,
            "recall": 0.6259842519685039,
            "f1": 0.6780383795309168,
            "number": 254
        },
        "counts": {
            "reals": {
                "O": 391,
                "B": 2,
                "I": 15
            },
            "preds": {
                "O": 391,
                "B": 2,
                "I": 15
            }
        }
    },
    "Resource": {
        "metrics": {
            "precision": 0.0,
            "recall": 0.0,
            "f1": 0.0,
            "number": 71
        },
        "counts": {
            "reals": {
                "O": 408
            },
            "preds": {
                "O": 408
            }
        }
    },
    "Reversibility": {
        "metrics": {
            "precision": 0.0,
            "recall": 0.0,
            "f1": 0.0,
            "number": 5
        },
        "counts": {
            "reals": {
                "O": 408
            },
            "preds": {
                "O": 408
            }
        }
    },
    "TechnologySpecificity": {
        "metrics": {
            "precision": 0.3950617283950617,
            "recall": 0.2661122661122661,
            "f1": 0.31801242236024846,
            "number": 481
        },
        "counts": {
            "reals": {
                "O": 373,
                "B": 12,
                "I": 23
            },
            "preds": {
                "O": 387,
                "B": 11,
                "I": 10
            }
        }
    },
    "Time": {
        "metrics": {
            "precision": 0.3055555555555556,
            "recall": 0.3142857142857143,
            "f1": 0.3098591549295775,
            "number": 175
        },
        "counts": {
            "reals": {
                "O": 396,
                "B": 4,
                "I": 8
            },
            "preds": {
                "O": 397,
                "B": 5,
                "I": 6
            }
        }
    }
}