{
    "Actor": {
        "_": {
            "precision": 0.7381905524419535,
            "recall": 0.8389444949954504,
            "f1": 0.7853492333901192,
            "number": 1099
        },
        "overall_precision": 0.7381905524419535,
        "overall_recall": 0.8389444949954504,
        "overall_f1": 0.7853492333901192,
        "overall_accuracy": 0.979980807165325
    },
    "InstrumentType": {
        "_": {
            "precision": 0.4046875,
            "recall": 0.3597222222222222,
            "f1": 0.3808823529411765,
            "number": 720
        },
        "overall_precision": 0.4046875,
        "overall_recall": 0.3597222222222222,
        "overall_f1": 0.3808823529411765,
        "overall_accuracy": 0.9650530468625047
    },
    "Objective": {
        "_": {
            "precision": 0.14689265536723164,
            "recall": 0.21224489795918366,
            "f1": 0.17362270450751252,
            "number": 245
        },
        "overall_precision": 0.14689265536723164,
        "overall_recall": 0.21224489795918366,
        "overall_f1": 0.17362270450751252,
        "overall_accuracy": 0.9499120328410726
    },
    "Resource": {
        "_": {
            "precision": 0.0,
            "recall": 0.0,
            "f1": 0.0,
            "number": 109
        },
        "overall_precision": 0.0,
        "overall_recall": 0.0,
        "overall_f1": 0.0,
        "overall_accuracy": 0.9934157914378632
    },
    "Time": {
        "_": {
            "precision": 0.37735849056603776,
            "recall": 0.29850746268656714,
            "f1": 0.3333333333333333,
            "number": 201
        },
        "overall_precision": 0.37735849056603776,
        "overall_recall": 0.29850746268656714,
        "overall_f1": 0.3333333333333333,
        "overall_accuracy": 0.989390627499067
    },
    "overall_f1": 0.30961118473715316
}