{
    "Actor": {
        "_": {
            "precision": 0.7758928571428572,
            "recall": 0.819038642789821,
            "f1": 0.7968821641448876,
            "number": 1061
        },
        "overall_precision": 0.7758928571428572,
        "overall_recall": 0.819038642789821,
        "overall_f1": 0.7968821641448876,
        "overall_accuracy": 0.9808648739779146
    },
    "InstrumentType": {
        "_": {
            "precision": 0.4217207334273625,
            "recall": 0.5146299483648882,
            "f1": 0.4635658914728682,
            "number": 581
        },
        "overall_precision": 0.4217207334273625,
        "overall_recall": 0.5146299483648882,
        "overall_f1": 0.4635658914728682,
        "overall_accuracy": 0.9651296748995476
    },
    "Objective": {
        "_": {
            "precision": 0.08547008547008547,
            "recall": 0.10309278350515463,
            "f1": 0.09345794392523364,
            "number": 194
        },
        "overall_precision": 0.08547008547008547,
        "overall_recall": 0.10309278350515463,
        "overall_f1": 0.09345794392523364,
        "overall_accuracy": 0.9588355952682008
    },
    "Resource": {
        "_": {
            "precision": 0.0,
            "recall": 0.0,
            "f1": 0.0,
            "number": 116
        },
        "overall_precision": 0.0,
        "overall_recall": 0.0,
        "overall_f1": 0.0,
        "overall_accuracy": 0.9931158504032145
    },
    "Time": {
        "_": {
            "precision": 0.31333333333333335,
            "recall": 0.29012345679012347,
            "f1": 0.30128205128205127,
            "number": 162
        },
        "overall_precision": 0.31333333333333335,
        "overall_recall": 0.29012345679012347,
        "overall_f1": 0.30128205128205127,
        "overall_accuracy": 0.988732473517098
    },
    "overall_f1": 0.3213330508210277
}