{
    "Actor": {
        "metrics": {
            "precision": [
                0.7381905524419535,
                0.7758928571428572,
                0.7296
            ],
            "recall": [
                0.8389444949954504,
                0.819038642789821,
                0.8172043010752689
            ],
            "f1": [
                0.7853492333901192,
                0.7968821641448876,
                0.7709213863060017
            ],
            "number": [
                1099,
                1061,
                1116
            ]
        },
        "counts": {
            "reals": {
                "O": [
                    174,
                    46,
                    88
                ],
                "B": [
                    1,
                    4,
                    2
                ],
                "I": [
                    1,
                    5,
                    9
                ]
            },
            "preds": {
                "O": [
                    174,
                    46,
                    95
                ],
                "B": [
                    1,
                    4,
                    3
                ],
                "I": [
                    1,
                    5,
                    1
                ]
            }
        }
    },
    "InstrumentType": {
        "metrics": {
            "precision": [
                0.4046875,
                0.4217207334273625,
                0.3248175182481752
            ],
            "recall": [
                0.3597222222222222,
                0.5146299483648882,
                0.29132569558101473
            ],
            "f1": [
                0.3808823529411765,
                0.4635658914728682,
                0.30716134598792066
            ],
            "number": [
                720,
                581,
                611
            ]
        },
        "counts": {
            "reals": {
                "O": [
                    176,
                    55,
                    98
                ],
                "B": [
                    0,
                    0,
                    1
                ],
                "I": [
                    0,
                    0,
                    0
                ]
            },
            "preds": {
                "O": [
                    175,
                    55,
                    98
                ],
                "B": [
                    1,
                    0,
                    1
                ],
                "I": [
                    0,
                    0,
                    0
                ]
            }
        }
    },
    "Objective": {
        "metrics": {
            "precision": [
                0.14689265536723164,
                0.08547008547008547,
                0.08898305084745763
            ],
            "recall": [
                0.21224489795918366,
                0.10309278350515463,
                0.12650602409638553
            ],
            "f1": [
                0.17362270450751252,
                0.09345794392523364,
                0.1044776119402985
            ],
            "number": [
                245,
                194,
                166
            ]
        },
        "counts": {
            "reals": {
                "O": [
                    168,
                    55,
                    99
                ],
                "B": [
                    1,
                    0,
                    0
                ],
                "I": [
                    7,
                    0,
                    0
                ]
            },
            "preds": {
                "O": [
                    170,
                    55,
                    99
                ],
                "B": [
                    2,
                    0,
                    0
                ],
                "I": [
                    4,
                    0,
                    0
                ]
            }
        }
    },
    "Resource": {
        "metrics": {
            "precision": [
                0.0,
                0.0,
                0.0
            ],
            "recall": [
                0.0,
                0.0,
                0.0
            ],
            "f1": [
                0.0,
                0.0,
                0.0
            ],
            "number": [
                109,
                116,
                125
            ]
        },
        "counts": {
            "reals": {
                "O": [
                    176,
                    55,
                    99
                ],
                "B": [
                    0,
                    0,
                    0
                ],
                "I": [
                    0,
                    0,
                    0
                ]
            },
            "preds": {
                "O": [
                    176,
                    55,
                    99
                ],
                "B": [
                    0,
                    0,
                    0
                ],
                "I": [
                    0,
                    0,
                    0
                ]
            }
        }
    },
    "Time": {
        "metrics": {
            "precision": [
                0.37735849056603776,
                0.31333333333333335,
                0.16883116883116883
            ],
            "recall": [
                0.29850746268656714,
                0.29012345679012347,
                0.16560509554140126
            ],
            "f1": [
                0.3333333333333333,
                0.30128205128205127,
                0.16720257234726688
            ],
            "number": [
                201,
                162,
                157
            ]
        },
        "counts": {
            "reals": {
                "O": [
                    176,
                    55,
                    99
                ],
                "B": [
                    0,
                    0,
                    0
                ],
                "I": [
                    0,
                    0,
                    0
                ]
            },
            "preds": {
                "O": [
                    176,
                    55,
                    99
                ],
                "B": [
                    0,
                    0,
                    0
                ],
                "I": [
                    0,
                    0,
                    0
                ]
            }
        }
    }
}