{
    "Actor": {
        "metrics": {
            "precision": 0.7296,
            "recall": 0.8172043010752689,
            "f1": 0.7709213863060017,
            "number": 1116
        },
        "counts": {
            "reals": {
                "O": 88,
                "B": 2,
                "I": 9
            },
            "preds": {
                "O": 95,
                "B": 3,
                "I": 1
            }
        }
    },
    "InstrumentType": {
        "metrics": {
            "precision": 0.3248175182481752,
            "recall": 0.29132569558101473,
            "f1": 0.30716134598792066,
            "number": 611
        },
        "counts": {
            "reals": {
                "O": 98,
                "B": 1
            },
            "preds": {
                "O": 98,
                "B": 1
            }
        }
    },
    "Objective": {
        "metrics": {
            "precision": 0.08898305084745763,
            "recall": 0.12650602409638553,
            "f1": 0.1044776119402985,
            "number": 166
        },
        "counts": {
            "reals": {
                "O": 99
            },
            "preds": {
                "O": 99
            }
        }
    },
    "Resource": {
        "metrics": {
            "precision": 0.0,
            "recall": 0.0,
            "f1": 0.0,
            "number": 125
        },
        "counts": {
            "reals": {
                "O": 99
            },
            "preds": {
                "O": 99
            }
        }
    },
    "Time": {
        "metrics": {
            "precision": 0.16883116883116883,
            "recall": 0.16560509554140126,
            "f1": 0.16720257234726688,
            "number": 157
        },
        "counts": {
            "reals": {
                "O": 99
            },
            "preds": {
                "O": 99
            }
        }
    }
}