{
    "Actor": {
        "metrics": {
            "precision": 0.7381905524419535,
            "recall": 0.8389444949954504,
            "f1": 0.7853492333901192,
            "number": 1099
        },
        "counts": {
            "reals": {
                "O": 174,
                "B": 1,
                "I": 1
            },
            "preds": {
                "O": 174,
                "B": 1,
                "I": 1
            }
        }
    },
    "InstrumentType": {
        "metrics": {
            "precision": 0.4046875,
            "recall": 0.3597222222222222,
            "f1": 0.3808823529411765,
            "number": 720
        },
        "counts": {
            "reals": {
                "O": 176
            },
            "preds": {
                "O": 175,
                "B": 1
            }
        }
    },
    "Objective": {
        "metrics": {
            "precision": 0.14689265536723164,
            "recall": 0.21224489795918366,
            "f1": 0.17362270450751252,
            "number": 245
        },
        "counts": {
            "reals": {
                "O": 168,
                "B": 1,
                "I": 7
            },
            "preds": {
                "O": 170,
                "B": 2,
                "I": 4
            }
        }
    },
    "Resource": {
        "metrics": {
            "precision": 0.0,
            "recall": 0.0,
            "f1": 0.0,
            "number": 109
        },
        "counts": {
            "reals": {
                "O": 176
            },
            "preds": {
                "O": 176
            }
        }
    },
    "Time": {
        "metrics": {
            "precision": 0.37735849056603776,
            "recall": 0.29850746268656714,
            "f1": 0.3333333333333333,
            "number": 201
        },
        "counts": {
            "reals": {
                "O": 176
            },
            "preds": {
                "O": 176
            }
        }
    }
}