{
    "Actor": {
        "metrics": {
            "precision": 0.7758928571428572,
            "recall": 0.819038642789821,
            "f1": 0.7968821641448876,
            "number": 1061
        },
        "counts": {
            "reals": {
                "O": 46,
                "B": 4,
                "I": 5
            },
            "preds": {
                "O": 46,
                "B": 4,
                "I": 5
            }
        }
    },
    "InstrumentType": {
        "metrics": {
            "precision": 0.4217207334273625,
            "recall": 0.5146299483648882,
            "f1": 0.4635658914728682,
            "number": 581
        },
        "counts": {
            "reals": {
                "O": 55
            },
            "preds": {
                "O": 55
            }
        }
    },
    "Objective": {
        "metrics": {
            "precision": 0.08547008547008547,
            "recall": 0.10309278350515463,
            "f1": 0.09345794392523364,
            "number": 194
        },
        "counts": {
            "reals": {
                "O": 55
            },
            "preds": {
                "O": 55
            }
        }
    },
    "Resource": {
        "metrics": {
            "precision": 0.0,
            "recall": 0.0,
            "f1": 0.0,
            "number": 116
        },
        "counts": {
            "reals": {
                "O": 55
            },
            "preds": {
                "O": 55
            }
        }
    },
    "Time": {
        "metrics": {
            "precision": 0.31333333333333335,
            "recall": 0.29012345679012347,
            "f1": 0.30128205128205127,
            "number": 162
        },
        "counts": {
            "reals": {
                "O": 55
            },
            "preds": {
                "O": 55
            }
        }
    }
}