{
    "Actor": {
        "_": {
            "precision": 0.7206809583858764,
            "recall": 0.774390243902439,
            "f1": 0.7465708687132593,
            "number": 1476
        },
        "overall_precision": 0.7206809583858764,
        "overall_recall": 0.774390243902439,
        "overall_f1": 0.7465708687132593,
        "overall_accuracy": 0.9765762981278701
    },
    "InstrumentType": {
        "_": {
            "precision": 0.20793950850661624,
            "recall": 0.11904761904761904,
            "f1": 0.151410874053682,
            "number": 924
        },
        "overall_precision": 0.20793950850661624,
        "overall_recall": 0.11904761904761904,
        "overall_f1": 0.151410874053682,
        "overall_accuracy": 0.9529539032144119
    },
    "Objective": {
        "_": {
            "precision": 0.09294871794871795,
            "recall": 0.14356435643564355,
            "f1": 0.11284046692607004,
            "number": 202
        },
        "overall_precision": 0.09294871794871795,
        "overall_recall": 0.14356435643564355,
        "overall_f1": 0.11284046692607004,
        "overall_accuracy": 0.9604159307665135
    },
    "Resource": {
        "_": {
            "precision": 0.11363636363636363,
            "recall": 0.045454545454545456,
            "f1": 0.06493506493506494,
            "number": 110
        },
        "overall_precision": 0.11363636363636363,
        "overall_recall": 0.045454545454545456,
        "overall_f1": 0.06493506493506494,
        "overall_accuracy": 0.9929132815259626
    },
    "Time": {
        "_": {
            "precision": 0.24793388429752067,
            "recall": 0.36585365853658536,
            "f1": 0.2955665024630542,
            "number": 164
        },
        "overall_precision": 0.24793388429752067,
        "overall_recall": 0.36585365853658536,
        "overall_f1": 0.2955665024630542,
        "overall_accuracy": 0.98697456729071
    },
    "overall_f1": 0.258393981211853
}