{
    "Actor": {
        "_": {
            "precision": 0.6564364876385337,
            "recall": 0.652542372881356,
            "f1": 0.6544836379090522,
            "number": 1180
        },
        "overall_precision": 0.6564364876385337,
        "overall_recall": 0.652542372881356,
        "overall_f1": 0.6544836379090522,
        "overall_accuracy": 0.9656824230135598
    },
    "InstrumentType": {
        "_": {
            "precision": 0.20855614973262032,
            "recall": 0.06260032102728733,
            "f1": 0.0962962962962963,
            "number": 623
        },
        "overall_precision": 0.20855614973262032,
        "overall_recall": 0.06260032102728733,
        "overall_f1": 0.0962962962962963,
        "overall_accuracy": 0.9592953998225827
    },
    "Objective": {
        "_": {
            "precision": 0.0811965811965812,
            "recall": 0.08636363636363636,
            "f1": 0.08370044052863437,
            "number": 220
        },
        "overall_precision": 0.0811965811965812,
        "overall_recall": 0.08636363636363636,
        "overall_f1": 0.08370044052863437,
        "overall_accuracy": 0.9539982258268914
    },
    "Resource": {
        "_": {
            "precision": 0.0,
            "recall": 0.0,
            "f1": 0.0,
            "number": 110
        },
        "overall_precision": 0.0,
        "overall_recall": 0.0,
        "overall_f1": 0.0,
        "overall_accuracy": 0.9899125586110759
    },
    "Time": {
        "_": {
            "precision": 0.24157303370786518,
            "recall": 0.20673076923076922,
            "f1": 0.2227979274611399,
            "number": 208
        },
        "overall_precision": 0.24157303370786518,
        "overall_recall": 0.20673076923076922,
        "overall_f1": 0.2227979274611399,
        "overall_accuracy": 0.9853503991889494
    },
    "overall_f1": 0.21709442936424292
}