{
    "Actor": {
        "metrics": {
            "precision": [
                0.7206809583858764,
                0.6435555555555555,
                0.6564364876385337
            ],
            "recall": [
                0.774390243902439,
                0.5819935691318328,
                0.652542372881356
            ],
            "f1": [
                0.7465708687132593,
                0.6112283663993245,
                0.6544836379090522
            ],
            "number": [
                1476,
                1244,
                1180
            ]
        },
        "counts": {
            "reals": {
                "O": [
                    400,
                    473,
                    29
                ],
                "B": [
                    44,
                    12,
                    0
                ],
                "I": [
                    68,
                    1,
                    0
                ]
            },
            "preds": {
                "O": [
                    421,
                    478,
                    29
                ],
                "B": [
                    50,
                    8,
                    0
                ],
                "I": [
                    41,
                    0,
                    0
                ]
            }
        }
    },
    "InstrumentType": {
        "metrics": {
            "precision": [
                0.20793950850661624,
                0.1694915254237288,
                0.20855614973262032
            ],
            "recall": [
                0.11904761904761904,
                0.06925207756232687,
                0.06260032102728733
            ],
            "f1": [
                0.151410874053682,
                0.09832841691248771,
                0.0962962962962963
            ],
            "number": [
                924,
                722,
                623
            ]
        },
        "counts": {
            "reals": {
                "O": [
                    492,
                    482,
                    29
                ],
                "B": [
                    15,
                    4,
                    0
                ],
                "I": [
                    5,
                    0,
                    0
                ]
            },
            "preds": {
                "O": [
                    512,
                    486,
                    29
                ],
                "B": [
                    0,
                    0,
                    0
                ],
                "I": [
                    0,
                    0,
                    0
                ]
            }
        }
    },
    "Objective": {
        "metrics": {
            "precision": [
                0.09294871794871795,
                0.13756613756613756,
                0.0811965811965812
            ],
            "recall": [
                0.14356435643564355,
                0.15853658536585366,
                0.08636363636363636
            ],
            "f1": [
                0.11284046692607004,
                0.14730878186968838,
                0.08370044052863437
            ],
            "number": [
                202,
                164,
                220
            ]
        },
        "counts": {
            "reals": {
                "O": [
                    505,
                    473,
                    29
                ],
                "B": [
                    1,
                    2,
                    0
                ],
                "I": [
                    6,
                    11,
                    0
                ]
            },
            "preds": {
                "O": [
                    495,
                    483,
                    29
                ],
                "B": [
                    2,
                    1,
                    0
                ],
                "I": [
                    15,
                    2,
                    0
                ]
            }
        }
    },
    "Resource": {
        "metrics": {
            "precision": [
                0.11363636363636363,
                0.0,
                0.0
            ],
            "recall": [
                0.045454545454545456,
                0.0,
                0.0
            ],
            "f1": [
                0.06493506493506494,
                0.0,
                0.0
            ],
            "number": [
                110,
                75,
                110
            ]
        },
        "counts": {
            "reals": {
                "O": [
                    512,
                    486,
                    29
                ],
                "B": [
                    0,
                    0,
                    0
                ],
                "I": [
                    0,
                    0,
                    0
                ]
            },
            "preds": {
                "O": [
                    512,
                    486,
                    29
                ],
                "B": [
                    0,
                    0,
                    0
                ],
                "I": [
                    0,
                    0,
                    0
                ]
            }
        }
    },
    "Time": {
        "metrics": {
            "precision": [
                0.24793388429752067,
                0.2565789473684211,
                0.24157303370786518
            ],
            "recall": [
                0.36585365853658536,
                0.2215909090909091,
                0.20673076923076922
            ],
            "f1": [
                0.2955665024630542,
                0.23780487804878048,
                0.2227979274611399
            ],
            "number": [
                164,
                176,
                208
            ]
        },
        "counts": {
            "reals": {
                "O": [
                    506,
                    475,
                    14
                ],
                "B": [
                    2,
                    5,
                    1
                ],
                "I": [
                    4,
                    6,
                    14
                ]
            },
            "preds": {
                "O": [
                    495,
                    474,
                    11
                ],
                "B": [
                    3,
                    6,
                    1
                ],
                "I": [
                    14,
                    6,
                    17
                ]
            }
        }
    }
}