{
    "Actor": {
        "metrics": {
            "precision": 0.6564364876385337,
            "recall": 0.652542372881356,
            "f1": 0.6544836379090522,
            "number": 1180
        },
        "counts": {
            "reals": {
                "O": 29
            },
            "preds": {
                "O": 29
            }
        }
    },
    "InstrumentType": {
        "metrics": {
            "precision": 0.20855614973262032,
            "recall": 0.06260032102728733,
            "f1": 0.0962962962962963,
            "number": 623
        },
        "counts": {
            "reals": {
                "O": 29
            },
            "preds": {
                "O": 29
            }
        }
    },
    "Objective": {
        "metrics": {
            "precision": 0.0811965811965812,
            "recall": 0.08636363636363636,
            "f1": 0.08370044052863437,
            "number": 220
        },
        "counts": {
            "reals": {
                "O": 29
            },
            "preds": {
                "O": 29
            }
        }
    },
    "Resource": {
        "metrics": {
            "precision": 0.0,
            "recall": 0.0,
            "f1": 0.0,
            "number": 110
        },
        "counts": {
            "reals": {
                "O": 29
            },
            "preds": {
                "O": 29
            }
        }
    },
    "Time": {
        "metrics": {
            "precision": 0.24157303370786518,
            "recall": 0.20673076923076922,
            "f1": 0.2227979274611399,
            "number": 208
        },
        "counts": {
            "reals": {
                "O": 14,
                "B": 1,
                "I": 14
            },
            "preds": {
                "O": 11,
                "B": 1,
                "I": 17
            }
        }
    }
}