{
    "Actor": {
        "metrics": {
            "precision": 0.7206809583858764,
            "recall": 0.774390243902439,
            "f1": 0.7465708687132593,
            "number": 1476
        },
        "counts": {
            "reals": {
                "O": 400,
                "B": 44,
                "I": 68
            },
            "preds": {
                "O": 421,
                "B": 50,
                "I": 41
            }
        }
    },
    "InstrumentType": {
        "metrics": {
            "precision": 0.20793950850661624,
            "recall": 0.11904761904761904,
            "f1": 0.151410874053682,
            "number": 924
        },
        "counts": {
            "reals": {
                "O": 492,
                "B": 15,
                "I": 5
            },
            "preds": {
                "O": 512
            }
        }
    },
    "Objective": {
        "metrics": {
            "precision": 0.09294871794871795,
            "recall": 0.14356435643564355,
            "f1": 0.11284046692607004,
            "number": 202
        },
        "counts": {
            "reals": {
                "O": 505,
                "B": 1,
                "I": 6
            },
            "preds": {
                "O": 495,
                "B": 2,
                "I": 15
            }
        }
    },
    "Resource": {
        "metrics": {
            "precision": 0.11363636363636363,
            "recall": 0.045454545454545456,
            "f1": 0.06493506493506494,
            "number": 110
        },
        "counts": {
            "reals": {
                "O": 512
            },
            "preds": {
                "O": 512
            }
        }
    },
    "Time": {
        "metrics": {
            "precision": 0.24793388429752067,
            "recall": 0.36585365853658536,
            "f1": 0.2955665024630542,
            "number": 164
        },
        "counts": {
            "reals": {
                "O": 506,
                "B": 2,
                "I": 4
            },
            "preds": {
                "O": 495,
                "B": 3,
                "I": 14
            }
        }
    }
}