{
    "Actor": {
        "metrics": {
            "precision": 0.6435555555555555,
            "recall": 0.5819935691318328,
            "f1": 0.6112283663993245,
            "number": 1244
        },
        "counts": {
            "reals": {
                "O": 473,
                "B": 12,
                "I": 1
            },
            "preds": {
                "O": 478,
                "B": 8
            }
        }
    },
    "InstrumentType": {
        "metrics": {
            "precision": 0.1694915254237288,
            "recall": 0.06925207756232687,
            "f1": 0.09832841691248771,
            "number": 722
        },
        "counts": {
            "reals": {
                "O": 482,
                "B": 4
            },
            "preds": {
                "O": 486
            }
        }
    },
    "Objective": {
        "metrics": {
            "precision": 0.13756613756613756,
            "recall": 0.15853658536585366,
            "f1": 0.14730878186968838,
            "number": 164
        },
        "counts": {
            "reals": {
                "O": 473,
                "B": 2,
                "I": 11
            },
            "preds": {
                "O": 483,
                "B": 1,
                "I": 2
            }
        }
    },
    "Resource": {
        "metrics": {
            "precision": 0.0,
            "recall": 0.0,
            "f1": 0.0,
            "number": 75
        },
        "counts": {
            "reals": {
                "O": 486
            },
            "preds": {
                "O": 486
            }
        }
    },
    "Time": {
        "metrics": {
            "precision": 0.2565789473684211,
            "recall": 0.2215909090909091,
            "f1": 0.23780487804878048,
            "number": 176
        },
        "counts": {
            "reals": {
                "O": 475,
                "B": 5,
                "I": 6
            },
            "preds": {
                "O": 474,
                "B": 6,
                "I": 6
            }
        }
    }
}