{
    "Actor": {
        "_": {
            "precision": 0.8369845360824743,
            "recall": 0.8818737270875764,
            "f1": 0.8588429752066116,
            "number": 1473
        },
        "overall_precision": 0.8369845360824743,
        "overall_recall": 0.8818737270875764,
        "overall_f1": 0.8588429752066116,
        "overall_accuracy": 0.9858073060368613
    },
    "InstrumentType": {
        "_": {
            "precision": 0.4785714285714286,
            "recall": 0.4331896551724138,
            "f1": 0.4547511312217195,
            "number": 928
        },
        "overall_precision": 0.4785714285714286,
        "overall_recall": 0.4331896551724138,
        "overall_f1": 0.4547511312217195,
        "overall_accuracy": 0.9626089835558989
    },
    "Objective": {
        "_": {
            "precision": 0.11708860759493671,
            "recall": 0.18781725888324874,
            "f1": 0.1442495126705653,
            "number": 197
        },
        "overall_precision": 0.11708860759493671,
        "overall_recall": 0.18781725888324874,
        "overall_f1": 0.1442495126705653,
        "overall_accuracy": 0.96629511091491
    },
    "Resource": {
        "_": {
            "precision": 0.0,
            "recall": 0.0,
            "f1": 0.0,
            "number": 109
        },
        "overall_precision": 0.0,
        "overall_recall": 0.0,
        "overall_f1": 0.0,
        "overall_accuracy": 0.9947908619357687
    },
    "Time": {
        "_": {
            "precision": 0.37373737373737376,
            "recall": 0.4539877300613497,
            "f1": 0.4099722991689751,
            "number": 163
        },
        "overall_precision": 0.37373737373737376,
        "overall_recall": 0.4539877300613497,
        "overall_f1": 0.4099722991689751,
        "overall_accuracy": 0.9898907405363646
    },
    "overall_f1": 0.3443634348678671
}