{
    "Actor": {
        "_": {
            "precision": 0.8081113801452785,
            "recall": 0.8841059602649006,
            "f1": 0.8444022770398482,
            "number": 1510
        },
        "overall_precision": 0.8081113801452785,
        "overall_recall": 0.8841059602649006,
        "overall_f1": 0.8444022770398482,
        "overall_accuracy": 0.9857582840042812
    },
    "InstrumentType": {
        "_": {
            "precision": 0.44685714285714284,
            "recall": 0.42639040348964014,
            "f1": 0.4363839285714285,
            "number": 917
        },
        "overall_precision": 0.44685714285714284,
        "overall_recall": 0.42639040348964014,
        "overall_f1": 0.4363839285714285,
        "overall_accuracy": 0.9602455166990673
    },
    "Objective": {
        "_": {
            "precision": 0.1328125,
            "recall": 0.1717171717171717,
            "f1": 0.14977973568281938,
            "number": 198
        },
        "overall_precision": 0.1328125,
        "overall_recall": 0.1717171717171717,
        "overall_f1": 0.14977973568281938,
        "overall_accuracy": 0.9645704549922457
    },
    "Resource": {
        "_": {
            "precision": 0.0,
            "recall": 0.0,
            "f1": 0.0,
            "number": 107
        },
        "overall_precision": 0.0,
        "overall_recall": 0.0,
        "overall_f1": 0.0,
        "overall_accuracy": 0.9949105524125729
    },
    "Time": {
        "_": {
            "precision": 0.36554621848739494,
            "recall": 0.5240963855421686,
            "f1": 0.4306930693069307,
            "number": 166
        },
        "overall_precision": 0.36554621848739494,
        "overall_recall": 0.5240963855421686,
        "overall_f1": 0.4306930693069307,
        "overall_accuracy": 0.9888600074266617
    },
    "overall_f1": 0.33826665837942144
}