{
    "Actor": {
        "_": {
            "precision": 0.7923920051579626,
            "recall": 0.8326558265582655,
            "f1": 0.8120251073670299,
            "number": 1476
        },
        "overall_precision": 0.7923920051579626,
        "overall_recall": 0.8326558265582655,
        "overall_f1": 0.8120251073670299,
        "overall_accuracy": 0.9833760155422112
    },
    "InstrumentType": {
        "_": {
            "precision": 0.4182027649769585,
            "recall": 0.39285714285714285,
            "f1": 0.40513392857142855,
            "number": 924
        },
        "overall_precision": 0.4182027649769585,
        "overall_recall": 0.39285714285714285,
        "overall_f1": 0.40513392857142855,
        "overall_accuracy": 0.959599081596609
    },
    "Objective": {
        "_": {
            "precision": 0.07604562737642585,
            "recall": 0.09900990099009901,
            "f1": 0.08602150537634408,
            "number": 202
        },
        "overall_precision": 0.07604562737642585,
        "overall_recall": 0.09900990099009901,
        "overall_f1": 0.08602150537634408,
        "overall_accuracy": 0.9624028611797951
    },
    "Resource": {
        "_": {
            "precision": 0.0,
            "recall": 0.0,
            "f1": 0.0,
            "number": 110
        },
        "overall_precision": 0.0,
        "overall_recall": 0.0,
        "overall_f1": 0.0,
        "overall_accuracy": 0.994811903920876
    },
    "Time": {
        "_": {
            "precision": 0.31891891891891894,
            "recall": 0.3597560975609756,
            "f1": 0.33810888252149,
            "number": 164
        },
        "overall_precision": 0.31891891891891894,
        "overall_recall": 0.3597560975609756,
        "overall_f1": 0.33810888252149,
        "overall_accuracy": 0.9891822677499117
    },
    "overall_f1": 0.3172679872958558
}