{
    "Actor": {
        "precision": 0.7921102066374452,
        "recall": 0.8467202141900937,
        "f1": 0.8185053380782917,
        "number": 1494
    },
    "InstrumentType": {
        "precision": 0.4641350210970464,
        "recall": 0.37714285714285717,
        "f1": 0.416141235813367,
        "number": 875
    },
    "Objective": {
        "precision": 0.15763546798029557,
        "recall": 0.14222222222222222,
        "f1": 0.14953271028037382,
        "number": 225
    },
    "Resource": {
        "precision": 0.225,
        "recall": 0.08490566037735849,
        "f1": 0.1232876712328767,
        "number": 106
    },
    "Time": {
        "precision": 0.3206751054852321,
        "recall": 0.4523809523809524,
        "f1": 0.37530864197530867,
        "number": 168
    },
    "overall_precision": 0.6140602582496413,
    "overall_recall": 0.596931659693166,
    "overall_f1": 0.6053748231966054,
    "overall_accuracy": 0.905146338346185
}