{
    "Actor": {
        "precision": 0.8224414303329223,
        "recall": 0.8846153846153846,
        "f1": 0.8523961661341852,
        "number": 1508
    },
    "InstrumentType": {
        "precision": 0.457252641690682,
        "recall": 0.5415244596131968,
        "f1": 0.49583333333333335,
        "number": 879
    },
    "Objective": {
        "precision": 0.22594142259414227,
        "recall": 0.24434389140271492,
        "f1": 0.23478260869565218,
        "number": 221
    },
    "Resource": {
        "precision": 0.21428571428571427,
        "recall": 0.028037383177570093,
        "f1": 0.04958677685950413,
        "number": 107
    },
    "Time": {
        "precision": 0.34765625,
        "recall": 0.5329341317365269,
        "f1": 0.4208037825059101,
        "number": 167
    },
    "overall_precision": 0.6166456494325346,
    "overall_recall": 0.6786953504510757,
    "overall_f1": 0.6461843409316154,
    "overall_accuracy": 0.9083025709355409
}