{
    "Actor": {
        "precision": 0.8253164556962025,
        "recall": 0.8840677966101695,
        "f1": 0.853682487725041,
        "number": 1475
    },
    "InstrumentType": {
        "precision": 0.46979166666666666,
        "recall": 0.5119182746878547,
        "f1": 0.489951113525258,
        "number": 881
    },
    "Objective": {
        "precision": 0.16759776536312848,
        "recall": 0.13274336283185842,
        "f1": 0.14814814814814814,
        "number": 226
    },
    "Resource": {
        "precision": 0.0,
        "recall": 0.0,
        "f1": 0.0,
        "number": 110
    },
    "Time": {
        "precision": 0.3793103448275862,
        "recall": 0.5333333333333333,
        "f1": 0.4433249370277078,
        "number": 165
    },
    "overall_precision": 0.631490222521915,
    "overall_recall": 0.6555827791389569,
    "overall_f1": 0.6433110080714408,
    "overall_accuracy": 0.9063935005298481
}