{
    "Actor": {
        "precision": 0.8439716312056738,
        "recall": 0.8898708361658736,
        "f1": 0.8663136995367307,
        "number": 1471
    },
    "InstrumentType": {
        "precision": 0.5139056831922612,
        "recall": 0.4791431792559188,
        "f1": 0.4959159859976663,
        "number": 887
    },
    "Objective": {
        "precision": 0.1814516129032258,
        "recall": 0.20361990950226244,
        "f1": 0.19189765458422176,
        "number": 221
    },
    "Resource": {
        "precision": 0.0,
        "recall": 0.0,
        "f1": 0.0,
        "number": 109
    },
    "Time": {
        "precision": 0.36363636363636365,
        "recall": 0.4634146341463415,
        "f1": 0.40750670241286857,
        "number": 164
    },
    "overall_precision": 0.654320987654321,
    "overall_recall": 0.6504207573632539,
    "overall_f1": 0.6523650430807104,
    "overall_accuracy": 0.9095905529191038
}