{
    "Policydesigncharacteristics": {
        "_": {
            "precision": 0.625,
            "recall": 0.7502246181491464,
            "f1": 0.6819109840751327,
            "number": 2226
        },
        "overall_precision": 0.625,
        "overall_recall": 0.7502246181491464,
        "overall_f1": 0.6819109840751327,
        "overall_accuracy": 0.920479881091411
    },
    "Technologyandapplicationspecificity": {
        "_": {
            "precision": 0.48469809760132343,
            "recall": 0.6348862405200434,
            "f1": 0.5497185741088181,
            "number": 923
        },
        "overall_precision": 0.48469809760132343,
        "overall_recall": 0.6348862405200434,
        "overall_f1": 0.5497185741088181,
        "overall_accuracy": 0.9682291113706338
    },
    "Instrumenttypes": {
        "_": {
            "precision": 0.5600505689001264,
            "recall": 0.5821287779237845,
            "f1": 0.5708762886597938,
            "number": 761
        },
        "overall_precision": 0.5600505689001264,
        "overall_recall": 0.5821287779237845,
        "overall_f1": 0.5708762886597938,
        "overall_accuracy": 0.969078458435078
    },
    "overall_f1": 0.625386323248438
}