{
    "Policydesigncharacteristics": {
        "_": {
            "precision": 0.6751730103806228,
            "recall": 0.7111617312072893,
            "f1": 0.6927002440647881,
            "number": 2195
        },
        "overall_precision": 0.6751730103806228,
        "overall_recall": 0.7111617312072893,
        "overall_f1": 0.6927002440647881,
        "overall_accuracy": 0.9197368777239382
    },
    "Technologyandapplicationspecificity": {
        "_": {
            "precision": 0.5180467091295117,
            "recall": 0.5495495495495496,
            "f1": 0.5333333333333334,
            "number": 888
        },
        "overall_precision": 0.5180467091295117,
        "overall_recall": 0.5495495495495496,
        "overall_f1": 0.5333333333333334,
        "overall_accuracy": 0.9702498578814867
    },
    "Instrumenttypes": {
        "_": {
            "precision": 0.5023584905660378,
            "recall": 0.5772357723577236,
            "f1": 0.5372005044136192,
            "number": 738
        },
        "overall_precision": 0.5023584905660378,
        "overall_recall": 0.5772357723577236,
        "overall_f1": 0.5372005044136192,
        "overall_accuracy": 0.9683820145637638
    },
    "overall_f1": 0.620937872539361
}