{
    "Policydesigncharacteristics": {
        "_": {
            "precision": 0.5764358108108109,
            "recall": 0.7161594963273872,
            "f1": 0.638745905474965,
            "number": 1906
        },
        "overall_precision": 0.5764358108108109,
        "overall_recall": 0.7161594963273872,
        "overall_f1": 0.638745905474965,
        "overall_accuracy": 0.8998805256869773
    },
    "Technologyandapplicationspecificity": {
        "_": {
            "precision": 0.5322164948453608,
            "recall": 0.5942446043165468,
            "f1": 0.5615227736233855,
            "number": 695
        },
        "overall_precision": 0.5322164948453608,
        "overall_recall": 0.5942446043165468,
        "overall_f1": 0.5615227736233855,
        "overall_accuracy": 0.9755077658303465
    },
    "Instrumenttypes": {
        "_": {
            "precision": 0.4911080711354309,
            "recall": 0.5366218236173393,
            "f1": 0.5128571428571429,
            "number": 669
        },
        "overall_precision": 0.4911080711354309,
        "overall_recall": 0.5366218236173393,
        "overall_f1": 0.5128571428571429,
        "overall_accuracy": 0.9665173237753882
    },
    "overall_f1": 0.5955226866454937
}