{
    "Policydesigncharacteristics": {
        "_": {
            "precision": 0.6191744340878829,
            "recall": 0.6518691588785047,
            "f1": 0.6351012975187799,
            "number": 2140
        },
        "overall_precision": 0.6191744340878829,
        "overall_recall": 0.6518691588785047,
        "overall_f1": 0.6351012975187799,
        "overall_accuracy": 0.9044613325927235
    },
    "Technologyandapplicationspecificity": {
        "_": {
            "precision": 0.41496598639455784,
            "recall": 0.5435643564356436,
            "f1": 0.47063866266609516,
            "number": 1010
        },
        "overall_precision": 0.41496598639455784,
        "overall_recall": 0.5435643564356436,
        "overall_f1": 0.47063866266609516,
        "overall_accuracy": 0.9609664958214457
    },
    "Instrumenttypes": {
        "_": {
            "precision": 0.42140026420079263,
            "recall": 0.4953416149068323,
            "f1": 0.45538900785153463,
            "number": 644
        },
        "overall_precision": 0.42140026420079263,
        "overall_recall": 0.4953416149068323,
        "overall_f1": 0.45538900785153463,
        "overall_accuracy": 0.9666473098189714
    },
    "overall_f1": 0.5578274447089212
}