{
    "Policydesigncharacteristics": {
        "_": {
            "precision": 0.6524390243902439,
            "recall": 0.6864150943396227,
            "f1": 0.6689959543949981,
            "number": 2650
        },
        "overall_precision": 0.6524390243902439,
        "overall_recall": 0.6864150943396227,
        "overall_f1": 0.6689959543949981,
        "overall_accuracy": 0.9121688036521701
    },
    "Technologyandapplicationspecificity": {
        "_": {
            "precision": 0.53737658674189,
            "recall": 0.6150121065375302,
            "f1": 0.5735792246894994,
            "number": 1239
        },
        "overall_precision": 0.53737658674189,
        "overall_recall": 0.6150121065375302,
        "overall_f1": 0.5735792246894994,
        "overall_accuracy": 0.9681308839911754
    },
    "Instrumenttypes": {
        "_": {
            "precision": 0.4977738201246661,
            "recall": 0.5921610169491526,
            "f1": 0.5408805031446541,
            "number": 944
        },
        "overall_precision": 0.4977738201246661,
        "overall_recall": 0.5921610169491526,
        "overall_f1": 0.5408805031446541,
        "overall_accuracy": 0.9655752386361154
    },
    "overall_f1": 0.6201759806360712
}