{
    "Policydesigncharacteristics": {
        "_": {
            "precision": 0.5563953488372093,
            "recall": 0.7372881355932204,
            "f1": 0.6341948310139166,
            "number": 2596
        },
        "overall_precision": 0.5563953488372093,
        "overall_recall": 0.7372881355932204,
        "overall_f1": 0.6341948310139166,
        "overall_accuracy": 0.9052234192864712
    },
    "Technologyandapplicationspecificity": {
        "_": {
            "precision": 0.49789915966386555,
            "recall": 0.5866336633663366,
            "f1": 0.5386363636363636,
            "number": 1212
        },
        "overall_precision": 0.49789915966386555,
        "overall_recall": 0.5866336633663366,
        "overall_f1": 0.5386363636363636,
        "overall_accuracy": 0.963639173436948
    },
    "Instrumenttypes": {
        "_": {
            "precision": 0.5614973262032086,
            "recall": 0.553213909378293,
            "f1": 0.5573248407643311,
            "number": 949
        },
        "overall_precision": 0.5614973262032086,
        "overall_recall": 0.553213909378293,
        "overall_f1": 0.5573248407643311,
        "overall_accuracy": 0.9677896503002472
    },
    "overall_f1": 0.5939020942894981
}