{
    "Policydesigncharacteristics": {
        "_": {
            "precision": 0.614696734059098,
            "recall": 0.6590245935806586,
            "f1": 0.6360893180446591,
            "number": 2399
        },
        "overall_precision": 0.614696734059098,
        "overall_recall": 0.6590245935806586,
        "overall_f1": 0.6360893180446591,
        "overall_accuracy": 0.9096135116516616
    },
    "Technologyandapplicationspecificity": {
        "_": {
            "precision": 0.48557353976073186,
            "recall": 0.5660377358490566,
            "f1": 0.5227272727272727,
            "number": 1219
        },
        "overall_precision": 0.48557353976073186,
        "overall_recall": 0.5660377358490566,
        "overall_f1": 0.5227272727272727,
        "overall_accuracy": 0.9658645509181176
    },
    "Instrumenttypes": {
        "_": {
            "precision": 0.4318181818181818,
            "recall": 0.4476439790575916,
            "f1": 0.43958868894601544,
            "number": 764
        },
        "overall_precision": 0.4318181818181818,
        "overall_recall": 0.4476439790575916,
        "overall_f1": 0.43958868894601544,
        "overall_accuracy": 0.968453809060028
    },
    "overall_f1": 0.570682577390996
}