{
    "Policydesigncharacteristics": {
        "_": {
            "precision": 0.5848589807026224,
            "recall": 0.5414567109482363,
            "f1": 0.5623215984776403,
            "number": 2183
        },
        "overall_precision": 0.5848589807026224,
        "overall_recall": 0.5414567109482363,
        "overall_f1": 0.5623215984776403,
        "overall_accuracy": 0.8888347504080688
    },
    "Technologyandapplicationspecificity": {
        "_": {
            "precision": 0.3859790491539081,
            "recall": 0.46057692307692305,
            "f1": 0.4199912319158264,
            "number": 1040
        },
        "overall_precision": 0.3859790491539081,
        "overall_recall": 0.46057692307692305,
        "overall_f1": 0.4199912319158264,
        "overall_accuracy": 0.956561989914001
    },
    "Instrumenttypes": {
        "_": {
            "precision": 0.41402714932126694,
            "recall": 0.2859375,
            "f1": 0.3382624768946395,
            "number": 640
        },
        "overall_precision": 0.41402714932126694,
        "overall_recall": 0.2859375,
        "overall_f1": 0.3382624768946395,
        "overall_accuracy": 0.966794162788998
    },
    "overall_f1": 0.4839887099899808
}