{
    "Policydesigncharacteristics": {
        "_": {
            "precision": 0.6358049979516591,
            "recall": 0.6638152266894782,
            "f1": 0.6495082653274744,
            "number": 2338
        },
        "overall_precision": 0.6358049979516591,
        "overall_recall": 0.6638152266894782,
        "overall_f1": 0.6495082653274744,
        "overall_accuracy": 0.9090444309190505
    },
    "Technologyandapplicationspecificity": {
        "_": {
            "precision": 0.533281127642913,
            "recall": 0.578589634664401,
            "f1": 0.5550122249388754,
            "number": 1177
        },
        "overall_precision": 0.533281127642913,
        "overall_recall": 0.578589634664401,
        "overall_f1": 0.5550122249388754,
        "overall_accuracy": 0.9627510651247717
    },
    "Instrumenttypes": {
        "_": {
            "precision": 0.4582763337893297,
            "recall": 0.4855072463768116,
            "f1": 0.47149894440534834,
            "number": 690
        },
        "overall_precision": 0.4582763337893297,
        "overall_recall": 0.4855072463768116,
        "overall_f1": 0.47149894440534834,
        "overall_accuracy": 0.9707608034083993
    },
    "overall_f1": 0.5926107160398462
}