{
    "Policydesigncharacteristics": {
        "_": {
            "precision": 0.6928599920223375,
            "recall": 0.6691063174114021,
            "f1": 0.6807760141093474,
            "number": 2596
        },
        "overall_precision": 0.6928599920223375,
        "overall_recall": 0.6691063174114021,
        "overall_f1": 0.6807760141093474,
        "overall_accuracy": 0.9106721112459993
    },
    "Technologyandapplicationspecificity": {
        "_": {
            "precision": 0.5471394037066881,
            "recall": 0.5653621981681932,
            "f1": 0.5561015561015561,
            "number": 1201
        },
        "overall_precision": 0.5471394037066881,
        "overall_recall": 0.5653621981681932,
        "overall_f1": 0.5561015561015561,
        "overall_accuracy": 0.9694294228010153
    },
    "Instrumenttypes": {
        "_": {
            "precision": 0.5107361963190185,
            "recall": 0.34978991596638653,
            "f1": 0.415211970074813,
            "number": 952
        },
        "overall_precision": 0.5107361963190185,
        "overall_recall": 0.34978991596638653,
        "overall_f1": 0.415211970074813,
        "overall_accuracy": 0.9633815252179672
    },
    "overall_f1": 0.6005738108797213
}