{
    "Policydesigncharacteristics": {
        "_": {
            "precision": 0.5957630782533506,
            "recall": 0.6394431554524362,
            "f1": 0.6168307967770814,
            "number": 2155
        },
        "overall_precision": 0.5957630782533506,
        "overall_recall": 0.6394431554524362,
        "overall_f1": 0.6168307967770814,
        "overall_accuracy": 0.8929159802306426
    },
    "Technologyandapplicationspecificity": {
        "_": {
            "precision": 0.5283018867924528,
            "recall": 0.6,
            "f1": 0.5618729096989966,
            "number": 980
        },
        "overall_precision": 0.5283018867924528,
        "overall_recall": 0.6,
        "overall_f1": 0.5618729096989966,
        "overall_accuracy": 0.9648967177797491
    },
    "Instrumenttypes": {
        "_": {
            "precision": 0.48575305291723203,
            "recall": 0.5482388973966309,
            "f1": 0.5151079136690646,
            "number": 653
        },
        "overall_precision": 0.48575305291723203,
        "overall_recall": 0.5482388973966309,
        "overall_f1": 0.5151079136690646,
        "overall_accuracy": 0.966620200228108
    },
    "overall_f1": 0.584041648373346
}