{
    "Policydesigncharacteristics": {
        "metrics": {
            "precision": [
                0.6524390243902439,
                0.625,
                0.5606431317721077,
                0.614696734059098,
                0.55101246105919
            ],
            "recall": [
                0.6864150943396227,
                0.7502246181491464,
                0.7367937528709233,
                0.6590245935806586,
                0.7301341589267286
            ],
            "f1": [
                0.6689959543949981,
                0.6819109840751327,
                0.6367606192933704,
                0.6360893180446591,
                0.628051486906347
            ],
            "number": [
                2650,
                2226,
                2177,
                2399,
                1938
            ]
        },
        "counts": {
            "reals": {
                "O": [
                    312,
                    320,
                    14,
                    343,
                    37
                ],
                "B": [
                    49,
                    23,
                    1,
                    16,
                    7
                ],
                "I": [
                    79,
                    46,
                    14,
                    22,
                    14
                ]
            },
            "preds": {
                "O": [
                    343,
                    344,
                    14,
                    373,
                    37
                ],
                "B": [
                    50,
                    24,
                    1,
                    5,
                    7
                ],
                "I": [
                    47,
                    21,
                    14,
                    3,
                    14
                ]
            }
        }
    },
    "Technologyandapplicationspecificity": {
        "metrics": {
            "precision": [
                0.53737658674189,
                0.48469809760132343,
                0.4389367816091954,
                0.48557353976073186,
                0.4895833333333333
            ],
            "recall": [
                0.6150121065375302,
                0.6348862405200434,
                0.5807984790874525,
                0.5660377358490566,
                0.5747282608695652
            ],
            "f1": [
                0.5735792246894994,
                0.5497185741088181,
                0.5000000000000001,
                0.5227272727272727,
                0.52875
            ],
            "number": [
                1239,
                923,
                1052,
                1219,
                736
            ]
        },
        "counts": {
            "reals": {
                "O": [
                    432,
                    318,
                    29,
                    274,
                    58
                ],
                "B": [
                    4,
                    20,
                    0,
                    14,
                    0
                ],
                "I": [
                    4,
                    51,
                    0,
                    93,
                    0
                ]
            },
            "preds": {
                "O": [
                    432,
                    312,
                    29,
                    292,
                    58
                ],
                "B": [
                    4,
                    19,
                    0,
                    33,
                    0
                ],
                "I": [
                    4,
                    58,
                    0,
                    56,
                    0
                ]
            }
        }
    },
    "Instrumenttypes": {
        "metrics": {
            "precision": [
                0.4977738201246661,
                0.5600505689001264,
                0.4555112881806109,
                0.4318181818181818,
                0.5142857142857142
            ],
            "recall": [
                0.5921610169491526,
                0.5821287779237845,
                0.532608695652174,
                0.4476439790575916,
                0.5569620253164557
            ],
            "f1": [
                0.5408805031446541,
                0.5708762886597938,
                0.49105225483178244,
                0.43958868894601544,
                0.5347738014854828
            ],
            "number": [
                944,
                761,
                644,
                764,
                711
            ]
        },
        "counts": {
            "reals": {
                "O": [
                    420,
                    387,
                    29,
                    373,
                    58
                ],
                "B": [
                    15,
                    2,
                    0,
                    4,
                    0
                ],
                "I": [
                    5,
                    0,
                    0,
                    4,
                    0
                ]
            },
            "preds": {
                "O": [
                    424,
                    388,
                    29,
                    374,
                    58
                ],
                "B": [
                    14,
                    1,
                    0,
                    4,
                    0
                ],
                "I": [
                    2,
                    0,
                    0,
                    3,
                    0
                ]
            }
        }
    }
}