{
    "Policydesigncharacteristics": {
        "metrics": {
            "precision": [
                0.6928599920223375,
                0.6751730103806228,
                0.6191744340878829,
                0.6294117647058823,
                0.5764358108108109
            ],
            "recall": [
                0.6691063174114021,
                0.7111617312072893,
                0.6518691588785047,
                0.6888412017167382,
                0.7161594963273872
            ],
            "f1": [
                0.6807760141093474,
                0.6927002440647881,
                0.6351012975187799,
                0.6577868852459016,
                0.638745905474965
            ],
            "number": [
                2596,
                2195,
                2140,
                2330,
                1906
            ]
        },
        "counts": {
            "reals": {
                "O": [
                    357,
                    383,
                    14,
                    434,
                    37
                ],
                "B": [
                    54,
                    29,
                    1,
                    17,
                    7
                ],
                "I": [
                    88,
                    53,
                    14,
                    22,
                    14
                ]
            },
            "preds": {
                "O": [
                    396,
                    416,
                    14,
                    443,
                    37
                ],
                "B": [
                    51,
                    27,
                    1,
                    13,
                    7
                ],
                "I": [
                    52,
                    22,
                    14,
                    17,
                    14
                ]
            }
        }
    },
    "Technologyandapplicationspecificity": {
        "metrics": {
            "precision": [
                0.5471394037066881,
                0.5180467091295117,
                0.41496598639455784,
                0.5382308845577212,
                0.5322164948453608
            ],
            "recall": [
                0.5653621981681932,
                0.5495495495495496,
                0.5435643564356436,
                0.600836820083682,
                0.5942446043165468
            ],
            "f1": [
                0.5561015561015561,
                0.5333333333333334,
                0.47063866266609516,
                0.5678133649663899,
                0.5615227736233855
            ],
            "number": [
                1201,
                888,
                1010,
                1195,
                695
            ]
        },
        "counts": {
            "reals": {
                "O": [
                    489,
                    394,
                    29,
                    353,
                    58
                ],
                "B": [
                    5,
                    20,
                    0,
                    17,
                    0
                ],
                "I": [
                    5,
                    51,
                    0,
                    103,
                    0
                ]
            },
            "preds": {
                "O": [
                    489,
                    403,
                    29,
                    393,
                    58
                ],
                "B": [
                    5,
                    23,
                    0,
                    30,
                    0
                ],
                "I": [
                    5,
                    39,
                    0,
                    50,
                    0
                ]
            }
        }
    },
    "Instrumenttypes": {
        "metrics": {
            "precision": [
                0.5107361963190185,
                0.5023584905660378,
                0.42140026420079263,
                0.4495798319327731,
                0.4911080711354309
            ],
            "recall": [
                0.34978991596638653,
                0.5772357723577236,
                0.4953416149068323,
                0.46320346320346323,
                0.5366218236173393
            ],
            "f1": [
                0.415211970074813,
                0.5372005044136192,
                0.45538900785153463,
                0.4562899786780384,
                0.5128571428571429
            ],
            "number": [
                952,
                738,
                644,
                693,
                669
            ]
        },
        "counts": {
            "reals": {
                "O": [
                    479,
                    461,
                    29,
                    465,
                    58
                ],
                "B": [
                    15,
                    4,
                    0,
                    4,
                    0
                ],
                "I": [
                    5,
                    0,
                    0,
                    4,
                    0
                ]
            },
            "preds": {
                "O": [
                    491,
                    462,
                    29,
                    472,
                    58
                ],
                "B": [
                    8,
                    3,
                    0,
                    1,
                    0
                ],
                "I": [
                    0,
                    0,
                    0,
                    0,
                    0
                ]
            }
        }
    }
}