{
    "Policydesigncharacteristics": {
        "metrics": {
            "precision": [
                0.6194992412746586,
                0.5167597765363129,
                0.5848589807026224,
                0.5276911076443058,
                0.5178021978021978
            ],
            "recall": [
                0.6192643155100493,
                0.6699864191942055,
                0.5414567109482363,
                0.5696842105263158,
                0.6145018257694314
            ],
            "f1": [
                0.619381756116063,
                0.5834811748472306,
                0.5623215984776403,
                0.5478841870824054,
                0.5620229007633588
            ],
            "number": [
                2637,
                2209,
                2183,
                2375,
                1917
            ]
        },
        "counts": {
            "reals": {
                "O": [
                    295,
                    333,
                    14,
                    370,
                    39
                ],
                "B": [
                    47,
                    24,
                    1,
                    16,
                    7
                ],
                "I": [
                    80,
                    51,
                    14,
                    25,
                    14
                ]
            },
            "preds": {
                "O": [
                    334,
                    362,
                    26,
                    391,
                    39
                ],
                "B": [
                    44,
                    24,
                    2,
                    9,
                    7
                ],
                "I": [
                    44,
                    22,
                    1,
                    11,
                    14
                ]
            }
        }
    },
    "Technologyandapplicationspecificity": {
        "metrics": {
            "precision": [
                0.5075098814229249,
                0.46919917864476385,
                0.3859790491539081,
                0.40756302521008403,
                0.39436619718309857
            ],
            "recall": [
                0.5181598062953995,
                0.5027502750275028,
                0.46057692307692305,
                0.4794069192751236,
                0.5020689655172413
            ],
            "f1": [
                0.5127795527156549,
                0.4853956452469464,
                0.4199912319158264,
                0.44057532172596514,
                0.44174757281553395
            ],
            "number": [
                1239,
                909,
                1040,
                1214,
                725
            ]
        },
        "counts": {
            "reals": {
                "O": [
                    414,
                    337,
                    29,
                    302,
                    60
                ],
                "B": [
                    4,
                    20,
                    0,
                    15,
                    0
                ],
                "I": [
                    4,
                    51,
                    0,
                    94,
                    0
                ]
            },
            "preds": {
                "O": [
                    415,
                    338,
                    29,
                    328,
                    60
                ],
                "B": [
                    4,
                    27,
                    0,
                    31,
                    0
                ],
                "I": [
                    3,
                    43,
                    0,
                    52,
                    0
                ]
            }
        }
    },
    "Instrumenttypes": {
        "metrics": {
            "precision": [
                0.42990654205607476,
                0.5446623093681917,
                0.41402714932126694,
                0.37755102040816324,
                0.4757929883138564
            ],
            "recall": [
                0.19553666312433582,
                0.3324468085106383,
                0.2859375,
                0.24633821571238348,
                0.4014084507042254
            ],
            "f1": [
                0.268809349890431,
                0.41288191577208916,
                0.3382624768946395,
                0.29814665592264306,
                0.4354469060351413
            ],
            "number": [
                941,
                752,
                640,
                751,
                710
            ]
        },
        "counts": {
            "reals": {
                "O": [
                    404,
                    406,
                    29,
                    403,
                    60
                ],
                "B": [
                    13,
                    2,
                    0,
                    4,
                    0
                ],
                "I": [
                    5,
                    0,
                    0,
                    4,
                    0
                ]
            },
            "preds": {
                "O": [
                    419,
                    407,
                    29,
                    408,
                    60
                ],
                "B": [
                    3,
                    1,
                    0,
                    3,
                    0
                ],
                "I": [
                    0,
                    0,
                    0,
                    0,
                    0
                ]
            }
        }
    }
}