{
    "Policydesigncharacteristics": {
        "metrics": {
            "precision": [
                0.5563953488372093,
                0.0,
                0.5957630782533506,
                0.6358049979516591,
                0.5688357680389553
            ],
            "recall": [
                0.7372881355932204,
                0.0,
                0.6394431554524362,
                0.6638152266894782,
                0.6671858774662512
            ],
            "f1": [
                0.6341948310139166,
                0.0,
                0.6168307967770814,
                0.6495082653274744,
                0.6140979689366786
            ],
            "number": [
                2596,
                2175,
                2155,
                2338,
                1926
            ]
        },
        "counts": {
            "reals": {
                "O": [
                    367,
                    404,
                    14,
                    461,
                    37
                ],
                "B": [
                    55,
                    29,
                    1,
                    17,
                    7
                ],
                "I": [
                    90,
                    53,
                    14,
                    22,
                    14
                ]
            },
            "preds": {
                "O": [
                    377,
                    486,
                    14,
                    492,
                    37
                ],
                "B": [
                    63,
                    0,
                    1,
                    5,
                    7
                ],
                "I": [
                    72,
                    0,
                    14,
                    3,
                    14
                ]
            }
        }
    },
    "Technologyandapplicationspecificity": {
        "metrics": {
            "precision": [
                0.49789915966386555,
                0.0,
                0.5283018867924528,
                0.533281127642913,
                0.5427872860635696
            ],
            "recall": [
                0.5866336633663366,
                0.0,
                0.6,
                0.578589634664401,
                0.6324786324786325
            ],
            "f1": [
                0.5386363636363636,
                0.0,
                0.5618729096989966,
                0.5550122249388754,
                0.5842105263157894
            ],
            "number": [
                1212,
                878,
                980,
                1177,
                702
            ]
        },
        "counts": {
            "reals": {
                "O": [
                    502,
                    415,
                    29,
                    378,
                    58
                ],
                "B": [
                    5,
                    20,
                    0,
                    18,
                    0
                ],
                "I": [
                    5,
                    51,
                    0,
                    104,
                    0
                ]
            },
            "preds": {
                "O": [
                    502,
                    486,
                    29,
                    364,
                    58
                ],
                "B": [
                    5,
                    0,
                    0,
                    28,
                    0
                ],
                "I": [
                    5,
                    0,
                    0,
                    108,
                    0
                ]
            }
        }
    },
    "Instrumenttypes": {
        "metrics": {
            "precision": [
                0.5614973262032086,
                0.0,
                0.48575305291723203,
                0.4582763337893297,
                0.4140197152245345
            ],
            "recall": [
                0.553213909378293,
                0.0,
                0.5482388973966309,
                0.4855072463768116,
                0.5675675675675675
            ],
            "f1": [
                0.5573248407643311,
                0.0,
                0.5151079136690646,
                0.47149894440534834,
                0.4787840405319823
            ],
            "number": [
                949,
                740,
                653,
                690,
                666
            ]
        },
        "counts": {
            "reals": {
                "O": [
                    492,
                    482,
                    29,
                    492,
                    58
                ],
                "B": [
                    15,
                    4,
                    0,
                    4,
                    0
                ],
                "I": [
                    5,
                    0,
                    0,
                    4,
                    0
                ]
            },
            "preds": {
                "O": [
                    496,
                    486,
                    29,
                    493,
                    58
                ],
                "B": [
                    15,
                    0,
                    0,
                    4,
                    0
                ],
                "I": [
                    1,
                    0,
                    0,
                    3,
                    0
                ]
            }
        }
    }
}