{
    "Policydesigncharacteristics": {
        "metrics": {
            "precision": 0.614696734059098,
            "recall": 0.6590245935806586,
            "f1": 0.6360893180446591,
            "number": 2399
        },
        "counts": {
            "reals": {
                "O": 343,
                "B": 16,
                "I": 22
            },
            "preds": {
                "O": 373,
                "B": 5,
                "I": 3
            }
        }
    },
    "Technologyandapplicationspecificity": {
        "metrics": {
            "precision": 0.48557353976073186,
            "recall": 0.5660377358490566,
            "f1": 0.5227272727272727,
            "number": 1219
        },
        "counts": {
            "reals": {
                "O": 274,
                "B": 14,
                "I": 93
            },
            "preds": {
                "O": 292,
                "B": 33,
                "I": 56
            }
        }
    },
    "Instrumenttypes": {
        "metrics": {
            "precision": 0.4318181818181818,
            "recall": 0.4476439790575916,
            "f1": 0.43958868894601544,
            "number": 764
        },
        "counts": {
            "reals": {
                "O": 373,
                "B": 4,
                "I": 4
            },
            "preds": {
                "O": 374,
                "B": 4,
                "I": 3
            }
        }
    }
}