{
    "Policydesigncharacteristics": {
        "metrics": {
            "precision": 0.5563953488372093,
            "recall": 0.7372881355932204,
            "f1": 0.6341948310139166,
            "number": 2596
        },
        "counts": {
            "reals": {
                "O": 367,
                "B": 55,
                "I": 90
            },
            "preds": {
                "O": 377,
                "B": 63,
                "I": 72
            }
        }
    },
    "Technologyandapplicationspecificity": {
        "metrics": {
            "precision": 0.49789915966386555,
            "recall": 0.5866336633663366,
            "f1": 0.5386363636363636,
            "number": 1212
        },
        "counts": {
            "reals": {
                "O": 502,
                "B": 5,
                "I": 5
            },
            "preds": {
                "O": 502,
                "B": 5,
                "I": 5
            }
        }
    },
    "Instrumenttypes": {
        "metrics": {
            "precision": 0.5614973262032086,
            "recall": 0.553213909378293,
            "f1": 0.5573248407643311,
            "number": 949
        },
        "counts": {
            "reals": {
                "O": 492,
                "B": 15,
                "I": 5
            },
            "preds": {
                "O": 496,
                "B": 15,
                "I": 1
            }
        }
    }
}