{
    "Policydesigncharacteristics": {
        "metrics": {
            "precision": 0.6524390243902439,
            "recall": 0.6864150943396227,
            "f1": 0.6689959543949981,
            "number": 2650
        },
        "counts": {
            "reals": {
                "O": 312,
                "B": 49,
                "I": 79
            },
            "preds": {
                "O": 343,
                "B": 50,
                "I": 47
            }
        }
    },
    "Technologyandapplicationspecificity": {
        "metrics": {
            "precision": 0.53737658674189,
            "recall": 0.6150121065375302,
            "f1": 0.5735792246894994,
            "number": 1239
        },
        "counts": {
            "reals": {
                "O": 432,
                "B": 4,
                "I": 4
            },
            "preds": {
                "O": 432,
                "B": 4,
                "I": 4
            }
        }
    },
    "Instrumenttypes": {
        "metrics": {
            "precision": 0.4977738201246661,
            "recall": 0.5921610169491526,
            "f1": 0.5408805031446541,
            "number": 944
        },
        "counts": {
            "reals": {
                "O": 420,
                "B": 15,
                "I": 5
            },
            "preds": {
                "O": 424,
                "B": 14,
                "I": 2
            }
        }
    }
}