{
    "Policydesigncharacteristics": {
        "metrics": {
            "precision": 0.6294117647058823,
            "recall": 0.6888412017167382,
            "f1": 0.6577868852459016,
            "number": 2330
        },
        "counts": {
            "reals": {
                "O": 434,
                "B": 17,
                "I": 22
            },
            "preds": {
                "O": 443,
                "B": 13,
                "I": 17
            }
        }
    },
    "Technologyandapplicationspecificity": {
        "metrics": {
            "precision": 0.5382308845577212,
            "recall": 0.600836820083682,
            "f1": 0.5678133649663899,
            "number": 1195
        },
        "counts": {
            "reals": {
                "O": 353,
                "B": 17,
                "I": 103
            },
            "preds": {
                "O": 393,
                "B": 30,
                "I": 50
            }
        }
    },
    "Instrumenttypes": {
        "metrics": {
            "precision": 0.4495798319327731,
            "recall": 0.46320346320346323,
            "f1": 0.4562899786780384,
            "number": 693
        },
        "counts": {
            "reals": {
                "O": 465,
                "B": 4,
                "I": 4
            },
            "preds": {
                "O": 472,
                "B": 1
            }
        }
    }
}