{
    "Policydesigncharacteristics": {
        "metrics": {
            "precision": 0.5957630782533506,
            "recall": 0.6394431554524362,
            "f1": 0.6168307967770814,
            "number": 2155
        },
        "counts": {
            "reals": {
                "O": 14,
                "B": 1,
                "I": 14
            },
            "preds": {
                "O": 14,
                "B": 1,
                "I": 14
            }
        }
    },
    "Technologyandapplicationspecificity": {
        "metrics": {
            "precision": 0.5283018867924528,
            "recall": 0.6,
            "f1": 0.5618729096989966,
            "number": 980
        },
        "counts": {
            "reals": {
                "O": 29
            },
            "preds": {
                "O": 29
            }
        }
    },
    "Instrumenttypes": {
        "metrics": {
            "precision": 0.48575305291723203,
            "recall": 0.5482388973966309,
            "f1": 0.5151079136690646,
            "number": 653
        },
        "counts": {
            "reals": {
                "O": 29
            },
            "preds": {
                "O": 29
            }
        }
    }
}