{
    "Policydesigncharacteristics": {
        "metrics": {
            "precision": 0.6358049979516591,
            "recall": 0.6638152266894782,
            "f1": 0.6495082653274744,
            "number": 2338
        },
        "counts": {
            "reals": {
                "O": 461,
                "B": 17,
                "I": 22
            },
            "preds": {
                "O": 492,
                "B": 5,
                "I": 3
            }
        }
    },
    "Technologyandapplicationspecificity": {
        "metrics": {
            "precision": 0.533281127642913,
            "recall": 0.578589634664401,
            "f1": 0.5550122249388754,
            "number": 1177
        },
        "counts": {
            "reals": {
                "O": 378,
                "B": 18,
                "I": 104
            },
            "preds": {
                "O": 364,
                "B": 28,
                "I": 108
            }
        }
    },
    "Instrumenttypes": {
        "metrics": {
            "precision": 0.4582763337893297,
            "recall": 0.4855072463768116,
            "f1": 0.47149894440534834,
            "number": 690
        },
        "counts": {
            "reals": {
                "O": 492,
                "B": 4,
                "I": 4
            },
            "preds": {
                "O": 493,
                "B": 4,
                "I": 3
            }
        }
    }
}