{
    "Policydesigncharacteristics": {
        "metrics": {
            "precision": 0.5606431317721077,
            "recall": 0.7367937528709233,
            "f1": 0.6367606192933704,
            "number": 2177
        },
        "counts": {
            "reals": {
                "O": 14,
                "B": 1,
                "I": 14
            },
            "preds": {
                "O": 14,
                "B": 1,
                "I": 14
            }
        }
    },
    "Technologyandapplicationspecificity": {
        "metrics": {
            "precision": 0.4389367816091954,
            "recall": 0.5807984790874525,
            "f1": 0.5000000000000001,
            "number": 1052
        },
        "counts": {
            "reals": {
                "O": 29
            },
            "preds": {
                "O": 29
            }
        }
    },
    "Instrumenttypes": {
        "metrics": {
            "precision": 0.4555112881806109,
            "recall": 0.532608695652174,
            "f1": 0.49105225483178244,
            "number": 644
        },
        "counts": {
            "reals": {
                "O": 29
            },
            "preds": {
                "O": 29
            }
        }
    }
}