{
    "Policydesigncharacteristics": {
        "metrics": {
            "precision": 0.6194992412746586,
            "recall": 0.6192643155100493,
            "f1": 0.619381756116063,
            "number": 2637
        },
        "counts": {
            "reals": {
                "O": 295,
                "B": 47,
                "I": 80
            },
            "preds": {
                "O": 334,
                "B": 44,
                "I": 44
            }
        }
    },
    "Technologyandapplicationspecificity": {
        "metrics": {
            "precision": 0.5075098814229249,
            "recall": 0.5181598062953995,
            "f1": 0.5127795527156549,
            "number": 1239
        },
        "counts": {
            "reals": {
                "O": 414,
                "B": 4,
                "I": 4
            },
            "preds": {
                "O": 415,
                "B": 4,
                "I": 3
            }
        }
    },
    "Instrumenttypes": {
        "metrics": {
            "precision": 0.42990654205607476,
            "recall": 0.19553666312433582,
            "f1": 0.268809349890431,
            "number": 941
        },
        "counts": {
            "reals": {
                "O": 404,
                "B": 13,
                "I": 5
            },
            "preds": {
                "O": 419,
                "B": 3
            }
        }
    }
}