{
    "Policydesigncharacteristics": {
        "metrics": {
            "precision": 0.55101246105919,
            "recall": 0.7301341589267286,
            "f1": 0.628051486906347,
            "number": 1938
        },
        "counts": {
            "reals": {
                "O": 37,
                "B": 7,
                "I": 14
            },
            "preds": {
                "O": 37,
                "B": 7,
                "I": 14
            }
        }
    },
    "Technologyandapplicationspecificity": {
        "metrics": {
            "precision": 0.4895833333333333,
            "recall": 0.5747282608695652,
            "f1": 0.52875,
            "number": 736
        },
        "counts": {
            "reals": {
                "O": 58
            },
            "preds": {
                "O": 58
            }
        }
    },
    "Instrumenttypes": {
        "metrics": {
            "precision": 0.5142857142857142,
            "recall": 0.5569620253164557,
            "f1": 0.5347738014854828,
            "number": 711
        },
        "counts": {
            "reals": {
                "O": 58
            },
            "preds": {
                "O": 58
            }
        }
    }
}