{
    "Policydesigncharacteristics": {
        "metrics": {
            "precision": 0.5276911076443058,
            "recall": 0.5696842105263158,
            "f1": 0.5478841870824054,
            "number": 2375
        },
        "counts": {
            "reals": {
                "O": 370,
                "B": 16,
                "I": 25
            },
            "preds": {
                "O": 391,
                "B": 9,
                "I": 11
            }
        }
    },
    "Technologyandapplicationspecificity": {
        "metrics": {
            "precision": 0.40756302521008403,
            "recall": 0.4794069192751236,
            "f1": 0.44057532172596514,
            "number": 1214
        },
        "counts": {
            "reals": {
                "O": 302,
                "B": 15,
                "I": 94
            },
            "preds": {
                "O": 328,
                "B": 31,
                "I": 52
            }
        }
    },
    "Instrumenttypes": {
        "metrics": {
            "precision": 0.37755102040816324,
            "recall": 0.24633821571238348,
            "f1": 0.29814665592264306,
            "number": 751
        },
        "counts": {
            "reals": {
                "O": 403,
                "B": 4,
                "I": 4
            },
            "preds": {
                "O": 408,
                "B": 3
            }
        }
    }
}