{
    "Policydesigncharacteristics": {
        "metrics": {
            "precision": 0.5167597765363129,
            "recall": 0.6699864191942055,
            "f1": 0.5834811748472306,
            "number": 2209
        },
        "counts": {
            "reals": {
                "O": 333,
                "B": 24,
                "I": 51
            },
            "preds": {
                "O": 362,
                "B": 24,
                "I": 22
            }
        }
    },
    "Technologyandapplicationspecificity": {
        "metrics": {
            "precision": 0.46919917864476385,
            "recall": 0.5027502750275028,
            "f1": 0.4853956452469464,
            "number": 909
        },
        "counts": {
            "reals": {
                "O": 337,
                "B": 20,
                "I": 51
            },
            "preds": {
                "O": 338,
                "B": 27,
                "I": 43
            }
        }
    },
    "Instrumenttypes": {
        "metrics": {
            "precision": 0.5446623093681917,
            "recall": 0.3324468085106383,
            "f1": 0.41288191577208916,
            "number": 752
        },
        "counts": {
            "reals": {
                "O": 406,
                "B": 2
            },
            "preds": {
                "O": 407,
                "B": 1
            }
        }
    }
}