{
    "Policydesigncharacteristics": {
        "metrics": {
            "precision": 0.625,
            "recall": 0.7502246181491464,
            "f1": 0.6819109840751327,
            "number": 2226
        },
        "counts": {
            "reals": {
                "O": 320,
                "B": 23,
                "I": 46
            },
            "preds": {
                "O": 344,
                "B": 24,
                "I": 21
            }
        }
    },
    "Technologyandapplicationspecificity": {
        "metrics": {
            "precision": 0.48469809760132343,
            "recall": 0.6348862405200434,
            "f1": 0.5497185741088181,
            "number": 923
        },
        "counts": {
            "reals": {
                "O": 318,
                "B": 20,
                "I": 51
            },
            "preds": {
                "O": 312,
                "B": 19,
                "I": 58
            }
        }
    },
    "Instrumenttypes": {
        "metrics": {
            "precision": 0.5600505689001264,
            "recall": 0.5821287779237845,
            "f1": 0.5708762886597938,
            "number": 761
        },
        "counts": {
            "reals": {
                "O": 387,
                "B": 2
            },
            "preds": {
                "O": 388,
                "B": 1
            }
        }
    }
}