{
    "Policydesigncharacteristics": {
        "metrics": {
            "precision": 0.5764358108108109,
            "recall": 0.7161594963273872,
            "f1": 0.638745905474965,
            "number": 1906
        },
        "counts": {
            "reals": {
                "O": 37,
                "B": 7,
                "I": 14
            },
            "preds": {
                "O": 37,
                "B": 7,
                "I": 14
            }
        }
    },
    "Technologyandapplicationspecificity": {
        "metrics": {
            "precision": 0.5322164948453608,
            "recall": 0.5942446043165468,
            "f1": 0.5615227736233855,
            "number": 695
        },
        "counts": {
            "reals": {
                "O": 58
            },
            "preds": {
                "O": 58
            }
        }
    },
    "Instrumenttypes": {
        "metrics": {
            "precision": 0.4911080711354309,
            "recall": 0.5366218236173393,
            "f1": 0.5128571428571429,
            "number": 669
        },
        "counts": {
            "reals": {
                "O": 58
            },
            "preds": {
                "O": 58
            }
        }
    }
}