{
    "Policydesigncharacteristics": {
        "metrics": {
            "precision": 0.6928599920223375,
            "recall": 0.6691063174114021,
            "f1": 0.6807760141093474,
            "number": 2596
        },
        "counts": {
            "reals": {
                "O": 357,
                "B": 54,
                "I": 88
            },
            "preds": {
                "O": 396,
                "B": 51,
                "I": 52
            }
        }
    },
    "Technologyandapplicationspecificity": {
        "metrics": {
            "precision": 0.5471394037066881,
            "recall": 0.5653621981681932,
            "f1": 0.5561015561015561,
            "number": 1201
        },
        "counts": {
            "reals": {
                "O": 489,
                "B": 5,
                "I": 5
            },
            "preds": {
                "O": 489,
                "B": 5,
                "I": 5
            }
        }
    },
    "Instrumenttypes": {
        "metrics": {
            "precision": 0.5107361963190185,
            "recall": 0.34978991596638653,
            "f1": 0.415211970074813,
            "number": 952
        },
        "counts": {
            "reals": {
                "O": 479,
                "B": 15,
                "I": 5
            },
            "preds": {
                "O": 491,
                "B": 8
            }
        }
    }
}