{
    "Policydesigncharacteristics": {
        "metrics": {
            "precision": 0.6751730103806228,
            "recall": 0.7111617312072893,
            "f1": 0.6927002440647881,
            "number": 2195
        },
        "counts": {
            "reals": {
                "O": 383,
                "B": 29,
                "I": 53
            },
            "preds": {
                "O": 416,
                "B": 27,
                "I": 22
            }
        }
    },
    "Technologyandapplicationspecificity": {
        "metrics": {
            "precision": 0.5180467091295117,
            "recall": 0.5495495495495496,
            "f1": 0.5333333333333334,
            "number": 888
        },
        "counts": {
            "reals": {
                "O": 394,
                "B": 20,
                "I": 51
            },
            "preds": {
                "O": 403,
                "B": 23,
                "I": 39
            }
        }
    },
    "Instrumenttypes": {
        "metrics": {
            "precision": 0.5023584905660378,
            "recall": 0.5772357723577236,
            "f1": 0.5372005044136192,
            "number": 738
        },
        "counts": {
            "reals": {
                "O": 461,
                "B": 4
            },
            "preds": {
                "O": 462,
                "B": 3
            }
        }
    }
}