{
    "Policydesigncharacteristics": {
        "metrics": {
            "precision": 0.5848589807026224,
            "recall": 0.5414567109482363,
            "f1": 0.5623215984776403,
            "number": 2183
        },
        "counts": {
            "reals": {
                "O": 14,
                "B": 1,
                "I": 14
            },
            "preds": {
                "O": 26,
                "B": 2,
                "I": 1
            }
        }
    },
    "Technologyandapplicationspecificity": {
        "metrics": {
            "precision": 0.3859790491539081,
            "recall": 0.46057692307692305,
            "f1": 0.4199912319158264,
            "number": 1040
        },
        "counts": {
            "reals": {
                "O": 29
            },
            "preds": {
                "O": 29
            }
        }
    },
    "Instrumenttypes": {
        "metrics": {
            "precision": 0.41402714932126694,
            "recall": 0.2859375,
            "f1": 0.3382624768946395,
            "number": 640
        },
        "counts": {
            "reals": {
                "O": 29
            },
            "preds": {
                "O": 29
            }
        }
    }
}