{
    "Policydesigncharacteristics": {
        "metrics": {
            "precision": 0.5178021978021978,
            "recall": 0.6145018257694314,
            "f1": 0.5620229007633588,
            "number": 1917
        },
        "counts": {
            "reals": {
                "O": 39,
                "B": 7,
                "I": 14
            },
            "preds": {
                "O": 39,
                "B": 7,
                "I": 14
            }
        }
    },
    "Technologyandapplicationspecificity": {
        "metrics": {
            "precision": 0.39436619718309857,
            "recall": 0.5020689655172413,
            "f1": 0.44174757281553395,
            "number": 725
        },
        "counts": {
            "reals": {
                "O": 60
            },
            "preds": {
                "O": 60
            }
        }
    },
    "Instrumenttypes": {
        "metrics": {
            "precision": 0.4757929883138564,
            "recall": 0.4014084507042254,
            "f1": 0.4354469060351413,
            "number": 710
        },
        "counts": {
            "reals": {
                "O": 60
            },
            "preds": {
                "O": 60
            }
        }
    }
}