{
    "Actor": {
        "_": {
            "precision": 0.7468727005150846,
            "recall": 0.8126501200960768,
            "f1": 0.7783742331288344,
            "number": 1249
        },
        "overall_precision": 0.7468727005150846,
        "overall_recall": 0.8126501200960768,
        "overall_f1": 0.7783742331288344,
        "overall_accuracy": 0.9760068775074245
    },
    "InstrumentType": {
        "_": {
            "precision": 0.41518578352180935,
            "recall": 0.35013623978201636,
            "f1": 0.37989652623798964,
            "number": 734
        },
        "overall_precision": 0.41518578352180935,
        "overall_recall": 0.35013623978201636,
        "overall_f1": 0.37989652623798964,
        "overall_accuracy": 0.9643880581461991
    },
    "Objective": {
        "_": {
            "precision": 0.11913357400722022,
            "recall": 0.18857142857142858,
            "f1": 0.14601769911504425,
            "number": 175
        },
        "overall_precision": 0.11913357400722022,
        "overall_recall": 0.18857142857142858,
        "overall_f1": 0.14601769911504425,
        "overall_accuracy": 0.9680873235033606
    },
    "Resource": {
        "_": {
            "precision": 0.0,
            "recall": 0.0,
            "f1": 0.0,
            "number": 71
        },
        "overall_precision": 0.0,
        "overall_recall": 0.0,
        "overall_f1": 0.0,
        "overall_accuracy": 0.9954149950502788
    },
    "Time": {
        "_": {
            "precision": 0.4020618556701031,
            "recall": 0.44571428571428573,
            "f1": 0.42276422764227645,
            "number": 175
        },
        "overall_precision": 0.4020618556701031,
        "overall_recall": 0.44571428571428573,
        "overall_f1": 0.42276422764227645,
        "overall_accuracy": 0.9898139946855624
    },
    "overall_f1": 0.30954622649327196
}