{
    "Actor": {
        "_": {
            "precision": 0.1545275590551181,
            "recall": 0.2507987220447284,
            "f1": 0.19123020706455543,
            "number": 1252
        },
        "overall_precision": 0.1545275590551181,
        "overall_recall": 0.2507987220447284,
        "overall_f1": 0.19123020706455543,
        "overall_accuracy": 0.951762350421381
    },
    "InstrumentType": {
        "_": {
            "precision": 0.0,
            "recall": 0.0,
            "f1": 0.0,
            "number": 717
        },
        "overall_precision": 0.0,
        "overall_recall": 0.0,
        "overall_f1": 0.0,
        "overall_accuracy": 0.9594915490990362
    },
    "Objective": {
        "_": {
            "precision": 0.0,
            "recall": 0.0,
            "f1": 0.0,
            "number": 174
        },
        "overall_precision": 0.0,
        "overall_recall": 0.0,
        "overall_f1": 0.0,
        "overall_accuracy": 0.9651254830749173
    },
    "Resource": {
        "_": {
            "precision": 0.0,
            "recall": 0.0,
            "f1": 0.0,
            "number": 140
        },
        "overall_precision": 0.0,
        "overall_recall": 0.0,
        "overall_f1": 0.0,
        "overall_accuracy": 0.9914792568794525
    },
    "Time": {
        "_": {
            "precision": 0.0,
            "recall": 0.0,
            "f1": 0.0,
            "number": 155
        },
        "overall_precision": 0.0,
        "overall_recall": 0.0,
        "overall_f1": 0.0,
        "overall_accuracy": 0.9831447595101737
    },
    "overall_f1": 0.055206994473326054
}