{
    "Actor": {
        "_": {
            "precision": 0.730593607305936,
            "recall": 0.7966804979253111,
            "f1": 0.7622072250893213,
            "number": 1205
        },
        "overall_precision": 0.730593607305936,
        "overall_recall": 0.7966804979253111,
        "overall_f1": 0.7622072250893213,
        "overall_accuracy": 0.9766365386020903
    },
    "InstrumentType": {
        "_": {
            "precision": 0.3956043956043956,
            "recall": 0.35121951219512193,
            "f1": 0.3720930232558139,
            "number": 615
        },
        "overall_precision": 0.3956043956043956,
        "overall_recall": 0.35121951219512193,
        "overall_f1": 0.3720930232558139,
        "overall_accuracy": 0.9653811484395937
    },
    "Objective": {
        "_": {
            "precision": 0.09595959595959595,
            "recall": 0.168141592920354,
            "f1": 0.12218649517684889,
            "number": 226
        },
        "overall_precision": 0.09595959595959595,
        "overall_recall": 0.168141592920354,
        "overall_f1": 0.12218649517684889,
        "overall_accuracy": 0.9533461641532877
    },
    "Resource": {
        "_": {
            "precision": 0.0,
            "recall": 0.0,
            "f1": 0.0,
            "number": 108
        },
        "overall_precision": 0.0,
        "overall_recall": 0.0,
        "overall_f1": 0.0,
        "overall_accuracy": 0.9907910444125028
    },
    "Time": {
        "_": {
            "precision": 0.4819277108433735,
            "recall": 0.5429864253393665,
            "f1": 0.5106382978723404,
            "number": 221
        },
        "overall_precision": 0.4819277108433735,
        "overall_recall": 0.5429864253393665,
        "overall_f1": 0.5106382978723404,
        "overall_accuracy": 0.9880868272955392
    },
    "overall_f1": 0.3058400091087007
}