{
    "Actor": {
        "_": {
            "precision": 0.7956337174044875,
            "recall": 0.8688741721854305,
            "f1": 0.8306426084203861,
            "number": 1510
        },
        "overall_precision": 0.7956337174044875,
        "overall_recall": 0.8688741721854305,
        "overall_f1": 0.8306426084203861,
        "overall_accuracy": 0.9845132260107905
    },
    "InstrumentType": {
        "_": {
            "precision": 0.43506493506493504,
            "recall": 0.43838604143947657,
            "f1": 0.4367191743617599,
            "number": 917
        },
        "overall_precision": 0.43506493506493504,
        "overall_recall": 0.43838604143947657,
        "overall_f1": 0.4367191743617599,
        "overall_accuracy": 0.961381359079094
    },
    "Objective": {
        "_": {
            "precision": 0.09137055837563451,
            "recall": 0.09090909090909091,
            "f1": 0.09113924050632911,
            "number": 198
        },
        "overall_precision": 0.09137055837563451,
        "overall_recall": 0.09090909090909091,
        "overall_f1": 0.09113924050632911,
        "overall_accuracy": 0.9675411196784692
    },
    "Resource": {
        "_": {
            "precision": 0.0,
            "recall": 0.0,
            "f1": 0.0,
            "number": 107
        },
        "overall_precision": 0.0,
        "overall_recall": 0.0,
        "overall_f1": 0.0,
        "overall_accuracy": 0.9949105524125729
    },
    "Time": {
        "_": {
            "precision": 0.34375,
            "recall": 0.463855421686747,
            "f1": 0.3948717948717949,
            "number": 166
        },
        "overall_precision": 0.34375,
        "overall_recall": 0.463855421686747,
        "overall_f1": 0.3948717948717949,
        "overall_accuracy": 0.9893405561259038
    },
    "overall_f1": 0.3301889876738952
}