{
    "Actor": {
        "_": {
            "precision": 0.7653731343283582,
            "recall": 0.8685636856368564,
            "f1": 0.8137099333544906,
            "number": 1476
        },
        "overall_precision": 0.7653731343283582,
        "overall_recall": 0.8685636856368564,
        "overall_f1": 0.8137099333544906,
        "overall_accuracy": 0.9832656305192512
    },
    "InstrumentType": {
        "_": {
            "precision": 0.4129511677282378,
            "recall": 0.420995670995671,
            "f1": 0.4169346195069667,
            "number": 924
        },
        "overall_precision": 0.4129511677282378,
        "overall_recall": 0.420995670995671,
        "overall_f1": 0.4169346195069667,
        "overall_accuracy": 0.959599081596609
    },
    "Objective": {
        "_": {
            "precision": 0.0935672514619883,
            "recall": 0.15841584158415842,
            "f1": 0.1176470588235294,
            "number": 202
        },
        "overall_precision": 0.0935672514619883,
        "overall_recall": 0.15841584158415842,
        "overall_f1": 0.1176470588235294,
        "overall_accuracy": 0.9536824443659484
    },
    "Resource": {
        "_": {
            "precision": 0.0,
            "recall": 0.0,
            "f1": 0.0,
            "number": 110
        },
        "overall_precision": 0.0,
        "overall_recall": 0.0,
        "overall_f1": 0.0,
        "overall_accuracy": 0.9944365948428118
    },
    "Time": {
        "_": {
            "precision": 0.18636363636363637,
            "recall": 0.25,
            "f1": 0.21354166666666666,
            "number": 164
        },
        "overall_precision": 0.18636363636363637,
        "overall_recall": 0.25,
        "overall_f1": 0.21354166666666666,
        "overall_accuracy": 0.9872615683504062
    },
    "overall_f1": 0.3164093849237597
}