{
    "Actor": {
        "_": {
            "precision": 0.8089171974522293,
            "recall": 0.8907815631262525,
            "f1": 0.8478779208392943,
            "number": 998
        },
        "overall_precision": 0.8089171974522293,
        "overall_recall": 0.8907815631262525,
        "overall_f1": 0.8478779208392943,
        "overall_accuracy": 0.986360582960951
    },
    "InstrumentType": {
        "_": {
            "precision": 0.4699386503067485,
            "recall": 0.5566860465116279,
            "f1": 0.5096473719228211,
            "number": 688
        },
        "overall_precision": 0.4699386503067485,
        "overall_recall": 0.5566860465116279,
        "overall_f1": 0.5096473719228211,
        "overall_accuracy": 0.9629077952042991
    },
    "Objective": {
        "_": {
            "precision": 0.16209476309226933,
            "recall": 0.3037383177570093,
            "f1": 0.21138211382113822,
            "number": 214
        },
        "overall_precision": 0.16209476309226933,
        "overall_recall": 0.3037383177570093,
        "overall_f1": 0.21138211382113822,
        "overall_accuracy": 0.9527731534215368
    },
    "Resource": {
        "_": {
            "precision": 0.18085106382978725,
            "recall": 0.2073170731707317,
            "f1": 0.19318181818181818,
            "number": 82
        },
        "overall_precision": 0.18085106382978725,
        "overall_recall": 0.2073170731707317,
        "overall_f1": 0.19318181818181818,
        "overall_accuracy": 0.9890475773241041
    },
    "Time": {
        "_": {
            "precision": 0.5722222222222222,
            "recall": 0.6280487804878049,
            "f1": 0.5988372093023254,
            "number": 164
        },
        "overall_precision": 0.5722222222222222,
        "overall_recall": 0.6280487804878049,
        "overall_f1": 0.5988372093023254,
        "overall_accuracy": 0.9907415520313093
    },
    "overall_f1": 0.3652683791941236
}