{
    "Actor": {
        "_": {
            "precision": 0.7936507936507936,
            "recall": 0.8130081300813008,
            "f1": 0.8032128514056225,
            "number": 1476
        },
        "overall_precision": 0.7936507936507936,
        "overall_recall": 0.8130081300813008,
        "overall_f1": 0.8032128514056225,
        "overall_accuracy": 0.9828682444365948
    },
    "InstrumentType": {
        "_": {
            "precision": 0.4187380497131931,
            "recall": 0.474025974025974,
            "f1": 0.4446700507614213,
            "number": 924
        },
        "overall_precision": 0.4187380497131931,
        "overall_recall": 0.474025974025974,
        "overall_f1": 0.4446700507614213,
        "overall_accuracy": 0.9585614623807842
    },
    "Objective": {
        "_": {
            "precision": 0.13565891472868216,
            "recall": 0.17326732673267325,
            "f1": 0.15217391304347827,
            "number": 202
        },
        "overall_precision": 0.13565891472868216,
        "overall_recall": 0.17326732673267325,
        "overall_f1": 0.15217391304347827,
        "overall_accuracy": 0.9638378664782762
    },
    "Resource": {
        "_": {
            "precision": 0.0,
            "recall": 0.0,
            "f1": 0.0,
            "number": 110
        },
        "overall_precision": 0.0,
        "overall_recall": 0.0,
        "overall_f1": 0.0,
        "overall_accuracy": 0.994811903920876
    },
    "Time": {
        "_": {
            "precision": 0.24528301886792453,
            "recall": 0.3170731707317073,
            "f1": 0.2765957446808511,
            "number": 164
        },
        "overall_precision": 0.24528301886792453,
        "overall_recall": 0.3170731707317073,
        "overall_f1": 0.2765957446808511,
        "overall_accuracy": 0.9881888025432709
    },
    "overall_f1": 0.3219393285523302
}