{
    "Actor": {
        "_": {
            "precision": 0.8311195445920304,
            "recall": 0.8920570264765784,
            "f1": 0.8605108055009822,
            "number": 1473
        },
        "overall_precision": 0.8311195445920304,
        "overall_recall": 0.8920570264765784,
        "overall_f1": 0.8605108055009822,
        "overall_accuracy": 0.9861383953206048
    },
    "InstrumentType": {
        "_": {
            "precision": 0.49530761209593327,
            "recall": 0.5118534482758621,
            "f1": 0.50344462109168,
            "number": 928
        },
        "overall_precision": 0.49530761209593327,
        "overall_recall": 0.5118534482758621,
        "overall_f1": 0.50344462109168,
        "overall_accuracy": 0.9651031894934334
    },
    "Objective": {
        "_": {
            "precision": 0.13310580204778158,
            "recall": 0.19796954314720813,
            "f1": 0.15918367346938775,
            "number": 197
        },
        "overall_precision": 0.13310580204778158,
        "overall_recall": 0.19796954314720813,
        "overall_f1": 0.15918367346938775,
        "overall_accuracy": 0.9668027811499834
    },
    "Resource": {
        "_": {
            "precision": 0.0,
            "recall": 0.0,
            "f1": 0.0,
            "number": 109
        },
        "overall_precision": 0.0,
        "overall_recall": 0.0,
        "overall_f1": 0.0,
        "overall_accuracy": 0.9947908619357687
    },
    "Time": {
        "_": {
            "precision": 0.27906976744186046,
            "recall": 0.36809815950920244,
            "f1": 0.31746031746031744,
            "number": 163
        },
        "overall_precision": 0.27906976744186046,
        "overall_recall": 0.36809815950920244,
        "overall_f1": 0.31746031746031744,
        "overall_accuracy": 0.9882132214987308
    },
    "overall_f1": 0.3499256556192458
}