{
    "Actor": {
        "_": {
            "precision": 0.7860326894502229,
            "recall": 0.8357030015797788,
            "f1": 0.8101071975497702,
            "number": 1266
        },
        "overall_precision": 0.7860326894502229,
        "overall_recall": 0.8357030015797788,
        "overall_f1": 0.8101071975497702,
        "overall_accuracy": 0.9810675345036464
    },
    "InstrumentType": {
        "_": {
            "precision": 0.3909266409266409,
            "recall": 0.5547945205479452,
            "f1": 0.45866364665911663,
            "number": 730
        },
        "overall_precision": 0.3909266409266409,
        "overall_recall": 0.5547945205479452,
        "overall_f1": 0.45866364665911663,
        "overall_accuracy": 0.9612799011806067
    },
    "Objective": {
        "_": {
            "precision": 0.2584745762711864,
            "recall": 0.3505747126436782,
            "f1": 0.29756097560975603,
            "number": 174
        },
        "overall_precision": 0.2584745762711864,
        "overall_recall": 0.3505747126436782,
        "overall_f1": 0.29756097560975603,
        "overall_accuracy": 0.9733235147397676
    },
    "Resource": {
        "_": {
            "precision": 0.2807017543859649,
            "recall": 0.22695035460992907,
            "f1": 0.25098039215686274,
            "number": 141
        },
        "overall_precision": 0.2807017543859649,
        "overall_recall": 0.22695035460992907,
        "overall_f1": 0.25098039215686274,
        "overall_accuracy": 0.9912345297764686
    },
    "Time": {
        "_": {
            "precision": 0.4688995215311005,
            "recall": 0.6242038216560509,
            "f1": 0.5355191256830601,
            "number": 157
        },
        "overall_precision": 0.4688995215311005,
        "overall_recall": 0.6242038216560509,
        "overall_f1": 0.5355191256830601,
        "overall_accuracy": 0.9905456445827494
    },
    "overall_f1": 0.3491745110193887
}