{
    "Actor": {
        "_": {
            "precision": 0.7752100840336135,
            "recall": 0.8870192307692307,
            "f1": 0.827354260089686,
            "number": 1248
        },
        "overall_precision": 0.7752100840336135,
        "overall_recall": 0.8870192307692307,
        "overall_f1": 0.827354260089686,
        "overall_accuracy": 0.9800763379442895
    },
    "InstrumentType": {
        "_": {
            "precision": 0.48846153846153845,
            "recall": 0.5284327323162274,
            "f1": 0.5076615589606929,
            "number": 721
        },
        "overall_precision": 0.48846153846153845,
        "overall_recall": 0.5284327323162274,
        "overall_f1": 0.5076615589606929,
        "overall_accuracy": 0.9667578029831353
    },
    "Objective": {
        "_": {
            "precision": 0.13333333333333333,
            "recall": 0.17964071856287425,
            "f1": 0.15306122448979592,
            "number": 167
        },
        "overall_precision": 0.13333333333333333,
        "overall_recall": 0.17964071856287425,
        "overall_f1": 0.15306122448979592,
        "overall_accuracy": 0.9649711702444438
    },
    "Resource": {
        "_": {
            "precision": 0.0,
            "recall": 0.0,
            "f1": 0.0,
            "number": 79
        },
        "overall_precision": 0.0,
        "overall_recall": 0.0,
        "overall_f1": 0.0,
        "overall_accuracy": 0.9946401017839257
    },
    "Time": {
        "_": {
            "precision": 0.4387755102040816,
            "recall": 0.4942528735632184,
            "f1": 0.46486486486486484,
            "number": 174
        },
        "overall_precision": 0.4387755102040816,
        "overall_recall": 0.4942528735632184,
        "overall_f1": 0.46486486486486484,
        "overall_accuracy": 0.9893614141468828
    },
    "overall_f1": 0.34638743088870666
}