{
    "Actor": {
        "_": {
            "precision": 0.7818181818181819,
            "recall": 0.8641479099678456,
            "f1": 0.8209240168003055,
            "number": 1244
        },
        "overall_precision": 0.7818181818181819,
        "overall_recall": 0.8641479099678456,
        "overall_f1": 0.8209240168003055,
        "overall_accuracy": 0.9796147014619484
    },
    "InstrumentType": {
        "_": {
            "precision": 0.4708588957055215,
            "recall": 0.425207756232687,
            "f1": 0.4468704512372635,
            "number": 722
        },
        "overall_precision": 0.4708588957055215,
        "overall_recall": 0.425207756232687,
        "overall_f1": 0.4468704512372635,
        "overall_accuracy": 0.9645853258641891
    },
    "Objective": {
        "_": {
            "precision": 0.143646408839779,
            "recall": 0.15853658536585366,
            "f1": 0.1507246376811594,
            "number": 164
        },
        "overall_precision": 0.143646408839779,
        "overall_recall": 0.15853658536585366,
        "overall_f1": 0.1507246376811594,
        "overall_accuracy": 0.9677005055335428
    },
    "Resource": {
        "_": {
            "precision": 0.0,
            "recall": 0.0,
            "f1": 0.0,
            "number": 75
        },
        "overall_precision": 0.0,
        "overall_recall": 0.0,
        "overall_f1": 0.0,
        "overall_accuracy": 0.9950266429840142
    },
    "Time": {
        "_": {
            "precision": 0.36312849162011174,
            "recall": 0.3693181818181818,
            "f1": 0.36619718309859156,
            "number": 176
        },
        "overall_precision": 0.36312849162011174,
        "overall_recall": 0.3693181818181818,
        "overall_f1": 0.36619718309859156,
        "overall_accuracy": 0.9886596529580544
    },
    "overall_f1": 0.3307693127463978
}