{
    "Actor": {
        "_": {
            "precision": 0.7715645449137418,
            "recall": 0.8589403973509934,
            "f1": 0.8129113130680037,
            "number": 1510
        },
        "overall_precision": 0.7715645449137418,
        "overall_recall": 0.8589403973509934,
        "overall_f1": 0.8129113130680037,
        "overall_accuracy": 0.9835521286123065
    },
    "InstrumentType": {
        "_": {
            "precision": 0.4452405322415558,
            "recall": 0.4743729552889858,
            "f1": 0.45934530095036963,
            "number": 917
        },
        "overall_precision": 0.4452405322415558,
        "overall_recall": 0.4743729552889858,
        "overall_f1": 0.45934530095036963,
        "overall_accuracy": 0.9632161813852909
    },
    "Objective": {
        "_": {
            "precision": 0.11627906976744186,
            "recall": 0.12626262626262627,
            "f1": 0.12106537530266344,
            "number": 198
        },
        "overall_precision": 0.11627906976744186,
        "overall_recall": 0.12626262626262627,
        "overall_f1": 0.12106537530266344,
        "overall_accuracy": 0.9657062973722723
    },
    "Resource": {
        "_": {
            "precision": 0.3333333333333333,
            "recall": 0.06542056074766354,
            "f1": 0.10937499999999999,
            "number": 107
        },
        "overall_precision": 0.3333333333333333,
        "overall_recall": 0.06542056074766354,
        "overall_f1": 0.10937499999999999,
        "overall_accuracy": 0.99488870928988
    },
    "Time": {
        "_": {
            "precision": 0.3541666666666667,
            "recall": 0.5120481927710844,
            "f1": 0.4187192118226602,
            "number": 166
        },
        "overall_precision": 0.3541666666666667,
        "overall_recall": 0.5120481927710844,
        "overall_f1": 0.4187192118226602,
        "overall_accuracy": 0.9887071055678119
    },
    "overall_f1": 0.3337613302616526
}