{
    "Actor": {
        "_": {
            "precision": 0.786158631415241,
            "recall": 0.8604255319148936,
            "f1": 0.8216172287687932,
            "number": 1175
        },
        "overall_precision": 0.786158631415241,
        "overall_recall": 0.8604255319148936,
        "overall_f1": 0.8216172287687932,
        "overall_accuracy": 0.9810134572171586
    },
    "InstrumentType": {
        "_": {
            "precision": 0.4592274678111588,
            "recall": 0.5228013029315961,
            "f1": 0.488956587966489,
            "number": 614
        },
        "overall_precision": 0.4592274678111588,
        "overall_recall": 0.5228013029315961,
        "overall_f1": 0.488956587966489,
        "overall_accuracy": 0.9673542555608857
    },
    "Objective": {
        "_": {
            "precision": 0.09961685823754789,
            "recall": 0.12206572769953052,
            "f1": 0.10970464135021096,
            "number": 213
        },
        "overall_precision": 0.09961685823754789,
        "overall_recall": 0.12206572769953052,
        "overall_f1": 0.10970464135021096,
        "overall_accuracy": 0.9616481935011488
    },
    "Resource": {
        "_": {
            "precision": 0.0,
            "recall": 0.0,
            "f1": 0.0,
            "number": 110
        },
        "overall_precision": 0.0,
        "overall_recall": 0.0,
        "overall_f1": 0.0,
        "overall_accuracy": 0.9906582169818466
    },
    "Time": {
        "_": {
            "precision": 0.39631336405529954,
            "recall": 0.42786069651741293,
            "f1": 0.4114832535885168,
            "number": 201
        },
        "overall_precision": 0.39631336405529954,
        "overall_recall": 0.42786069651741293,
        "overall_f1": 0.4114832535885168,
        "overall_accuracy": 0.9871739843966976
    },
    "overall_f1": 0.33758788334438117
}