{
    "Actor": {
        "_": {
            "precision": 0.7602040816326531,
            "recall": 0.8521241830065359,
            "f1": 0.8035439137134053,
            "number": 1224
        },
        "overall_precision": 0.7602040816326531,
        "overall_recall": 0.8521241830065359,
        "overall_f1": 0.8035439137134053,
        "overall_accuracy": 0.979622641509434
    },
    "InstrumentType": {
        "_": {
            "precision": 0.4160919540229885,
            "recall": 0.5526717557251909,
            "f1": 0.47475409836065574,
            "number": 655
        },
        "overall_precision": 0.4160919540229885,
        "overall_recall": 0.5526717557251909,
        "overall_f1": 0.47475409836065574,
        "overall_accuracy": 0.9673524041387705
    },
    "Objective": {
        "_": {
            "precision": 0.14840989399293286,
            "recall": 0.2608695652173913,
            "f1": 0.18918918918918917,
            "number": 161
        },
        "overall_precision": 0.14840989399293286,
        "overall_recall": 0.2608695652173913,
        "overall_f1": 0.18918918918918917,
        "overall_accuracy": 0.9688618381010347
    },
    "Resource": {
        "_": {
            "precision": 0.0,
            "recall": 0.0,
            "f1": 0.0,
            "number": 154
        },
        "overall_precision": 0.0,
        "overall_recall": 0.0,
        "overall_f1": 0.0,
        "overall_accuracy": 0.9900182592818015
    },
    "Time": {
        "_": {
            "precision": 0.44751381215469616,
            "recall": 0.5472972972972973,
            "f1": 0.49240121580547114,
            "number": 148
        },
        "overall_precision": 0.44751381215469616,
        "overall_recall": 0.5472972972972973,
        "overall_f1": 0.49240121580547114,
        "overall_accuracy": 0.9902860620815581
    },
    "overall_f1": 0.33693980799783063
}