{
    "Actor": {
        "_": {
            "precision": 0.8372395833333334,
            "recall": 0.8730482009504412,
            "f1": 0.8547690262545696,
            "number": 1473
        },
        "overall_precision": 0.8372395833333334,
        "overall_recall": 0.8730482009504412,
        "overall_f1": 0.8547690262545696,
        "overall_accuracy": 0.9853217084207041
    },
    "InstrumentType": {
        "_": {
            "precision": 0.5025125628140703,
            "recall": 0.43103448275862066,
            "f1": 0.46403712296983757,
            "number": 928
        },
        "overall_precision": 0.5025125628140703,
        "overall_recall": 0.43103448275862066,
        "overall_f1": 0.46403712296983757,
        "overall_accuracy": 0.9649928263988522
    },
    "Objective": {
        "_": {
            "precision": 0.12698412698412698,
            "recall": 0.16243654822335024,
            "f1": 0.14253897550111358,
            "number": 197
        },
        "overall_precision": 0.12698412698412698,
        "overall_recall": 0.16243654822335024,
        "overall_f1": 0.14253897550111358,
        "overall_accuracy": 0.9694735680388478
    },
    "Resource": {
        "_": {
            "precision": 0.15384615384615385,
            "recall": 0.01834862385321101,
            "f1": 0.03278688524590164,
            "number": 109
        },
        "overall_precision": 0.15384615384615385,
        "overall_recall": 0.01834862385321101,
        "overall_f1": 0.03278688524590164,
        "overall_accuracy": 0.9946584262222713
    },
    "Time": {
        "_": {
            "precision": 0.3346774193548387,
            "recall": 0.50920245398773,
            "f1": 0.4038929440389294,
            "number": 163
        },
        "overall_precision": 0.3346774193548387,
        "overall_recall": 0.50920245398773,
        "overall_f1": 0.4038929440389294,
        "overall_accuracy": 0.9896258691093698
    },
    "overall_f1": 0.3451851462936996
}