{
    "Actor": {
        "_": {
            "precision": 0.7988542329726289,
            "recall": 0.8502710027100271,
            "f1": 0.8237610764686577,
            "number": 1476
        },
        "overall_precision": 0.7988542329726289,
        "overall_recall": 0.8502710027100271,
        "overall_f1": 0.8237610764686577,
        "overall_accuracy": 0.983044860473331
    },
    "InstrumentType": {
        "_": {
            "precision": 0.46153846153846156,
            "recall": 0.4090909090909091,
            "f1": 0.4337349397590362,
            "number": 924
        },
        "overall_precision": 0.46153846153846156,
        "overall_recall": 0.4090909090909091,
        "overall_f1": 0.4337349397590362,
        "overall_accuracy": 0.9620496291063229
    },
    "Objective": {
        "_": {
            "precision": 0.17676767676767677,
            "recall": 0.17326732673267325,
            "f1": 0.17500000000000002,
            "number": 202
        },
        "overall_precision": 0.17676767676767677,
        "overall_recall": 0.17326732673267325,
        "overall_f1": 0.17500000000000002,
        "overall_accuracy": 0.9684519604380077
    },
    "Resource": {
        "_": {
            "precision": 0.0,
            "recall": 0.0,
            "f1": 0.0,
            "number": 110
        },
        "overall_precision": 0.0,
        "overall_recall": 0.0,
        "overall_f1": 0.0,
        "overall_accuracy": 0.994811903920876
    },
    "Time": {
        "_": {
            "precision": 0.24277456647398843,
            "recall": 0.25609756097560976,
            "f1": 0.24925816023738873,
            "number": 164
        },
        "overall_precision": 0.24277456647398843,
        "overall_recall": 0.25609756097560976,
        "overall_f1": 0.24925816023738873,
        "overall_accuracy": 0.9865330271988697
    },
    "overall_f1": 0.3261348019366532
}