{
    "Actor": {
        "_": {
            "precision": 0.790948275862069,
            "recall": 0.885048231511254,
            "f1": 0.8353566009104704,
            "number": 1244
        },
        "overall_precision": 0.790948275862069,
        "overall_recall": 0.885048231511254,
        "overall_f1": 0.8353566009104704,
        "overall_accuracy": 0.9804618117229129
    },
    "InstrumentType": {
        "_": {
            "precision": 0.5074183976261127,
            "recall": 0.47368421052631576,
            "f1": 0.489971346704871,
            "number": 722
        },
        "overall_precision": 0.5074183976261127,
        "overall_recall": 0.47368421052631576,
        "overall_f1": 0.489971346704871,
        "overall_accuracy": 0.9664435032108212
    },
    "Objective": {
        "_": {
            "precision": 0.1810344827586207,
            "recall": 0.25609756097560976,
            "f1": 0.21212121212121213,
            "number": 164
        },
        "overall_precision": 0.1810344827586207,
        "overall_recall": 0.25609756097560976,
        "overall_f1": 0.21212121212121213,
        "overall_accuracy": 0.9694220521929225
    },
    "Resource": {
        "_": {
            "precision": 0.0,
            "recall": 0.0,
            "f1": 0.0,
            "number": 75
        },
        "overall_precision": 0.0,
        "overall_recall": 0.0,
        "overall_f1": 0.0,
        "overall_accuracy": 0.9950266429840142
    },
    "Time": {
        "_": {
            "precision": 0.4435146443514644,
            "recall": 0.6022727272727273,
            "f1": 0.5108433734939759,
            "number": 176
        },
        "overall_precision": 0.4435146443514644,
        "overall_recall": 0.6022727272727273,
        "overall_f1": 0.5108433734939759,
        "overall_accuracy": 0.9902992212050826
    },
    "overall_f1": 0.3503923221706214
}