{
    "Actor": {
        "_": {
            "precision": 0.7654320987654321,
            "recall": 0.8836104513064132,
            "f1": 0.8202866593164277,
            "number": 1263
        },
        "overall_precision": 0.7654320987654321,
        "overall_recall": 0.8836104513064132,
        "overall_f1": 0.8202866593164277,
        "overall_accuracy": 0.980066886081325
    },
    "InstrumentType": {
        "_": {
            "precision": 0.5496598639455782,
            "recall": 0.5444743935309974,
            "f1": 0.5470548408937035,
            "number": 742
        },
        "overall_precision": 0.5496598639455782,
        "overall_recall": 0.5444743935309974,
        "overall_f1": 0.5470548408937035,
        "overall_accuracy": 0.9673266801146618
    },
    "Objective": {
        "_": {
            "precision": 0.20072992700729927,
            "recall": 0.3142857142857143,
            "f1": 0.24498886414253898,
            "number": 175
        },
        "overall_precision": 0.20072992700729927,
        "overall_recall": 0.3142857142857143,
        "overall_f1": 0.24498886414253898,
        "overall_accuracy": 0.968627242807092
    },
    "Resource": {
        "_": {
            "precision": 0.0,
            "recall": 0.0,
            "f1": 0.0,
            "number": 72
        },
        "overall_precision": 0.0,
        "overall_recall": 0.0,
        "overall_f1": 0.0,
        "overall_accuracy": 0.9952489648582652
    },
    "Time": {
        "_": {
            "precision": 0.51,
            "recall": 0.5862068965517241,
            "f1": 0.5454545454545454,
            "number": 174
        },
        "overall_precision": 0.51,
        "overall_recall": 0.5862068965517241,
        "overall_f1": 0.5454545454545454,
        "overall_accuracy": 0.9901794245673639
    },
    "overall_f1": 0.3582024097235426
}