{
    "Actor": {
        "_": {
            "precision": 0.7957317073170732,
            "recall": 0.8678304239401496,
            "f1": 0.8302186878727634,
            "number": 1203
        },
        "overall_precision": 0.7957317073170732,
        "overall_recall": 0.8678304239401496,
        "overall_f1": 0.8302186878727634,
        "overall_accuracy": 0.9817249277960363
    },
    "InstrumentType": {
        "_": {
            "precision": 0.4015544041450777,
            "recall": 0.5016181229773463,
            "f1": 0.4460431654676259,
            "number": 618
        },
        "overall_precision": 0.4015544041450777,
        "overall_recall": 0.5016181229773463,
        "overall_f1": 0.4460431654676259,
        "overall_accuracy": 0.9639478139627528
    },
    "Objective": {
        "_": {
            "precision": 0.1534526854219949,
            "recall": 0.27149321266968324,
            "f1": 0.19607843137254902,
            "number": 221
        },
        "overall_precision": 0.1534526854219949,
        "overall_recall": 0.27149321266968324,
        "overall_f1": 0.19607843137254902,
        "overall_accuracy": 0.9579972114331242
    },
    "Resource": {
        "_": {
            "precision": 0.20833333333333334,
            "recall": 0.045871559633027525,
            "f1": 0.07518796992481204,
            "number": 109
        },
        "overall_precision": 0.20833333333333334,
        "overall_recall": 0.045871559633027525,
        "overall_f1": 0.07518796992481204,
        "overall_accuracy": 0.9906383826312121
    },
    "Time": {
        "_": {
            "precision": 0.43521594684385384,
            "recall": 0.5822222222222222,
            "f1": 0.49809885931558934,
            "number": 225
        },
        "overall_precision": 0.43521594684385384,
        "overall_recall": 0.5822222222222222,
        "overall_f1": 0.49809885931558934,
        "overall_accuracy": 0.988223284533413
    },
    "overall_f1": 0.3423645334950715
}