{
    "Actor": {
        "_": {
            "precision": 0.7569546120058566,
            "recall": 0.8595178719866999,
            "f1": 0.804982483456598,
            "number": 1203
        },
        "overall_precision": 0.7569546120058566,
        "overall_recall": 0.8595178719866999,
        "overall_f1": 0.804982483456598,
        "overall_accuracy": 0.9789612588387611
    },
    "InstrumentType": {
        "_": {
            "precision": 0.3783783783783784,
            "recall": 0.49838187702265374,
            "f1": 0.4301675977653632,
            "number": 618
        },
        "overall_precision": 0.3783783783783784,
        "overall_recall": 0.49838187702265374,
        "overall_f1": 0.4301675977653632,
        "overall_accuracy": 0.9627029180360522
    },
    "Objective": {
        "_": {
            "precision": 0.16314199395770393,
            "recall": 0.24434389140271492,
            "f1": 0.19565217391304346,
            "number": 221
        },
        "overall_precision": 0.16314199395770393,
        "overall_recall": 0.24434389140271492,
        "overall_f1": 0.19565217391304346,
        "overall_accuracy": 0.9593665969524948
    },
    "Resource": {
        "_": {
            "precision": 0.0,
            "recall": 0.0,
            "f1": 0.0,
            "number": 109
        },
        "overall_precision": 0.0,
        "overall_recall": 0.0,
        "overall_f1": 0.0,
        "overall_accuracy": 0.9906632805497461
    },
    "Time": {
        "_": {
            "precision": 0.379182156133829,
            "recall": 0.4533333333333333,
            "f1": 0.41295546558704455,
            "number": 225
        },
        "overall_precision": 0.379182156133829,
        "overall_recall": 0.4533333333333333,
        "overall_f1": 0.41295546558704455,
        "overall_accuracy": 0.9866547156657703
    },
    "overall_f1": 0.32737978385986893
}