{
    "Actor": {
        "_": {
            "precision": 0.7632398753894081,
            "recall": 0.8340425531914893,
            "f1": 0.7970719804798699,
            "number": 1175
        },
        "overall_precision": 0.7632398753894081,
        "overall_recall": 0.8340425531914893,
        "overall_f1": 0.7970719804798699,
        "overall_accuracy": 0.9792460928623729
    },
    "InstrumentType": {
        "_": {
            "precision": 0.49387755102040815,
            "recall": 0.3941368078175896,
            "f1": 0.4384057971014493,
            "number": 614
        },
        "overall_precision": 0.49387755102040815,
        "overall_recall": 0.3941368078175896,
        "overall_f1": 0.4384057971014493,
        "overall_accuracy": 0.9687428989825031
    },
    "Objective": {
        "_": {
            "precision": 0.1423841059602649,
            "recall": 0.20187793427230047,
            "f1": 0.16699029126213594,
            "number": 213
        },
        "overall_precision": 0.1423841059602649,
        "overall_recall": 0.20187793427230047,
        "overall_f1": 0.16699029126213594,
        "overall_accuracy": 0.9602847981417426
    },
    "Resource": {
        "_": {
            "precision": 0.0,
            "recall": 0.0,
            "f1": 0.0,
            "number": 110
        },
        "overall_precision": 0.0,
        "overall_recall": 0.0,
        "overall_f1": 0.0,
        "overall_accuracy": 0.9906582169818466
    },
    "Time": {
        "_": {
            "precision": 0.4389312977099237,
            "recall": 0.572139303482587,
            "f1": 0.49676025917926575,
            "number": 201
        },
        "overall_precision": 0.4389312977099237,
        "overall_recall": 0.572139303482587,
        "overall_f1": 0.49676025917926575,
        "overall_accuracy": 0.9886888681293711
    },
    "overall_f1": 0.3282776318951908
}