{
    "Actor": {
        "_": {
            "precision": 0.7614896988906498,
            "recall": 0.8144067796610169,
            "f1": 0.787059787059787,
            "number": 1180
        },
        "overall_precision": 0.7614896988906498,
        "overall_recall": 0.8144067796610169,
        "overall_f1": 0.787059787059787,
        "overall_accuracy": 0.9783550880750221
    },
    "InstrumentType": {
        "_": {
            "precision": 0.33548387096774196,
            "recall": 0.4173354735152488,
            "f1": 0.37195994277539346,
            "number": 623
        },
        "overall_precision": 0.33548387096774196,
        "overall_recall": 0.4173354735152488,
        "overall_f1": 0.37195994277539346,
        "overall_accuracy": 0.9572931187428716
    },
    "Objective": {
        "_": {
            "precision": 0.09523809523809523,
            "recall": 0.09090909090909091,
            "f1": 0.09302325581395349,
            "number": 220
        },
        "overall_precision": 0.09523809523809523,
        "overall_recall": 0.09090909090909091,
        "overall_f1": 0.09302325581395349,
        "overall_accuracy": 0.955797744265619
    },
    "Resource": {
        "_": {
            "precision": 0.0,
            "recall": 0.0,
            "f1": 0.0,
            "number": 110
        },
        "overall_precision": 0.0,
        "overall_recall": 0.0,
        "overall_f1": 0.0,
        "overall_accuracy": 0.9909517171461159
    },
    "Time": {
        "_": {
            "precision": 0.28488372093023256,
            "recall": 0.23557692307692307,
            "f1": 0.2578947368421053,
            "number": 208
        },
        "overall_precision": 0.28488372093023256,
        "overall_recall": 0.23557692307692307,
        "overall_f1": 0.2578947368421053,
        "overall_accuracy": 0.9870231909770625
    },
    "overall_f1": 0.30193547822101324
}