{
    "Actor": {
        "_": {
            "precision": 0.7888719512195121,
            "recall": 0.8771186440677966,
            "f1": 0.8306581059390048,
            "number": 1180
        },
        "overall_precision": 0.7888719512195121,
        "overall_recall": 0.8771186440677966,
        "overall_f1": 0.8306581059390048,
        "overall_accuracy": 0.9811430743885439
    },
    "InstrumentType": {
        "_": {
            "precision": 0.432,
            "recall": 0.5200642054574639,
            "f1": 0.471959213401311,
            "number": 623
        },
        "overall_precision": 0.432,
        "overall_recall": 0.5200642054574639,
        "overall_f1": 0.471959213401311,
        "overall_accuracy": 0.965276897731593
    },
    "Objective": {
        "_": {
            "precision": 0.13962264150943396,
            "recall": 0.16818181818181818,
            "f1": 0.15257731958762885,
            "number": 220
        },
        "overall_precision": 0.13962264150943396,
        "overall_recall": 0.16818181818181818,
        "overall_f1": 0.15257731958762885,
        "overall_accuracy": 0.9633253073121277
    },
    "Resource": {
        "_": {
            "precision": 0.75,
            "recall": 0.08181818181818182,
            "f1": 0.14754098360655737,
            "number": 110
        },
        "overall_precision": 0.75,
        "overall_recall": 0.08181818181818182,
        "overall_f1": 0.14754098360655737,
        "overall_accuracy": 0.9913572424280827
    },
    "Time": {
        "_": {
            "precision": 0.46875,
            "recall": 0.4326923076923077,
            "f1": 0.45,
            "number": 208
        },
        "overall_precision": 0.46875,
        "overall_recall": 0.4326923076923077,
        "overall_f1": 0.45,
        "overall_accuracy": 0.989532378659232
    },
    "overall_f1": 0.34456465355371446
}