{
    "Actor": {
        "_": {
            "precision": 0.772318339100346,
            "recall": 0.8836104513064132,
            "f1": 0.8242245199409158,
            "number": 1263
        },
        "overall_precision": 0.772318339100346,
        "overall_recall": 0.8836104513064132,
        "overall_f1": 0.8242245199409158,
        "overall_accuracy": 0.9801730544643805
    },
    "InstrumentType": {
        "_": {
            "precision": 0.4965753424657534,
            "recall": 0.5862533692722371,
            "f1": 0.5377008652657602,
            "number": 742
        },
        "overall_precision": 0.4965753424657534,
        "overall_recall": 0.5862533692722371,
        "overall_f1": 0.5377008652657602,
        "overall_accuracy": 0.9679371483172311
    },
    "Objective": {
        "_": {
            "precision": 0.19938650306748465,
            "recall": 0.37142857142857144,
            "f1": 0.2594810379241517,
            "number": 175
        },
        "overall_precision": 0.19938650306748465,
        "overall_recall": 0.37142857142857144,
        "overall_f1": 0.2594810379241517,
        "overall_accuracy": 0.9676451852638285
    },
    "Resource": {
        "_": {
            "precision": 0.034482758620689655,
            "recall": 0.013888888888888888,
            "f1": 0.019801980198019802,
            "number": 72
        },
        "overall_precision": 0.034482758620689655,
        "overall_recall": 0.013888888888888888,
        "overall_f1": 0.019801980198019802,
        "overall_accuracy": 0.9947446650387515
    },
    "Time": {
        "_": {
            "precision": 0.5544554455445545,
            "recall": 0.6436781609195402,
            "f1": 0.5957446808510638,
            "number": 174
        },
        "overall_precision": 0.5544554455445545,
        "overall_recall": 0.6436781609195402,
        "overall_f1": 0.5957446808510638,
        "overall_accuracy": 0.9922231659411828
    },
    "overall_f1": 0.3609184226556264
}