{
    "Actor": {
        "metrics": {
            "precision": [
                0.8372395833333334,
                0.7652777777777777,
                0.7632398753894081,
                0.0,
                0.782016348773842
            ],
            "recall": [
                0.8730482009504412,
                0.8830128205128205,
                0.8340425531914893,
                0.0,
                0.8894628099173554
            ],
            "f1": [
                0.8547690262545696,
                0.819940476190476,
                0.7970719804798699,
                0.0,
                0.832286128564524
            ],
            "number": [
                1473,
                1248,
                1175,
                1226,
                968
            ]
        },
        "counts": {
            "reals": {
                "O": [
                    390,
                    452,
                    29,
                    440,
                    53
                ],
                "B": [
                    43,
                    12,
                    0,
                    14,
                    5
                ],
                "I": [
                    66,
                    1,
                    0,
                    19,
                    0
                ]
            },
            "preds": {
                "O": [
                    405,
                    450,
                    29,
                    473,
                    53
                ],
                "B": [
                    38,
                    14,
                    0,
                    0,
                    5
                ],
                "I": [
                    56,
                    1,
                    0,
                    0,
                    0
                ]
            }
        }
    },
    "InstrumentType": {
        "metrics": {
            "precision": [
                0.5025125628140703,
                0.5757097791798107,
                0.49387755102040815,
                0.0,
                0.42224744608399545
            ],
            "recall": [
                0.43103448275862066,
                0.5062413314840499,
                0.3941368078175896,
                0.0,
                0.5794392523364486
            ],
            "f1": [
                0.46403712296983757,
                0.5387453874538746,
                0.4384057971014493,
                0.0,
                0.4885095206828628
            ],
            "number": [
                928,
                721,
                614,
                658,
                642
            ]
        },
        "counts": {
            "reals": {
                "O": [
                    479,
                    461,
                    29,
                    465,
                    58
                ],
                "B": [
                    15,
                    4,
                    0,
                    4,
                    0
                ],
                "I": [
                    5,
                    0,
                    0,
                    4,
                    0
                ]
            },
            "preds": {
                "O": [
                    488,
                    462,
                    29,
                    473,
                    58
                ],
                "B": [
                    11,
                    3,
                    0,
                    0,
                    0
                ],
                "I": [
                    0,
                    0,
                    0,
                    0,
                    0
                ]
            }
        }
    },
    "Objective": {
        "metrics": {
            "precision": [
                0.12698412698412698,
                0.1902439024390244,
                0.1423841059602649,
                0.0,
                0.16666666666666666
            ],
            "recall": [
                0.16243654822335024,
                0.23353293413173654,
                0.20187793427230047,
                0.0,
                0.22641509433962265
            ],
            "f1": [
                0.14253897550111358,
                0.2096774193548387,
                0.16699029126213594,
                0.0,
                0.19199999999999998
            ],
            "number": [
                197,
                167,
                213,
                159,
                212
            ]
        },
        "counts": {
            "reals": {
                "O": [
                    492,
                    452,
                    29,
                    473,
                    58
                ],
                "B": [
                    1,
                    2,
                    0,
                    0,
                    0
                ],
                "I": [
                    6,
                    11,
                    0,
                    0,
                    0
                ]
            },
            "preds": {
                "O": [
                    499,
                    465,
                    29,
                    473,
                    58
                ],
                "B": [
                    0,
                    0,
                    0,
                    0,
                    0
                ],
                "I": [
                    0,
                    0,
                    0,
                    0,
                    0
                ]
            }
        }
    },
    "Resource": {
        "metrics": {
            "precision": [
                0.15384615384615385,
                0.0,
                0.0,
                0.0,
                0.0
            ],
            "recall": [
                0.01834862385321101,
                0.0,
                0.0,
                0.0,
                0.0
            ],
            "f1": [
                0.03278688524590164,
                0.0,
                0.0,
                0.0,
                0.0
            ],
            "number": [
                109,
                79,
                110,
                151,
                77
            ]
        },
        "counts": {
            "reals": {
                "O": [
                    499,
                    465,
                    29,
                    473,
                    58
                ],
                "B": [
                    0,
                    0,
                    0,
                    0,
                    0
                ],
                "I": [
                    0,
                    0,
                    0,
                    0,
                    0
                ]
            },
            "preds": {
                "O": [
                    499,
                    465,
                    29,
                    473,
                    58
                ],
                "B": [
                    0,
                    0,
                    0,
                    0,
                    0
                ],
                "I": [
                    0,
                    0,
                    0,
                    0,
                    0
                ]
            }
        }
    },
    "Time": {
        "metrics": {
            "precision": [
                0.3346774193548387,
                0.5,
                0.4389312977099237,
                0.0,
                0.4591194968553459
            ],
            "recall": [
                0.50920245398773,
                0.6206896551724138,
                0.572139303482587,
                0.0,
                0.45625
            ],
            "f1": [
                0.4038929440389294,
                0.5538461538461539,
                0.49676025917926575,
                0.0,
                0.4576802507836991
            ],