{
    "Actor": {
        "metrics": {
            "precision": [
                0.7988542329726289,
                0.790948275862069,
                0.7888719512195121,
                0.7602040816326531,
                0.0
            ],
            "recall": [
                0.8502710027100271,
                0.885048231511254,
                0.8771186440677966,
                0.8521241830065359,
                0.0
            ],
            "f1": [
                0.8237610764686577,
                0.8353566009104704,
                0.8306581059390048,
                0.8035439137134053,
                0.0
            ],
            "number": [
                1476,
                1244,
                1180,
                1224,
                980
            ]
        },
        "counts": {
            "reals": {
                "O": [
                    400,
                    473,
                    29,
                    467,
                    53
                ],
                "B": [
                    44,
                    12,
                    0,
                    14,
                    5
                ],
                "I": [
                    68,
                    1,
                    0,
                    19,
                    0
                ]
            },
            "preds": {
                "O": [
                    401,
                    471,
                    29,
                    476,
                    58
                ],
                "B": [
                    47,
                    14,
                    0,
                    10,
                    0
                ],
                "I": [
                    64,
                    1,
                    0,
                    14,
                    0
                ]
            }
        }
    },
    "InstrumentType": {
        "metrics": {
            "precision": [
                0.46153846153846156,
                0.5074183976261127,
                0.432,
                0.4160919540229885,
                0.0
            ],
            "recall": [
                0.4090909090909091,
                0.47368421052631576,
                0.5200642054574639,
                0.5526717557251909,
                0.0
            ],
            "f1": [
                0.4337349397590362,
                0.489971346704871,
                0.471959213401311,
                0.47475409836065574,
                0.0
            ],
            "number": [
                924,
                722,
                623,
                655,
                639
            ]
        },
        "counts": {
            "reals": {
                "O": [
                    492,
                    482,
                    29,
                    492,
                    58
                ],
                "B": [
                    15,
                    4,
                    0,
                    4,
                    0
                ],
                "I": [
                    5,
                    0,
                    0,
                    4,
                    0
                ]
            },
            "preds": {
                "O": [
                    505,
                    482,
                    29,
                    493,
                    58
                ],
                "B": [
                    7,
                    3,
                    0,
                    4,
                    0
                ],
                "I": [
                    0,
                    1,
                    0,
                    3,
                    0
                ]
            }
        }
    },
    "Objective": {
        "metrics": {
            "precision": [
                0.17676767676767677,
                0.1810344827586207,
                0.13962264150943396,
                0.14840989399293286,
                0.0
            ],
            "recall": [
                0.17326732673267325,
                0.25609756097560976,
                0.16818181818181818,
                0.2608695652173913,
                0.0
            ],
            "f1": [
                0.17500000000000002,
                0.21212121212121213,
                0.15257731958762885,
                0.18918918918918917,
                0.0
            ],
            "number": [
                202,
                164,
                220,
                161,
                213
            ]
        },
        "counts": {
            "reals": {
                "O": [
                    505,
                    473,
                    29,
                    500,
                    58
                ],
                "B": [
                    1,
                    2,
                    0,
                    0,
                    0
                ],
                "I": [
                    6,
                    11,
                    0,
                    0,
                    0
                ]
            },
            "preds": {
                "O": [
                    496,
                    480,
                    29,
                    500,
                    58
                ],
                "B": [
                    3,
                    2,
                    0,
                    0,
                    0
                ],
                "I": [
                    13,
                    4,
                    0,
                    0,
                    0
                ]
            }
        }
    },
    "Resource": {
        "metrics": {
            "precision": [
                0.0,
                0.0,
                0.75,
                0.0,
                0.0
            ],
            "recall": [
                0.0,
                0.0,
                0.08181818181818182,
                0.0,
                0.0
            ],
            "f1": [
                0.0,
                0.0,
                0.14754098360655737,
                0.0,
                0.0
            ],
            "number": [
                110,
                75,
                110,
                154,
                79
            ]
        },
        "counts": {
            "reals": {
                "O": [
                    512,
                    486,
                    29,
                    500,
                    58
                ],
                "B": [
                    0,
                    0,
                    0,
                    0,
                    0
                ],
                "I": [
                    0,
                    0,
                    0,
                    0,
                    0
                ]
            },
            "preds": {
                "O": [
                    512,
                    486,
                    29,
                    500,
                    58
                ],
                "B": [
                    0,
                    0,
                    0,
                    0,
                    0
                ],
                "I": [
                    0,
                    0,
                    0,
                    0,
                    0
                ]
            }
        }
    },
    "Time": {
        "metrics": {
            "precision": [
                0.24277456647398843,
                0.4435146443514644,
                0.46875,
                0.44751381215469616,
                0.0
            ],
            "recall": [
                0.25609756097560976,
                0.6022727272727273,
                0.4326923076923077,
                0.5472972972972973,
                0.0
            ],
            "f1": [
                0.24925816023738873,
                0.5108433734939759,
                0.45,
                0.49240121580547114,
                0.0
            ],