{
    "Actor": {
        "metrics": {
            "precision": [
                0.7956337174044875,
                0.7654320987654321,
                0.7569546120058566
            ],
            "recall": [
                0.8688741721854305,
                0.8836104513064132,
                0.8595178719866999
            ],
            "f1": [
                0.8306426084203861,
                0.8202866593164277,
                0.804982483456598
            ],
            "number": [
                1510,
                1263,
                1203
            ]
        },
        "counts": {
            "reals": {
                "O": [
                    335,
                    378,
                    29
                ],
                "B": [
                    40,
                    10,
                    0
                ],
                "I": [
                    65,
                    1,
                    0
                ]
            },
            "preds": {
                "O": [
                    347,
                    376,
                    29
                ],
                "B": [
                    45,
                    12,
                    0
                ],
                "I": [
                    48,
                    1,
                    0
                ]
            }
        }
    },
    "InstrumentType": {
        "metrics": {
            "precision": [
                0.43506493506493504,
                0.5496598639455782,
                0.3783783783783784
            ],
            "recall": [
                0.43838604143947657,
                0.5444743935309974,
                0.49838187702265374
            ],
            "f1": [
                0.4367191743617599,
                0.5470548408937035,
                0.4301675977653632
            ],
            "number": [
                917,
                742,
                618
            ]
        },
        "counts": {
            "reals": {
                "O": [
                    420,
                    387,
                    29
                ],
                "B": [
                    15,
                    2,
                    0
                ],
                "I": [
                    5,
                    0,
                    0
                ]
            },
            "preds": {
                "O": [
                    434,
                    388,
                    29
                ],
                "B": [
                    6,
                    1,
                    0
                ],
                "I": [
                    0,
                    0,
                    0
                ]
            }
        }
    },
    "Objective": {
        "metrics": {
            "precision": [
                0.09137055837563451,
                0.20072992700729927,
                0.16314199395770393
            ],
            "recall": [
                0.09090909090909091,
                0.3142857142857143,
                0.24434389140271492
            ],
            "f1": [
                0.09113924050632911,
                0.24498886414253898,
                0.19565217391304346
            ],
            "number": [
                198,
                175,
                221
            ]
        },
        "counts": {
            "reals": {
                "O": [
                    440,
                    382,
                    29
                ],
                "B": [
                    0,
                    1,
                    0
                ],
                "I": [
                    0,
                    6,
                    0
                ]
            },
            "preds": {
                "O": [
                    438,
                    383,
                    29
                ],
                "B": [
                    1,
                    1,
                    0
                ],
                "I": [
                    1,
                    5,
                    0
                ]
            }
        }
    },
    "Resource": {
        "metrics": {
            "precision": [
                0.0,
                0.0,
                0.0
            ],
            "recall": [
                0.0,
                0.0,
                0.0
            ],
            "f1": [
                0.0,
                0.0,
                0.0
            ],
            "number": [
                107,
                72,
                109
            ]
        },
        "counts": {
            "reals": {
                "O": [
                    440,
                    389,
                    29
                ],
                "B": [
                    0,
                    0,
                    0
                ],
                "I": [
                    0,
                    0,
                    0
                ]
            },
            "preds": {
                "O": [
                    440,
                    389,
                    29
                ],
                "B": [
                    0,
                    0,
                    0
                ],
                "I": [
                    0,
                    0,
                    0
                ]
            }
        }
    },
    "Time": {
        "metrics": {
            "precision": [
                0.34375,
                0.51,
                0.379182156133829
            ],
            "recall": [
                0.463855421686747,
                0.5862068965517241,
                0.4533333333333333
            ],
            "f1": [
                0.3948717948717949,
                0.5454545454545454,
                0.41295546558704455
            ],
            "number": [
                166,
                174,
                225
            ]
        },
        "counts": {
            "reals": {
                "O": [
                    437,
                    382,
                    14
                ],
                "B": [
                    1,
                    3,
                    1
                ],
                "I": [
                    2,
                    4,
                    14
                ]
            },
            "preds": {
                "O": [
                    432,
                    382,
                    13
                ],
                "B": [
                    1,
                    3,
                    2
                ],
                "I": [
                    7,
                    4,
                    14
                ]
            }
        }
    }
}