{
    "Actor": {
        "metrics": {
            "precision": [
                0.7715645449137418,
                0.772318339100346,
                0.7957317073170732,
                0.7860326894502229,
                0.8089171974522293
            ],
            "recall": [
                0.8589403973509934,
                0.8836104513064132,
                0.8678304239401496,
                0.8357030015797788,
                0.8907815631262525
            ],
            "f1": [
                0.8129113130680037,
                0.8242245199409158,
                0.8302186878727634,
                0.8101071975497702,
                0.8478779208392943
            ],
            "number": [
                1510,
                1263,
                1203,
                1266,
                998
            ]
        },
        "counts": {
            "reals": {
                "O": [
                    335,
                    378,
                    29,
                    349,
                    53
                ],
                "B": [
                    40,
                    10,
                    0,
                    13,
                    5
                ],
                "I": [
                    65,
                    1,
                    0,
                    19,
                    0
                ]
            },
            "preds": {
                "O": [
                    338,
                    376,
                    29,
                    359,
                    53
                ],
                "B": [
                    46,
                    12,
                    0,
                    12,
                    5
                ],
                "I": [
                    56,
                    1,
                    0,
                    10,
                    0
                ]
            }
        }
    },
    "InstrumentType": {
        "metrics": {
            "precision": [
                0.4452405322415558,
                0.4965753424657534,
                0.4015544041450777,
                0.3909266409266409,
                0.4699386503067485
            ],
            "recall": [
                0.4743729552889858,
                0.5862533692722371,
                0.5016181229773463,
                0.5547945205479452,
                0.5566860465116279
            ],
            "f1": [
                0.45934530095036963,
                0.5377008652657602,
                0.4460431654676259,
                0.45866364665911663,
                0.5096473719228211
            ],
            "number": [
                917,
                742,
                618,
                730,
                688
            ]
        },
        "counts": {
            "reals": {
                "O": [
                    420,
                    387,
                    29,
                    373,
                    58
                ],
                "B": [
                    15,
                    2,
                    0,
                    4,
                    0
                ],
                "I": [
                    5,
                    0,
                    0,
                    4,
                    0
                ]
            },
            "preds": {
                "O": [
                    427,
                    388,
                    29,
                    371,
                    58
                ],
                "B": [
                    13,
                    1,
                    0,
                    7,
                    0
                ],
                "I": [
                    0,
                    0,
                    0,
                    3,
                    0
                ]
            }
        }
    },
    "Objective": {
        "metrics": {
            "precision": [
                0.11627906976744186,
                0.19938650306748465,
                0.1534526854219949,
                0.2584745762711864,
                0.16209476309226933
            ],
            "recall": [
                0.12626262626262627,
                0.37142857142857144,
                0.27149321266968324,
                0.3505747126436782,
                0.3037383177570093
            ],
            "f1": [
                0.12106537530266344,
                0.2594810379241517,
                0.19607843137254902,
                0.29756097560975603,
                0.21138211382113822
            ],
            "number": [
                198,
                175,
                221,
                174,
                214
            ]
        },
        "counts": {
            "reals": {
                "O": [
                    440,
                    382,
                    29,
                    381,
                    58
                ],
                "B": [
                    0,
                    1,
                    0,
                    0,
                    0
                ],
                "I": [
                    0,
                    6,
                    0,
                    0,
                    0
                ]
            },
            "preds": {
                "O": [
                    439,
                    384,
                    29,
                    381,
                    58
                ],
                "B": [
                    1,
                    2,
                    0,
                    0,
                    0
                ],
                "I": [
                    0,
                    3,
                    0,
                    0,
                    0
                ]
            }
        }
    },
    "Resource": {
        "metrics": {
            "precision": [
                0.3333333333333333,
                0.034482758620689655,
                0.20833333333333334,
                0.2807017543859649,
                0.18085106382978725
            ],
            "recall": [
                0.06542056074766354,
                0.013888888888888888,
                0.045871559633027525,
                0.22695035460992907,
                0.2073170731707317
            ],
            "f1": [
                0.10937499999999999,
                0.019801980198019802,
                0.07518796992481204,
                0.25098039215686274,
                0.19318181818181818
            ],
            "number": [
                107,
                72,
                109,
                141,
                82
            ]
        },
        "counts": {
            "reals": {
                "O": [
                    440,
                    389,
                    29,
                    381,
                    58
                ],
                "B": [
                    0,
                    0,
                    0,
                    0,
                    0
                ],
                "I": [
                    0,
                    0,
                    0,
                    0,
                    0
                ]
            },
            "preds": {
                "O": [
                    440,
                    389,
                    29,
                    378,
                    58
                ],
                "B": [
                    0,
                    0,
                    0,
                    3,
                    0
                ],
                "I": [
                    0,
                    0,
                    0,
                    0,
                    0
                ]
            }
        }
    },
    "Time": {
        "metrics": {
            "precision": [
                0.3541666666666667,
                0.5544554455445545,
                0.43521594684385384,
                0.4688995215311005,
                0.5722222222222222
            ],