{
    "Actor": {
        "metrics": {
            "precision": [
                0.7936507936507936,
                0.7767923133776792,
                0.7731554160125589
            ],
            "recall": [
                0.8130081300813008,
                0.844855305466238,
                0.8347457627118644
            ],
            "f1": [
                0.8032128514056225,
                0.8093954562957258,
                0.8027709861450694
            ],
            "number": [
                1476,
                1244,
                1180
            ]
        },
        "counts": {
            "reals": {
                "O": [
                    400,
                    473,
                    29
                ],
                "B": [
                    44,
                    12,
                    0
                ],
                "I": [
                    68,
                    1,
                    0
                ]
            },
            "preds": {
                "O": [
                    408,
                    471,
                    29
                ],
                "B": [
                    47,
                    14,
                    0
                ],
                "I": [
                    57,
                    1,
                    0
                ]
            }
        }
    },
    "InstrumentType": {
        "metrics": {
            "precision": [
                0.4187380497131931,
                0.39903846153846156,
                0.3670886075949367
            ],
            "recall": [
                0.474025974025974,
                0.3448753462603878,
                0.4189406099518459
            ],
            "f1": [
                0.4446700507614213,
                0.36998514115898956,
                0.3913043478260869
            ],
            "number": [
                924,
                722,
                623
            ]
        },
        "counts": {
            "reals": {
                "O": [
                    492,
                    482,
                    29
                ],
                "B": [
                    15,
                    4,
                    0
                ],
                "I": [
                    5,
                    0,
                    0
                ]
            },
            "preds": {
                "O": [
                    508,
                    484,
                    29
                ],
                "B": [
                    4,
                    2,
                    0
                ],
                "I": [
                    0,
                    0,
                    0
                ]
            }
        }
    },
    "Objective": {
        "metrics": {
            "precision": [
                0.13565891472868216,
                0.12552301255230125,
                0.1328125
            ],
            "recall": [
                0.17326732673267325,
                0.18292682926829268,
                0.15454545454545454
            ],
            "f1": [
                0.15217391304347827,
                0.14888337468982632,
                0.14285714285714285
            ],
            "number": [
                202,
                164,
                220
            ]
        },
        "counts": {
            "reals": {
                "O": [
                    505,
                    473,
                    29
                ],
                "B": [
                    1,
                    2,
                    0
                ],
                "I": [
                    6,
                    11,
                    0
                ]
            },
            "preds": {
                "O": [
                    504,
                    481,
                    29
                ],
                "B": [
                    2,
                    2,
                    0
                ],
                "I": [
                    6,
                    3,
                    0
                ]
            }
        }
    },
    "Resource": {
        "metrics": {
            "precision": [
                0.0,
                0.0,
                0.0
            ],
            "recall": [
                0.0,
                0.0,
                0.0
            ],
            "f1": [
                0.0,
                0.0,
                0.0
            ],
            "number": [
                110,
                75,
                110
            ]
        },
        "counts": {
            "reals": {
                "O": [
                    512,
                    486,
                    29
                ],
                "B": [
                    0,
                    0,
                    0
                ],
                "I": [
                    0,
                    0,
                    0
                ]
            },
            "preds": {
                "O": [
                    512,
                    486,
                    29
                ],
                "B": [
                    0,
                    0,
                    0
                ],
                "I": [
                    0,
                    0,
                    0
                ]
            }
        }
    },
    "Time": {
        "metrics": {
            "precision": [
                0.24528301886792453,
                0.2848101265822785,
                0.36633663366336633
            ],
            "recall": [
                0.3170731707317073,
                0.2556818181818182,
                0.3557692307692308
            ],
            "f1": [
                0.2765957446808511,
                0.2694610778443114,
                0.3609756097560976
            ],
            "number": [
                164,
                176,
                208
            ]
        },
        "counts": {
            "reals": {
                "O": [
                    506,
                    475,
                    14
                ],
                "B": [
                    2,
                    5,
                    1
                ],
                "I": [
                    4,
                    6,
                    14
                ]
            },
            "preds": {
                "O": [
                    500,
                    475,
                    11
                ],
                "B": [
                    2,
                    3,
                    1
                ],
                "I": [
                    10,
                    8,
                    17
                ]
            }
        }
    }
}