{
    "Actor": {
        "metrics": {
            "precision": [
                0.0,
                0.0,
                0.0,
                0.1545275590551181,
                0.0
            ],
            "recall": [
                0.0,
                0.0,
                0.0,
                0.2507987220447284,
                0.0
            ],
            "f1": [
                0.0,
                0.0,
                0.0,
                0.19123020706455543,
                0.0
            ],
            "number": [
                1496,
                1249,
                1205,
                1252,
                981
            ]
        },
        "counts": {
            "reals": {
                "O": [
                    318,
                    397,
                    29,
                    376,
                    55
                ],
                "B": [
                    38,
                    10,
                    0,
                    13,
                    5
                ],
                "I": [
                    66,
                    1,
                    0,
                    22,
                    0
                ]
            },
            "preds": {
                "O": [
                    422,
                    408,
                    29,
                    403,
                    60
                ],
                "B": [
                    0,
                    0,
                    0,
                    8,
                    0
                ],
                "I": [
                    0,
                    0,
                    0,
                    0,
                    0
                ]
            }
        }
    },
    "InstrumentType": {
        "metrics": {
            "precision": [
                0.0,
                0.0,
                0.0,
                0.0,
                0.0
            ],
            "recall": [
                0.0,
                0.0,
                0.0,
                0.0,
                0.0
            ],
            "f1": [
                0.0,
                0.0,
                0.0,
                0.0,
                0.0
            ],
            "number": [
                914,
                734,
                615,
                717,
                688
            ]
        },
        "counts": {
            "reals": {
                "O": [
                    404,
                    406,
                    29,
                    403,
                    60
                ],
                "B": [
                    13,
                    2,
                    0,
                    4,
                    0
                ],
                "I": [
                    5,
                    0,
                    0,
                    4,
                    0
                ]
            },
            "preds": {
                "O": [
                    422,
                    408,
                    29,
                    411,
                    60
                ],
                "B": [
                    0,
                    0,
                    0,
                    0,
                    0
                ],
                "I": [
                    0,
                    0,
                    0,
                    0,
                    0
                ]
            }
        }
    },
    "Objective": {
        "metrics": {
            "precision": [
                0.0,
                0.0,
                0.0,
                0.0,
                0.0
            ],
            "recall": [
                0.0,
                0.0,
                0.0,
                0.0,
                0.0
            ],
            "f1": [
                0.0,
                0.0,
                0.0,
                0.0,
                0.0
            ],
            "number": [
                202,
                175,
                226,
                174,
                215
            ]
        },
        "counts": {
            "reals": {
                "O": [
                    422,
                    401,
                    29,
                    411,
                    60
                ],
                "B": [
                    0,
                    1,
                    0,
                    0,
                    0
                ],
                "I": [
                    0,
                    6,
                    0,
                    0,
                    0
                ]
            },
            "preds": {
                "O": [
                    422,
                    408,
                    29,
                    411,
                    60
                ],
                "B": [
                    0,
                    0,
                    0,
                    0,
                    0
                ],
                "I": [
                    0,
                    0,
                    0,
                    0,
                    0
                ]
            }
        }
    },
    "Resource": {
        "metrics": {
            "precision": [
                0.0,
                0.0,
                0.0,
                0.0,
                0.0
            ],
            "recall": [
                0.0,
                0.0,
                0.0,
                0.0,
                0.0
            ],
            "f1": [
                0.0,
                0.0,
                0.0,
                0.0,
                0.0
            ],
            "number": [
                106,
                71,
                108,
                140,
                82
            ]
        },
        "counts": {
            "reals": {
                "O": [
                    422,
                    408,
                    29,
                    411,
                    60
                ],
                "B": [
                    0,
                    0,
                    0,
                    0,
                    0
                ],
                "I": [
                    0,
                    0,
                    0,
                    0,
                    0
                ]
            },
            "preds": {
                "O": [
                    422,
                    408,
                    29,
                    411,
                    60
                ],
                "B": [
                    0,
                    0,
                    0,
                    0,
                    0
                ],
                "I": [
                    0,
                    0,
                    0,
                    0,
                    0
                ]
            }
        }
    },
    "Time": {
        "metrics": {
            "precision": [
                0.0,
                0.0,
                0.0,
                0.0,
                0.0
            ],
            "recall": [
                0.0,
                0.0,
                0.0,
                0.0,
                0.0
            ],
            "f1": [
                0.0,
                0.0,
                0.0,
                0.0,
                0.0
            ],
            "number": [
                167,
                175,
                221,
                155,
                163
            ]
        },
        "counts": {
            "reals": {
                "O": [
                    419,
                    396,
                    14,
                    411,
                    60
                ],
                "B": [
                    1,
                    4,
                    1,
                    0,
                    0
                ],
                "I": [
                    2,
                    8,
                    14,
                    0,
                    0
                ]
            },