{
    "Actor": {
        "metrics": {
            "precision": [
                0.7836812144212524,
                0.7468727005150846,
                0.730593607305936
            ],
            "recall": [
                0.8282085561497327,
                0.8126501200960768,
                0.7966804979253111
            ],
            "f1": [
                0.8053298667533313,
                0.7783742331288344,
                0.7622072250893213
            ],
            "number": [
                1496,
                1249,
                1205
            ]
        },
        "counts": {
            "reals": {
                "O": [
                    318,
                    397,
                    29
                ],
                "B": [
                    38,
                    10,
                    0
                ],
                "I": [
                    66,
                    1,
                    0
                ]
            },
            "preds": {
                "O": [
                    347,
                    396,
                    29
                ],
                "B": [
                    35,
                    11,
                    0
                ],
                "I": [
                    40,
                    1,
                    0
                ]
            }
        }
    },
    "InstrumentType": {
        "metrics": {
            "precision": [
                0.3222811671087533,
                0.41518578352180935,
                0.3956043956043956
            ],
            "recall": [
                0.2658643326039387,
                0.35013623978201636,
                0.35121951219512193
            ],
            "f1": [
                0.2913669064748201,
                0.37989652623798964,
                0.3720930232558139
            ],
            "number": [
                914,
                734,
                615
            ]
        },
        "counts": {
            "reals": {
                "O": [
                    404,
                    406,
                    29
                ],
                "B": [
                    13,
                    2,
                    0
                ],
                "I": [
                    5,
                    0,
                    0
                ]
            },
            "preds": {
                "O": [
                    415,
                    407,
                    29
                ],
                "B": [
                    7,
                    1,
                    0
                ],
                "I": [
                    0,
                    0,
                    0
                ]
            }
        }
    },
    "Objective": {
        "metrics": {
            "precision": [
                0.16,
                0.11913357400722022,
                0.09595959595959595
            ],
            "recall": [
                0.15841584158415842,
                0.18857142857142858,
                0.168141592920354
            ],
            "f1": [
                0.15920398009950248,
                0.14601769911504425,
                0.12218649517684889
            ],
            "number": [
                202,
                175,
                226
            ]
        },
        "counts": {
            "reals": {
                "O": [
                    422,
                    401,
                    29
                ],
                "B": [
                    0,
                    1,
                    0
                ],
                "I": [
                    0,
                    6,
                    0
                ]
            },
            "preds": {
                "O": [
                    422,
                    402,
                    29
                ],
                "B": [
                    0,
                    2,
                    0
                ],
                "I": [
                    0,
                    4,
                    0
                ]
            }
        }
    },
    "Resource": {
        "metrics": {
            "precision": [
                0.0,
                0.0,
                0.0
            ],
            "recall": [
                0.0,
                0.0,
                0.0
            ],
            "f1": [
                0.0,
                0.0,
                0.0
            ],
            "number": [
                106,
                71,
                108
            ]
        },
        "counts": {
            "reals": {
                "O": [
                    422,
                    408,
                    29
                ],
                "B": [
                    0,
                    0,
                    0
                ],
                "I": [
                    0,
                    0,
                    0
                ]
            },
            "preds": {
                "O": [
                    422,
                    408,
                    29
                ],
                "B": [
                    0,
                    0,
                    0
                ],
                "I": [
                    0,
                    0,
                    0
                ]
            }
        }
    },
    "Time": {
        "metrics": {
            "precision": [
                0.3317972350230415,
                0.4020618556701031,
                0.4819277108433735
            ],
            "recall": [
                0.4311377245508982,
                0.44571428571428573,
                0.5429864253393665
            ],
            "f1": [
                0.37500000000000006,
                0.42276422764227645,
                0.5106382978723404
            ],
            "number": [
                167,
                175,
                221
            ]
        },
        "counts": {
            "reals": {
                "O": [
                    419,
                    396,
                    14
                ],
                "B": [
                    1,
                    4,
                    1
                ],
                "I": [
                    2,
                    8,
                    14
                ]
            },
            "preds": {
                "O": [
                    415,
                    398,
                    14
                ],
                "B": [
                    1,
                    4,
                    1
                ],
                "I": [
                    6,
                    6,
                    14
                ]
            }
        }
    }
}