{
    "Actor": {
        "metrics": {
            "precision": [
                0.8311195445920304,
                0.7752100840336135,
                0.786158631415241
            ],
            "recall": [
                0.8920570264765784,
                0.8870192307692307,
                0.8604255319148936
            ],
            "f1": [
                0.8605108055009822,
                0.827354260089686,
                0.8216172287687932
            ],
            "number": [
                1473,
                1248,
                1175
            ]
        },
        "counts": {
            "reals": {
                "O": [
                    390,
                    452,
                    29
                ],
                "B": [
                    43,
                    12,
                    0
                ],
                "I": [
                    66,
                    1,
                    0
                ]
            },
            "preds": {
                "O": [
                    401,
                    450,
                    29
                ],
                "B": [
                    46,
                    14,
                    0
                ],
                "I": [
                    52,
                    1,
                    0
                ]
            }
        }
    },
    "InstrumentType": {
        "metrics": {
            "precision": [
                0.49530761209593327,
                0.48846153846153845,
                0.4592274678111588
            ],
            "recall": [
                0.5118534482758621,
                0.5284327323162274,
                0.5228013029315961
            ],
            "f1": [
                0.50344462109168,
                0.5076615589606929,
                0.488956587966489
            ],
            "number": [
                928,
                721,
                614
            ]
        },
        "counts": {
            "reals": {
                "O": [
                    479,
                    461,
                    29
                ],
                "B": [
                    15,
                    4,
                    0
                ],
                "I": [
                    5,
                    0,
                    0
                ]
            },
            "preds": {
                "O": [
                    486,
                    462,
                    29
                ],
                "B": [
                    13,
                    3,
                    0
                ],
                "I": [
                    0,
                    0,
                    0
                ]
            }
        }
    },
    "Objective": {
        "metrics": {
            "precision": [
                0.13310580204778158,
                0.13333333333333333,
                0.09961685823754789
            ],
            "recall": [
                0.19796954314720813,
                0.17964071856287425,
                0.12206572769953052
            ],
            "f1": [
                0.15918367346938775,
                0.15306122448979592,
                0.10970464135021096
            ],
            "number": [
                197,
                167,
                213
            ]
        },
        "counts": {
            "reals": {
                "O": [
                    492,
                    452,
                    29
                ],
                "B": [
                    1,
                    2,
                    0
                ],
                "I": [
                    6,
                    11,
                    0
                ]
            },
            "preds": {
                "O": [
                    494,
                    453,
                    29
                ],
                "B": [
                    2,
                    4,
                    0
                ],
                "I": [
                    3,
                    8,
                    0
                ]
            }
        }
    },
    "Resource": {
        "metrics": {
            "precision": [
                0.0,
                0.0,
                0.0
            ],
            "recall": [
                0.0,
                0.0,
                0.0
            ],
            "f1": [
                0.0,
                0.0,
                0.0
            ],
            "number": [
                109,
                79,
                110
            ]
        },
        "counts": {
            "reals": {
                "O": [
                    499,
                    465,
                    29
                ],
                "B": [
                    0,
                    0,
                    0
                ],
                "I": [
                    0,
                    0,
                    0
                ]
            },
            "preds": {
                "O": [
                    499,
                    465,
                    29
                ],
                "B": [
                    0,
                    0,
                    0
                ],
                "I": [
                    0,
                    0,
                    0
                ]
            }
        }
    },
    "Time": {
        "metrics": {
            "precision": [
                0.27906976744186046,
                0.4387755102040816,
                0.39631336405529954
            ],
            "recall": [
                0.36809815950920244,
                0.4942528735632184,
                0.42786069651741293
            ],
            "f1": [
                0.31746031746031744,
                0.46486486486486484,
                0.4114832535885168
            ],
            "number": [
                163,
                174,
                201
            ]
        },
        "counts": {
            "reals": {
                "O": [
                    493,
                    454,
                    14
                ],
                "B": [
                    2,
                    5,
                    1
                ],
                "I": [
                    4,
                    6,
                    14
                ]
            },
            "preds": {
                "O": [
                    486,
                    455,
                    13
                ],
                "B": [
                    2,
                    6,
                    1
                ],
                "I": [
                    11,
                    4,
                    15
                ]
            }
        }
    }
}