{
    "Actor": {
        "metrics": {
            "precision": [
                0.7653731343283582,
                0.7818181818181819,
                0.7614896988906498
            ],
            "recall": [
                0.8685636856368564,
                0.8641479099678456,
                0.8144067796610169
            ],
            "f1": [
                0.8137099333544906,
                0.8209240168003055,
                0.787059787059787
            ],
            "number": [
                1476,
                1244,
                1180
            ]
        },
        "counts": {
            "reals": {
                "O": [
                    400,
                    473,
                    29
                ],
                "B": [
                    44,
                    12,
                    0
                ],
                "I": [
                    68,
                    1,
                    0
                ]
            },
            "preds": {
                "O": [
                    401,
                    471,
                    29
                ],
                "B": [
                    44,
                    14,
                    0
                ],
                "I": [
                    67,
                    1,
                    0
                ]
            }
        }
    },
    "InstrumentType": {
        "metrics": {
            "precision": [
                0.4129511677282378,
                0.4708588957055215,
                0.33548387096774196
            ],
            "recall": [
                0.420995670995671,
                0.425207756232687,
                0.4173354735152488
            ],
            "f1": [
                0.4169346195069667,
                0.4468704512372635,
                0.37195994277539346
            ],
            "number": [
                924,
                722,
                623
            ]
        },
        "counts": {
            "reals": {
                "O": [
                    492,
                    482,
                    29
                ],
                "B": [
                    15,
                    4,
                    0
                ],
                "I": [
                    5,
                    0,
                    0
                ]
            },
            "preds": {
                "O": [
                    499,
                    481,
                    29
                ],
                "B": [
                    11,
                    4,
                    0
                ],
                "I": [
                    2,
                    1,
                    0
                ]
            }
        }
    },
    "Objective": {
        "metrics": {
            "precision": [
                0.0935672514619883,
                0.143646408839779,
                0.09523809523809523
            ],
            "recall": [
                0.15841584158415842,
                0.15853658536585366,
                0.09090909090909091
            ],
            "f1": [
                0.1176470588235294,
                0.1507246376811594,
                0.09302325581395349
            ],
            "number": [
                202,
                164,
                220
            ]
        },
        "counts": {
            "reals": {
                "O": [
                    505,
                    473,
                    29
                ],
                "B": [
                    1,
                    2,
                    0
                ],
                "I": [
                    6,
                    11,
                    0
                ]
            },
            "preds": {
                "O": [
                    491,
                    482,
                    29
                ],
                "B": [
                    4,
                    2,
                    0
                ],
                "I": [
                    17,
                    2,
                    0
                ]
            }
        }
    },
    "Resource": {
        "metrics": {
            "precision": [
                0.0,
                0.0,
                0.0
            ],
            "recall": [
                0.0,
                0.0,
                0.0
            ],
            "f1": [
                0.0,
                0.0,
                0.0
            ],
            "number": [
                110,
                75,
                110
            ]
        },
        "counts": {
            "reals": {
                "O": [
                    512,
                    486,
                    29
                ],
                "B": [
                    0,
                    0,
                    0
                ],
                "I": [
                    0,
                    0,
                    0
                ]
            },
            "preds": {
                "O": [
                    512,
                    486,
                    29
                ],
                "B": [
                    0,
                    0,
                    0
                ],
                "I": [
                    0,
                    0,
                    0
                ]
            }
        }
    },
    "Time": {
        "metrics": {
            "precision": [
                0.18636363636363637,
                0.36312849162011174,
                0.28488372093023256
            ],
            "recall": [
                0.25,
                0.3693181818181818,
                0.23557692307692307
            ],
            "f1": [
                0.21354166666666666,
                0.36619718309859156,
                0.2578947368421053
            ],
            "number": [
                164,
                176,
                208
            ]
        },
        "counts": {
            "reals": {
                "O": [
                    506,
                    475,
                    14
                ],
                "B": [
                    2,
                    5,
                    1
                ],
                "I": [
                    4,
                    6,
                    14
                ]
            },
            "preds": {
                "O": [
                    495,
                    475,
                    11
                ],
                "B": [
                    3,
                    3,
                    1
                ],
                "I": [
                    14,
                    8,
                    17
                ]
            }
        }
    }
}