{
    "Actor": {
        "metrics": {
            "precision": 0.7860326894502229,
            "recall": 0.8357030015797788,
            "f1": 0.8101071975497702,
            "number": 1266
        },
        "counts": {
            "reals": {
                "O": 349,
                "B": 13,
                "I": 19
            },
            "preds": {
                "O": 359,
                "B": 12,
                "I": 10
            }
        }
    },
    "InstrumentType": {
        "metrics": {
            "precision": 0.3909266409266409,
            "recall": 0.5547945205479452,
            "f1": 0.45866364665911663,
            "number": 730
        },
        "counts": {
            "reals": {
                "O": 373,
                "B": 4,
                "I": 4
            },
            "preds": {
                "O": 371,
                "B": 7,
                "I": 3
            }
        }
    },
    "Objective": {
        "metrics": {
            "precision": 0.2584745762711864,
            "recall": 0.3505747126436782,
            "f1": 0.29756097560975603,
            "number": 174
        },
        "counts": {
            "reals": {
                "O": 381
            },
            "preds": {
                "O": 381
            }
        }
    },
    "Resource": {
        "metrics": {
            "precision": 0.2807017543859649,
            "recall": 0.22695035460992907,
            "f1": 0.25098039215686274,
            "number": 141
        },
        "counts": {
            "reals": {
                "O": 381
            },
            "preds": {
                "O": 378,
                "B": 3
            }
        }
    },
    "Time": {
        "metrics": {
            "precision": 0.4688995215311005,
            "recall": 0.6242038216560509,
            "f1": 0.5355191256830601,
            "number": 157
        },
        "counts": {
            "reals": {
                "O": 381
            },
            "preds": {
                "O": 381
            }
        }
    }
}