{
    "Actor": {
        "metrics": {
            "precision": 0.730593607305936,
            "recall": 0.7966804979253111,
            "f1": 0.7622072250893213,
            "number": 1205
        },
        "counts": {
            "reals": {
                "O": 29
            },
            "preds": {
                "O": 29
            }
        }
    },
    "InstrumentType": {
        "metrics": {
            "precision": 0.3956043956043956,
            "recall": 0.35121951219512193,
            "f1": 0.3720930232558139,
            "number": 615
        },
        "counts": {
            "reals": {
                "O": 29
            },
            "preds": {
                "O": 29
            }
        }
    },
    "Objective": {
        "metrics": {
            "precision": 0.09595959595959595,
            "recall": 0.168141592920354,
            "f1": 0.12218649517684889,
            "number": 226
        },
        "counts": {
            "reals": {
                "O": 29
            },
            "preds": {
                "O": 29
            }
        }
    },
    "Resource": {
        "metrics": {
            "precision": 0.0,
            "recall": 0.0,
            "f1": 0.0,
            "number": 108
        },
        "counts": {
            "reals": {
                "O": 29
            },
            "preds": {
                "O": 29
            }
        }
    },
    "Time": {
        "metrics": {
            "precision": 0.4819277108433735,
            "recall": 0.5429864253393665,
            "f1": 0.5106382978723404,
            "number": 221
        },
        "counts": {
            "reals": {
                "O": 14,
                "B": 1,
                "I": 14
            },
            "preds": {
                "O": 14,
                "B": 1,
                "I": 14
            }
        }
    }
}