{
    "Actor": {
        "metrics": {
            "precision": 0.786158631415241,
            "recall": 0.8604255319148936,
            "f1": 0.8216172287687932,
            "number": 1175
        },
        "counts": {
            "reals": {
                "O": 29
            },
            "preds": {
                "O": 29
            }
        }
    },
    "InstrumentType": {
        "metrics": {
            "precision": 0.4592274678111588,
            "recall": 0.5228013029315961,
            "f1": 0.488956587966489,
            "number": 614
        },
        "counts": {
            "reals": {
                "O": 29
            },
            "preds": {
                "O": 29
            }
        }
    },
    "Objective": {
        "metrics": {
            "precision": 0.09961685823754789,
            "recall": 0.12206572769953052,
            "f1": 0.10970464135021096,
            "number": 213
        },
        "counts": {
            "reals": {
                "O": 29
            },
            "preds": {
                "O": 29
            }
        }
    },
    "Resource": {
        "metrics": {
            "precision": 0.0,
            "recall": 0.0,
            "f1": 0.0,
            "number": 110
        },
        "counts": {
            "reals": {
                "O": 29
            },
            "preds": {
                "O": 29
            }
        }
    },
    "Time": {
        "metrics": {
            "precision": 0.39631336405529954,
            "recall": 0.42786069651741293,
            "f1": 0.4114832535885168,
            "number": 201
        },
        "counts": {
            "reals": {
                "O": 14,
                "B": 1,
                "I": 14
            },
            "preds": {
                "O": 13,
                "B": 1,
                "I": 15
            }
        }
    }
}