{
    "Actor": {
        "metrics": {
            "precision": 0.7956337174044875,
            "recall": 0.8688741721854305,
            "f1": 0.8306426084203861,
            "number": 1510
        },
        "counts": {
            "reals": {
                "O": 335,
                "B": 40,
                "I": 65
            },
            "preds": {
                "O": 347,
                "B": 45,
                "I": 48
            }
        }
    },
    "InstrumentType": {
        "metrics": {
            "precision": 0.43506493506493504,
            "recall": 0.43838604143947657,
            "f1": 0.4367191743617599,
            "number": 917
        },
        "counts": {
            "reals": {
                "O": 420,
                "B": 15,
                "I": 5
            },
            "preds": {
                "O": 434,
                "B": 6
            }
        }
    },
    "Objective": {
        "metrics": {
            "precision": 0.09137055837563451,
            "recall": 0.09090909090909091,
            "f1": 0.09113924050632911,
            "number": 198
        },
        "counts": {
            "reals": {
                "O": 440
            },
            "preds": {
                "O": 438,
                "B": 1,
                "I": 1
            }
        }
    },
    "Resource": {
        "metrics": {
            "precision": 0.0,
            "recall": 0.0,
            "f1": 0.0,
            "number": 107
        },
        "counts": {
            "reals": {
                "O": 440
            },
            "preds": {
                "O": 440
            }
        }
    },
    "Time": {
        "metrics": {
            "precision": 0.34375,
            "recall": 0.463855421686747,
            "f1": 0.3948717948717949,
            "number": 166
        },
        "counts": {
            "reals": {
                "O": 437,
                "B": 1,
                "I": 2
            },
            "preds": {
                "O": 432,
                "B": 1,
                "I": 7
            }
        }
    }
}