{
    "Actor": {
        "metrics": {
            "precision": 0.7468727005150846,
            "recall": 0.8126501200960768,
            "f1": 0.7783742331288344,
            "number": 1249
        },
        "counts": {
            "reals": {
                "O": 397,
                "B": 10,
                "I": 1
            },
            "preds": {
                "O": 396,
                "B": 11,
                "I": 1
            }
        }
    },
    "InstrumentType": {
        "metrics": {
            "precision": 0.41518578352180935,
            "recall": 0.35013623978201636,
            "f1": 0.37989652623798964,
            "number": 734
        },
        "counts": {
            "reals": {
                "O": 406,
                "B": 2
            },
            "preds": {
                "O": 407,
                "B": 1
            }
        }
    },
    "Objective": {
        "metrics": {
            "precision": 0.11913357400722022,
            "recall": 0.18857142857142858,
            "f1": 0.14601769911504425,
            "number": 175
        },
        "counts": {
            "reals": {
                "O": 401,
                "B": 1,
                "I": 6
            },
            "preds": {
                "O": 402,
                "B": 2,
                "I": 4
            }
        }
    },
    "Resource": {
        "metrics": {
            "precision": 0.0,
            "recall": 0.0,
            "f1": 0.0,
            "number": 71
        },
        "counts": {
            "reals": {
                "O": 408
            },
            "preds": {
                "O": 408
            }
        }
    },
    "Time": {
        "metrics": {
            "precision": 0.4020618556701031,
            "recall": 0.44571428571428573,
            "f1": 0.42276422764227645,
            "number": 175
        },
        "counts": {
            "reals": {
                "O": 396,
                "B": 4,
                "I": 8
            },
            "preds": {
                "O": 398,
                "B": 4,
                "I": 6
            }
        }
    }
}