{
    "Actor": {
        "metrics": {
            "precision": 0.7936507936507936,
            "recall": 0.8130081300813008,
            "f1": 0.8032128514056225,
            "number": 1476
        },
        "counts": {
            "reals": {
                "O": 400,
                "B": 44,
                "I": 68
            },
            "preds": {
                "O": 408,
                "B": 47,
                "I": 57
            }
        }
    },
    "InstrumentType": {
        "metrics": {
            "precision": 0.4187380497131931,
            "recall": 0.474025974025974,
            "f1": 0.4446700507614213,
            "number": 924
        },
        "counts": {
            "reals": {
                "O": 492,
                "B": 15,
                "I": 5
            },
            "preds": {
                "O": 508,
                "B": 4
            }
        }
    },
    "Objective": {
        "metrics": {
            "precision": 0.13565891472868216,
            "recall": 0.17326732673267325,
            "f1": 0.15217391304347827,
            "number": 202
        },
        "counts": {
            "reals": {
                "O": 505,
                "B": 1,
                "I": 6
            },
            "preds": {
                "O": 504,
                "B": 2,
                "I": 6
            }
        }
    },
    "Resource": {
        "metrics": {
            "precision": 0.0,
            "recall": 0.0,
            "f1": 0.0,
            "number": 110
        },
        "counts": {
            "reals": {
                "O": 512
            },
            "preds": {
                "O": 512
            }
        }
    },
    "Time": {
        "metrics": {
            "precision": 0.24528301886792453,
            "recall": 0.3170731707317073,
            "f1": 0.2765957446808511,
            "number": 164
        },
        "counts": {
            "reals": {
                "O": 506,
                "B": 2,
                "I": 4
            },
            "preds": {
                "O": 500,
                "B": 2,
                "I": 10
            }
        }
    }
}