{
    "Actor": {
        "metrics": {
            "precision": 0.7767923133776792,
            "recall": 0.844855305466238,
            "f1": 0.8093954562957258,
            "number": 1244
        },
        "counts": {
            "reals": {
                "O": 473,
                "B": 12,
                "I": 1
            },
            "preds": {
                "O": 471,
                "B": 14,
                "I": 1
            }
        }
    },
    "InstrumentType": {
        "metrics": {
            "precision": 0.39903846153846156,
            "recall": 0.3448753462603878,
            "f1": 0.36998514115898956,
            "number": 722
        },
        "counts": {
            "reals": {
                "O": 482,
                "B": 4
            },
            "preds": {
                "O": 484,
                "B": 2
            }
        }
    },
    "Objective": {
        "metrics": {
            "precision": 0.12552301255230125,
            "recall": 0.18292682926829268,
            "f1": 0.14888337468982632,
            "number": 164
        },
        "counts": {
            "reals": {
                "O": 473,
                "B": 2,
                "I": 11
            },
            "preds": {
                "O": 481,
                "B": 2,
                "I": 3
            }
        }
    },
    "Resource": {
        "metrics": {
            "precision": 0.0,
            "recall": 0.0,
            "f1": 0.0,
            "number": 75
        },
        "counts": {
            "reals": {
                "O": 486
            },
            "preds": {
                "O": 486
            }
        }
    },
    "Time": {
        "metrics": {
            "precision": 0.2848101265822785,
            "recall": 0.2556818181818182,
            "f1": 0.2694610778443114,
            "number": 176
        },
        "counts": {
            "reals": {
                "O": 475,
                "B": 5,
                "I": 6
            },
            "preds": {
                "O": 475,
                "B": 3,
                "I": 8
            }
        }
    }
}