{
    "Actor": {
        "metrics": {
            "precision": 0.7602040816326531,
            "recall": 0.8521241830065359,
            "f1": 0.8035439137134053,
            "number": 1224
        },
        "counts": {
            "reals": {
                "O": 467,
                "B": 14,
                "I": 19
            },
            "preds": {
                "O": 476,
                "B": 10,
                "I": 14
            }
        }
    },
    "InstrumentType": {
        "metrics": {
            "precision": 0.4160919540229885,
            "recall": 0.5526717557251909,
            "f1": 0.47475409836065574,
            "number": 655
        },
        "counts": {
            "reals": {
                "O": 492,
                "B": 4,
                "I": 4
            },
            "preds": {
                "O": 493,
                "B": 4,
                "I": 3
            }
        }
    },
    "Objective": {
        "metrics": {
            "precision": 0.14840989399293286,
            "recall": 0.2608695652173913,
            "f1": 0.18918918918918917,
            "number": 161
        },
        "counts": {
            "reals": {
                "O": 500
            },
            "preds": {
                "O": 500
            }
        }
    },
    "Resource": {
        "metrics": {
            "precision": 0.0,
            "recall": 0.0,
            "f1": 0.0,
            "number": 154
        },
        "counts": {
            "reals": {
                "O": 500
            },
            "preds": {
                "O": 500
            }
        }
    },
    "Time": {
        "metrics": {
            "precision": 0.44751381215469616,
            "recall": 0.5472972972972973,
            "f1": 0.49240121580547114,
            "number": 148
        },
        "counts": {
            "reals": {
                "O": 500
            },
            "preds": {
                "O": 500
            }
        }
    }
}