{
    "Actor": {
        "metrics": {
            "precision": 0.7614896988906498,
            "recall": 0.8144067796610169,
            "f1": 0.787059787059787,
            "number": 1180
        },
        "counts": {
            "reals": {
                "O": 29
            },
            "preds": {
                "O": 29
            }
        }
    },
    "InstrumentType": {
        "metrics": {
            "precision": 0.33548387096774196,
            "recall": 0.4173354735152488,
            "f1": 0.37195994277539346,
            "number": 623
        },
        "counts": {
            "reals": {
                "O": 29
            },
            "preds": {
                "O": 29
            }
        }
    },
    "Objective": {
        "metrics": {
            "precision": 0.09523809523809523,
            "recall": 0.09090909090909091,
            "f1": 0.09302325581395349,
            "number": 220
        },
        "counts": {
            "reals": {
                "O": 29
            },
            "preds": {
                "O": 29
            }
        }
    },
    "Resource": {
        "metrics": {
            "precision": 0.0,
            "recall": 0.0,
            "f1": 0.0,
            "number": 110
        },
        "counts": {
            "reals": {
                "O": 29
            },
            "preds": {
                "O": 29
            }
        }
    },
    "Time": {
        "metrics": {
            "precision": 0.28488372093023256,
            "recall": 0.23557692307692307,
            "f1": 0.2578947368421053,
            "number": 208
        },
        "counts": {
            "reals": {
                "O": 14,
                "B": 1,
                "I": 14
            },
            "preds": {
                "O": 11,
                "B": 1,
                "I": 17
            }
        }
    }
}