{
    "Actor": {
        "metrics": {
            "precision": 0.7818181818181819,
            "recall": 0.8641479099678456,
            "f1": 0.8209240168003055,
            "number": 1244
        },
        "counts": {
            "reals": {
                "O": 473,
                "B": 12,
                "I": 1
            },
            "preds": {
                "O": 471,
                "B": 14,
                "I": 1
            }
        }
    },
    "InstrumentType": {
        "metrics": {
            "precision": 0.4708588957055215,
            "recall": 0.425207756232687,
            "f1": 0.4468704512372635,
            "number": 722
        },
        "counts": {
            "reals": {
                "O": 482,
                "B": 4
            },
            "preds": {
                "O": 481,
                "B": 4,
                "I": 1
            }
        }
    },
    "Objective": {
        "metrics": {
            "precision": 0.143646408839779,
            "recall": 0.15853658536585366,
            "f1": 0.1507246376811594,
            "number": 164
        },
        "counts": {
            "reals": {
                "O": 473,
                "B": 2,
                "I": 11
            },
            "preds": {
                "O": 482,
                "B": 2,
                "I": 2
            }
        }
    },
    "Resource": {
        "metrics": {
            "precision": 0.0,
            "recall": 0.0,
            "f1": 0.0,
            "number": 75
        },
        "counts": {
            "reals": {
                "O": 486
            },
            "preds": {
                "O": 486
            }
        }
    },
    "Time": {
        "metrics": {
            "precision": 0.36312849162011174,
            "recall": 0.3693181818181818,
            "f1": 0.36619718309859156,
            "number": 176
        },
        "counts": {
            "reals": {
                "O": 475,
                "B": 5,
                "I": 6
            },
            "preds": {
                "O": 475,
                "B": 3,
                "I": 8
            }
        }
    }
}