{
    "Actor": {
        "metrics": {
            "precision": 0.772318339100346,
            "recall": 0.8836104513064132,
            "f1": 0.8242245199409158,
            "number": 1263
        },
        "counts": {
            "reals": {
                "O": 378,
                "B": 10,
                "I": 1
            },
            "preds": {
                "O": 376,
                "B": 12,
                "I": 1
            }
        }
    },
    "InstrumentType": {
        "metrics": {
            "precision": 0.4965753424657534,
            "recall": 0.5862533692722371,
            "f1": 0.5377008652657602,
            "number": 742
        },
        "counts": {
            "reals": {
                "O": 387,
                "B": 2
            },
            "preds": {
                "O": 388,
                "B": 1
            }
        }
    },
    "Objective": {
        "metrics": {
            "precision": 0.19938650306748465,
            "recall": 0.37142857142857144,
            "f1": 0.2594810379241517,
            "number": 175
        },
        "counts": {
            "reals": {
                "O": 382,
                "B": 1,
                "I": 6
            },
            "preds": {
                "O": 384,
                "B": 2,
                "I": 3
            }
        }
    },
    "Resource": {
        "metrics": {
            "precision": 0.034482758620689655,
            "recall": 0.013888888888888888,
            "f1": 0.019801980198019802,
            "number": 72
        },
        "counts": {
            "reals": {
                "O": 389
            },
            "preds": {
                "O": 389
            }
        }
    },
    "Time": {
        "metrics": {
            "precision": 0.5544554455445545,
            "recall": 0.6436781609195402,
            "f1": 0.5957446808510638,
            "number": 174
        },
        "counts": {
            "reals": {
                "O": 382,
                "B": 3,
                "I": 4
            },
            "preds": {
                "O": 381,
                "B": 4,
                "I": 4
            }
        }
    }
}