{
    "Actor": {
        "metrics": {
            "precision": 0.7654320987654321,
            "recall": 0.8836104513064132,
            "f1": 0.8202866593164277,
            "number": 1263
        },
        "counts": {
            "reals": {
                "O": 378,
                "B": 10,
                "I": 1
            },
            "preds": {
                "O": 376,
                "B": 12,
                "I": 1
            }
        }
    },
    "InstrumentType": {
        "metrics": {
            "precision": 0.5496598639455782,
            "recall": 0.5444743935309974,
            "f1": 0.5470548408937035,
            "number": 742
        },
        "counts": {
            "reals": {
                "O": 387,
                "B": 2
            },
            "preds": {
                "O": 388,
                "B": 1
            }
        }
    },
    "Objective": {
        "metrics": {
            "precision": 0.20072992700729927,
            "recall": 0.3142857142857143,
            "f1": 0.24498886414253898,
            "number": 175
        },
        "counts": {
            "reals": {
                "O": 382,
                "B": 1,
                "I": 6
            },
            "preds": {
                "O": 383,
                "B": 1,
                "I": 5
            }
        }
    },
    "Resource": {
        "metrics": {
            "precision": 0.0,
            "recall": 0.0,
            "f1": 0.0,
            "number": 72
        },
        "counts": {
            "reals": {
                "O": 389
            },
            "preds": {
                "O": 389
            }
        }
    },
    "Time": {
        "metrics": {
            "precision": 0.51,
            "recall": 0.5862068965517241,
            "f1": 0.5454545454545454,
            "number": 174
        },
        "counts": {
            "reals": {
                "O": 382,
                "B": 3,
                "I": 4
            },
            "preds": {
                "O": 382,
                "B": 3,
                "I": 4
            }
        }
    }
}