{
    "Actor": {
        "metrics": {
            "precision": 0.790948275862069,
            "recall": 0.885048231511254,
            "f1": 0.8353566009104704,
            "number": 1244
        },
        "counts": {
            "reals": {
                "O": 473,
                "B": 12,
                "I": 1
            },
            "preds": {
                "O": 471,
                "B": 14,
                "I": 1
            }
        }
    },
    "InstrumentType": {
        "metrics": {
            "precision": 0.5074183976261127,
            "recall": 0.47368421052631576,
            "f1": 0.489971346704871,
            "number": 722
        },
        "counts": {
            "reals": {
                "O": 482,
                "B": 4
            },
            "preds": {
                "O": 482,
                "B": 3,
                "I": 1
            }
        }
    },
    "Objective": {
        "metrics": {
            "precision": 0.1810344827586207,
            "recall": 0.25609756097560976,
            "f1": 0.21212121212121213,
            "number": 164
        },
        "counts": {
            "reals": {
                "O": 473,
                "B": 2,
                "I": 11
            },
            "preds": {
                "O": 480,
                "B": 2,
                "I": 4
            }
        }
    },
    "Resource": {
        "metrics": {
            "precision": 0.0,
            "recall": 0.0,
            "f1": 0.0,
            "number": 75
        },
        "counts": {
            "reals": {
                "O": 486
            },
            "preds": {
                "O": 486
            }
        }
    },
    "Time": {
        "metrics": {
            "precision": 0.4435146443514644,
            "recall": 0.6022727272727273,
            "f1": 0.5108433734939759,
            "number": 176
        },
        "counts": {
            "reals": {
                "O": 475,
                "B": 5,
                "I": 6
            },
            "preds": {
                "O": 471,
                "B": 8,
                "I": 7
            }
        }
    }
}