{
    "Actor": {
        "metrics": {
            "precision": 0.7988542329726289,
            "recall": 0.8502710027100271,
            "f1": 0.8237610764686577,
            "number": 1476
        },
        "counts": {
            "reals": {
                "O": 400,
                "B": 44,
                "I": 68
            },
            "preds": {
                "O": 401,
                "B": 47,
                "I": 64
            }
        }
    },
    "InstrumentType": {
        "metrics": {
            "precision": 0.46153846153846156,
            "recall": 0.4090909090909091,
            "f1": 0.4337349397590362,
            "number": 924
        },
        "counts": {
            "reals": {
                "O": 492,
                "B": 15,
                "I": 5
            },
            "preds": {
                "O": 505,
                "B": 7
            }
        }
    },
    "Objective": {
        "metrics": {
            "precision": 0.17676767676767677,
            "recall": 0.17326732673267325,
            "f1": 0.17500000000000002,
            "number": 202
        },
        "counts": {
            "reals": {
                "O": 505,
                "B": 1,
                "I": 6
            },
            "preds": {
                "O": 496,
                "B": 3,
                "I": 13
            }
        }
    },
    "Resource": {
        "metrics": {
            "precision": 0.0,
            "recall": 0.0,
            "f1": 0.0,
            "number": 110
        },
        "counts": {
            "reals": {
                "O": 512
            },
            "preds": {
                "O": 512
            }
        }
    },
    "Time": {
        "metrics": {
            "precision": 0.24277456647398843,
            "recall": 0.25609756097560976,
            "f1": 0.24925816023738873,
            "number": 164
        },
        "counts": {
            "reals": {
                "O": 506,
                "B": 2,
                "I": 4
            },
            "preds": {
                "O": 498,
                "B": 2,
                "I": 12
            }
        }
    }
}