{
    "Actor": {
        "metrics": {
            "precision": 0.7632398753894081,
            "recall": 0.8340425531914893,
            "f1": 0.7970719804798699,
            "number": 1175
        },
        "counts": {
            "reals": {
                "O": 29
            },
            "preds": {
                "O": 29
            }
        }
    },
    "InstrumentType": {
        "metrics": {
            "precision": 0.49387755102040815,
            "recall": 0.3941368078175896,
            "f1": 0.4384057971014493,
            "number": 614
        },
        "counts": {
            "reals": {
                "O": 29
            },
            "preds": {
                "O": 29
            }
        }
    },
    "Objective": {
        "metrics": {
            "precision": 0.1423841059602649,
            "recall": 0.20187793427230047,
            "f1": 0.16699029126213594,
            "number": 213
        },
        "counts": {
            "reals": {
                "O": 29
            },
            "preds": {
                "O": 29
            }
        }
    },
    "Resource": {
        "metrics": {
            "precision": 0.0,
            "recall": 0.0,
            "f1": 0.0,
            "number": 110
        },
        "counts": {
            "reals": {
                "O": 29
            },
            "preds": {
                "O": 29
            }
        }
    },
    "Time": {
        "metrics": {
            "precision": 0.4389312977099237,
            "recall": 0.572139303482587,
            "f1": 0.49676025917926575,
            "number": 201
        },
        "counts": {
            "reals": {
                "O": 14,
                "B": 1,
                "I": 14
            },
            "preds": {
                "O": 13,
                "B": 1,
                "I": 15
            }
        }
    }
}