{
    "Actor": {
        "metrics": {
            "precision": 0.8089171974522293,
            "recall": 0.8907815631262525,
            "f1": 0.8478779208392943,
            "number": 998
        },
        "counts": {
            "reals": {
                "O": 53,
                "B": 5
            },
            "preds": {
                "O": 53,
                "B": 5
            }
        }
    },
    "InstrumentType": {
        "metrics": {
            "precision": 0.4699386503067485,
            "recall": 0.5566860465116279,
            "f1": 0.5096473719228211,
            "number": 688
        },
        "counts": {
            "reals": {
                "O": 58
            },
            "preds": {
                "O": 58
            }
        }
    },
    "Objective": {
        "metrics": {
            "precision": 0.16209476309226933,
            "recall": 0.3037383177570093,
            "f1": 0.21138211382113822,
            "number": 214
        },
        "counts": {
            "reals": {
                "O": 58
            },
            "preds": {
                "O": 58
            }
        }
    },
    "Resource": {
        "metrics": {
            "precision": 0.18085106382978725,
            "recall": 0.2073170731707317,
            "f1": 0.19318181818181818,
            "number": 82
        },
        "counts": {
            "reals": {
                "O": 58
            },
            "preds": {
                "O": 58
            }
        }
    },
    "Time": {
        "metrics": {
            "precision": 0.5722222222222222,
            "recall": 0.6280487804878049,
            "f1": 0.5988372093023254,
            "number": 164
        },
        "counts": {
            "reals": {
                "O": 58
            },
            "preds": {
                "O": 58
            }
        }
    }
}