{
    "Actor": {
        "metrics": {
            "precision": 0.7715645449137418,
            "recall": 0.8589403973509934,
            "f1": 0.8129113130680037,
            "number": 1510
        },
        "counts": {
            "reals": {
                "O": 335,
                "B": 40,
                "I": 65
            },
            "preds": {
                "O": 338,
                "B": 46,
                "I": 56
            }
        }
    },
    "InstrumentType": {
        "metrics": {
            "precision": 0.4452405322415558,
            "recall": 0.4743729552889858,
            "f1": 0.45934530095036963,
            "number": 917
        },
        "counts": {
            "reals": {
                "O": 420,
                "B": 15,
                "I": 5
            },
            "preds": {
                "O": 427,
                "B": 13
            }
        }
    },
    "Objective": {
        "metrics": {
            "precision": 0.11627906976744186,
            "recall": 0.12626262626262627,
            "f1": 0.12106537530266344,
            "number": 198
        },
        "counts": {
            "reals": {
                "O": 440
            },
            "preds": {
                "O": 439,
                "B": 1
            }
        }
    },
    "Resource": {
        "metrics": {
            "precision": 0.3333333333333333,
            "recall": 0.06542056074766354,
            "f1": 0.10937499999999999,
            "number": 107
        },
        "counts": {
            "reals": {
                "O": 440
            },
            "preds": {
                "O": 440
            }
        }
    },
    "Time": {
        "metrics": {
            "precision": 0.3541666666666667,
            "recall": 0.5120481927710844,
            "f1": 0.4187192118226602,
            "number": 166
        },
        "counts": {
            "reals": {
                "O": 437,
                "B": 1,
                "I": 2
            },
            "preds": {
                "O": 433,
                "B": 1,
                "I": 6
            }
        }
    }
}