{
    "Actor": {
        "metrics": {
            "precision": 0.8372395833333334,
            "recall": 0.8730482009504412,
            "f1": 0.8547690262545696,
            "number": 1473
        },
        "counts": {
            "reals": {
                "O": 390,
                "B": 43,
                "I": 66
            },
            "preds": {
                "O": 405,
                "B": 38,
                "I": 56
            }
        }
    },
    "InstrumentType": {
        "metrics": {
            "precision": 0.5025125628140703,
            "recall": 0.43103448275862066,
            "f1": 0.46403712296983757,
            "number": 928
        },
        "counts": {
            "reals": {
                "O": 479,
                "B": 15,
                "I": 5
            },
            "preds": {
                "O": 488,
                "B": 11
            }
        }
    },
    "Objective": {
        "metrics": {
            "precision": 0.12698412698412698,
            "recall": 0.16243654822335024,
            "f1": 0.14253897550111358,
            "number": 197
        },
        "counts": {
            "reals": {
                "O": 492,
                "B": 1,
                "I": 6
            },
            "preds": {
                "O": 499
            }
        }
    },
    "Resource": {
        "metrics": {
            "precision": 0.15384615384615385,
            "recall": 0.01834862385321101,
            "f1": 0.03278688524590164,
            "number": 109
        },
        "counts": {
            "reals": {
                "O": 499
            },
            "preds": {
                "O": 499
            }
        }
    },
    "Time": {
        "metrics": {
            "precision": 0.3346774193548387,
            "recall": 0.50920245398773,
            "f1": 0.4038929440389294,
            "number": 163
        },
        "counts": {
            "reals": {
                "O": 493,
                "B": 2,
                "I": 4
            },
            "preds": {
                "O": 482,
                "B": 2,
                "I": 15
            }
        }
    }
}