{
    "Actor": {
        "metrics": {
            "precision": 0.7652777777777777,
            "recall": 0.8830128205128205,
            "f1": 0.819940476190476,
            "number": 1248
        },
        "counts": {
            "reals": {
                "O": 452,
                "B": 12,
                "I": 1
            },
            "preds": {
                "O": 450,
                "B": 14,
                "I": 1
            }
        }
    },
    "InstrumentType": {
        "metrics": {
            "precision": 0.5757097791798107,
            "recall": 0.5062413314840499,
            "f1": 0.5387453874538746,
            "number": 721
        },
        "counts": {
            "reals": {
                "O": 461,
                "B": 4
            },
            "preds": {
                "O": 462,
                "B": 3
            }
        }
    },
    "Objective": {
        "metrics": {
            "precision": 0.1902439024390244,
            "recall": 0.23353293413173654,
            "f1": 0.2096774193548387,
            "number": 167
        },
        "counts": {
            "reals": {
                "O": 452,
                "B": 2,
                "I": 11
            },
            "preds": {
                "O": 465
            }
        }
    },
    "Resource": {
        "metrics": {
            "precision": 0.0,
            "recall": 0.0,
            "f1": 0.0,
            "number": 79
        },
        "counts": {
            "reals": {
                "O": 465
            },
            "preds": {
                "O": 465
            }
        }
    },
    "Time": {
        "metrics": {
            "precision": 0.5,
            "recall": 0.6206896551724138,
            "f1": 0.5538461538461539,
            "number": 174
        },
        "counts": {
            "reals": {
                "O": 454,
                "B": 5,
                "I": 6
            },
            "preds": {
                "O": 452,
                "B": 9,
                "I": 4
            }
        }
    }
}