{
    "Actor": {
        "metrics": {
            "precision": 0.7752100840336135,
            "recall": 0.8870192307692307,
            "f1": 0.827354260089686,
            "number": 1248
        },
        "counts": {
            "reals": {
                "O": 452,
                "B": 12,
                "I": 1
            },
            "preds": {
                "O": 450,
                "B": 14,
                "I": 1
            }
        }
    },
    "InstrumentType": {
        "metrics": {
            "precision": 0.48846153846153845,
            "recall": 0.5284327323162274,
            "f1": 0.5076615589606929,
            "number": 721
        },
        "counts": {
            "reals": {
                "O": 461,
                "B": 4
            },
            "preds": {
                "O": 462,
                "B": 3
            }
        }
    },
    "Objective": {
        "metrics": {
            "precision": 0.13333333333333333,
            "recall": 0.17964071856287425,
            "f1": 0.15306122448979592,
            "number": 167
        },
        "counts": {
            "reals": {
                "O": 452,
                "B": 2,
                "I": 11
            },
            "preds": {
                "O": 453,
                "B": 4,
                "I": 8
            }
        }
    },
    "Resource": {
        "metrics": {
            "precision": 0.0,
            "recall": 0.0,
            "f1": 0.0,
            "number": 79
        },
        "counts": {
            "reals": {
                "O": 465
            },
            "preds": {
                "O": 465
            }
        }
    },
    "Time": {
        "metrics": {
            "precision": 0.4387755102040816,
            "recall": 0.4942528735632184,
            "f1": 0.46486486486486484,
            "number": 174
        },
        "counts": {
            "reals": {
                "O": 454,
                "B": 5,
                "I": 6
            },
            "preds": {
                "O": 455,
                "B": 6,
                "I": 4
            }
        }
    }
}