{
    "Actor": {
        "metrics": {
            "precision": 0.7957317073170732,
            "recall": 0.8678304239401496,
            "f1": 0.8302186878727634,
            "number": 1203
        },
        "counts": {
            "reals": {
                "O": 29
            },
            "preds": {
                "O": 29
            }
        }
    },
    "InstrumentType": {
        "metrics": {
            "precision": 0.4015544041450777,
            "recall": 0.5016181229773463,
            "f1": 0.4460431654676259,
            "number": 618
        },
        "counts": {
            "reals": {
                "O": 29
            },
            "preds": {
                "O": 29
            }
        }
    },
    "Objective": {
        "metrics": {
            "precision": 0.1534526854219949,
            "recall": 0.27149321266968324,
            "f1": 0.19607843137254902,
            "number": 221
        },
        "counts": {
            "reals": {
                "O": 29
            },
            "preds": {
                "O": 29
            }
        }
    },
    "Resource": {
        "metrics": {
            "precision": 0.20833333333333334,
            "recall": 0.045871559633027525,
            "f1": 0.07518796992481204,
            "number": 109
        },
        "counts": {
            "reals": {
                "O": 29
            },
            "preds": {
                "O": 29
            }
        }
    },
    "Time": {
        "metrics": {
            "precision": 0.43521594684385384,
            "recall": 0.5822222222222222,
            "f1": 0.49809885931558934,
            "number": 225
        },
        "counts": {
            "reals": {
                "O": 14,
                "B": 1,
                "I": 14
            },
            "preds": {
                "O": 14,
                "B": 1,
                "I": 14
            }
        }
    }
}