{
    "Actor": {
        "metrics": {
            "precision": 0.8311195445920304,
            "recall": 0.8920570264765784,
            "f1": 0.8605108055009822,
            "number": 1473
        },
        "counts": {
            "reals": {
                "O": 390,
                "B": 43,
                "I": 66
            },
            "preds": {
                "O": 401,
                "B": 46,
                "I": 52
            }
        }
    },
    "InstrumentType": {
        "metrics": {
            "precision": 0.49530761209593327,
            "recall": 0.5118534482758621,
            "f1": 0.50344462109168,
            "number": 928
        },
        "counts": {
            "reals": {
                "O": 479,
                "B": 15,
                "I": 5
            },
            "preds": {
                "O": 486,
                "B": 13
            }
        }
    },
    "Objective": {
        "metrics": {
            "precision": 0.13310580204778158,
            "recall": 0.19796954314720813,
            "f1": 0.15918367346938775,
            "number": 197
        },
        "counts": {
            "reals": {
                "O": 492,
                "B": 1,
                "I": 6
            },
            "preds": {
                "O": 494,
                "B": 2,
                "I": 3
            }
        }
    },
    "Resource": {
        "metrics": {
            "precision": 0.0,
            "recall": 0.0,
            "f1": 0.0,
            "number": 109
        },
        "counts": {
            "reals": {
                "O": 499
            },
            "preds": {
                "O": 499
            }
        }
    },
    "Time": {
        "metrics": {
            "precision": 0.27906976744186046,
            "recall": 0.36809815950920244,
            "f1": 0.31746031746031744,
            "number": 163
        },
        "counts": {
            "reals": {
                "O": 493,
                "B": 2,
                "I": 4
            },
            "preds": {
                "O": 486,
                "B": 2,
                "I": 11
            }
        }
    }
}