{
    "Actor": {
        "metrics": {
            "precision": 0.7836812144212524,
            "recall": 0.8282085561497327,
            "f1": 0.8053298667533313,
            "number": 1496
        },
        "counts": {
            "reals": {
                "O": 318,
                "B": 38,
                "I": 66
            },
            "preds": {
                "O": 347,
                "B": 35,
                "I": 40
            }
        }
    },
    "InstrumentType": {
        "metrics": {
            "precision": 0.3222811671087533,
            "recall": 0.2658643326039387,
            "f1": 0.2913669064748201,
            "number": 914
        },
        "counts": {
            "reals": {
                "O": 404,
                "B": 13,
                "I": 5
            },
            "preds": {
                "O": 415,
                "B": 7
            }
        }
    },
    "Objective": {
        "metrics": {
            "precision": 0.16,
            "recall": 0.15841584158415842,
            "f1": 0.15920398009950248,
            "number": 202
        },
        "counts": {
            "reals": {
                "O": 422
            },
            "preds": {
                "O": 422
            }
        }
    },
    "Resource": {
        "metrics": {
            "precision": 0.0,
            "recall": 0.0,
            "f1": 0.0,
            "number": 106
        },
        "counts": {
            "reals": {
                "O": 422
            },
            "preds": {
                "O": 422
            }
        }
    },
    "Time": {
        "metrics": {
            "precision": 0.3317972350230415,
            "recall": 0.4311377245508982,
            "f1": 0.37500000000000006,
            "number": 167
        },
        "counts": {
            "reals": {
                "O": 419,
                "B": 1,
                "I": 2
            },
            "preds": {
                "O": 415,
                "B": 1,
                "I": 6
            }
        }
    }
}