{
    "Actor": {
        "metrics": {
            "precision": 0.7653731343283582,
            "recall": 0.8685636856368564,
            "f1": 0.8137099333544906,
            "number": 1476
        },
        "counts": {
            "reals": {
                "O": 400,
                "B": 44,
                "I": 68
            },
            "preds": {
                "O": 401,
                "B": 44,
                "I": 67
            }
        }
    },
    "InstrumentType": {
        "metrics": {
            "precision": 0.4129511677282378,
            "recall": 0.420995670995671,
            "f1": 0.4169346195069667,
            "number": 924
        },
        "counts": {
            "reals": {
                "O": 492,
                "B": 15,
                "I": 5
            },
            "preds": {
                "O": 499,
                "B": 11,
                "I": 2
            }
        }
    },
    "Objective": {
        "metrics": {
            "precision": 0.0935672514619883,
            "recall": 0.15841584158415842,
            "f1": 0.1176470588235294,
            "number": 202
        },
        "counts": {
            "reals": {
                "O": 505,
                "B": 1,
                "I": 6
            },
            "preds": {
                "O": 491,
                "B": 4,
                "I": 17
            }
        }
    },
    "Resource": {
        "metrics": {
            "precision": 0.0,
            "recall": 0.0,
            "f1": 0.0,
            "number": 110
        },
        "counts": {
            "reals": {
                "O": 512
            },
            "preds": {
                "O": 512
            }
        }
    },
    "Time": {
        "metrics": {
            "precision": 0.18636363636363637,
            "recall": 0.25,
            "f1": 0.21354166666666666,
            "number": 164
        },
        "counts": {
            "reals": {
                "O": 506,
                "B": 2,
                "I": 4
            },
            "preds": {
                "O": 495,
                "B": 3,
                "I": 14
            }
        }
    }
}