{
    "Actor": {
        "metrics": {
            "precision": 0.7888719512195121,
            "recall": 0.8771186440677966,
            "f1": 0.8306581059390048,
            "number": 1180
        },
        "counts": {
            "reals": {
                "O": 29
            },
            "preds": {
                "O": 29
            }
        }
    },
    "InstrumentType": {
        "metrics": {
            "precision": 0.432,
            "recall": 0.5200642054574639,
            "f1": 0.471959213401311,
            "number": 623
        },
        "counts": {
            "reals": {
                "O": 29
            },
            "preds": {
                "O": 29
            }
        }
    },
    "Objective": {
        "metrics": {
            "precision": 0.13962264150943396,
            "recall": 0.16818181818181818,
            "f1": 0.15257731958762885,
            "number": 220
        },
        "counts": {
            "reals": {
                "O": 29
            },
            "preds": {
                "O": 29
            }
        }
    },
    "Resource": {
        "metrics": {
            "precision": 0.75,
            "recall": 0.08181818181818182,
            "f1": 0.14754098360655737,
            "number": 110
        },
        "counts": {
            "reals": {
                "O": 29
            },
            "preds": {
                "O": 29
            }
        }
    },
    "Time": {
        "metrics": {
            "precision": 0.46875,
            "recall": 0.4326923076923077,
            "f1": 0.45,
            "number": 208
        },
        "counts": {
            "reals": {
                "O": 14,
                "B": 1,
                "I": 14
            },
            "preds": {
                "O": 14,
                "B": 1,
                "I": 14
            }
        }
    }
}