{
    "Actor": {
        "metrics": {
            "precision": 0.782016348773842,
            "recall": 0.8894628099173554,
            "f1": 0.832286128564524,
            "number": 968
        },
        "counts": {
            "reals": {
                "O": 53,
                "B": 5
            },
            "preds": {
                "O": 53,
                "B": 5
            }
        }
    },
    "InstrumentType": {
        "metrics": {
            "precision": 0.42224744608399545,
            "recall": 0.5794392523364486,
            "f1": 0.4885095206828628,
            "number": 642
        },
        "counts": {
            "reals": {
                "O": 58
            },
            "preds": {
                "O": 58
            }
        }
    },
    "Objective": {
        "metrics": {
            "precision": 0.16666666666666666,
            "recall": 0.22641509433962265,
            "f1": 0.19199999999999998,
            "number": 212
        },
        "counts": {
            "reals": {
                "O": 58
            },
            "preds": {
                "O": 58
            }
        }
    },
    "Resource": {
        "metrics": {
            "precision": 0.0,
            "recall": 0.0,
            "f1": 0.0,
            "number": 77
        },
        "counts": {
            "reals": {
                "O": 58
            },
            "preds": {
                "O": 58
            }
        }
    },
    "Time": {
        "metrics": {
            "precision": 0.4591194968553459,
            "recall": 0.45625,
            "f1": 0.4576802507836991,
            "number": 160
        },
        "counts": {
            "reals": {
                "O": 58
            },
            "preds": {
                "O": 58
            }
        }
    }
}